Date,Open,High,Low,AdjClose,Volume
1/2/2015,40.0668,40.7192,39.962,40.1536,32501460.56
1/5/2015,39.8167,40.1262,39.714,39.7826,46200404.19
1/6/2015,39.8255,40.1447,39.1076,39.1972,42442433.93
1/7/2015,39.4827,39.8957,39.0627,39.6975,33904918.54
1/8/2015,40.1447,41.0026,40.1176,40.8676,34521596.92
1/9/2015,40.8833,41.0629,40.2708,40.5217,27884480.33
1/12/2015,40.7192,40.8247,39.8069,40.0159,27543155.77
1/13/2015,40.3334,41.1382,39.5519,39.7969,41068072.85
1/14/2015,39.464,39.7073,39.1741,39.464,34606652.66
1/15/2015,39.6896,39.8255,38.9914,39.0537,38135292.79
1/16/2015,38.9081,39.7415,38.7902,39.7073,41568442.43
1/20/2015,39.757,40.059,39.1329,39.8352,32802237.83
1/21/2015,39.4465,39.6213,39.0537,39.431,44484193.33
1/22/2015,39.9192,40.4749,39.5696,40.4709,36168297.7
1/23/2015,40.6675,40.6917,40.1878,40.513,26996608.93
1/26/2015,40.3606,40.4709,39.7073,40.3686,49281821.14
1/27/2015,36.8816,37.0944,36.1508,36.6306,196988551.1
1/28/2015,36.7018,36.7458,35.3432,35.3687,102573840.3
1/29/2015,35.145,36.1675,35.0248,36.0729,74042617.21
1/30/2015,35.6782,35.7026,34.6487,34.6947,90833533.35
2/2/2015,34.8539,35.5258,34.5445,35.4467,58632139.53
2/3/2015,35.7465,36.0054,35.2419,35.7213,60649948.76
2/4/2015,36.0142,36.2457,35.5173,35.9273,48460824.51
2/5/2015,36.2536,36.6138,35.937,36.4508,42560489.37
2/6/2015,36.648,36.7458,36.193,36.4177,40312630.27
2/9/2015,36.272,36.7018,36.2457,36.3747,36541479.38
2/10/2015,36.7018,36.7282,36.2192,36.5788,34550879.14
2/11/2015,36.6218,36.6218,36.2457,36.3913,44556454.41
2/12/2015,36.6577,37.0016,36.5006,37.0016,38740678.45
2/13/2015,37.2477,37.6698,37.0525,37.6698,46729053.66
2/17/2015,38.0271,38.0547,37.3532,37.6855,38961550.82
2/18/2015,37.7314,37.7937,37.5252,37.6433,31349028.43
2/19/2015,37.4196,37.6433,37.2275,37.621,31914598.83
2/20/2015,37.621,37.9471,37.4354,37.9228,34365074.6
2/23/2015,37.7937,38.2138,37.7488,38.1778,37602217.34
2/24/2015,38.1778,38.3106,37.9822,38.1279,29221130.09
2/25/2015,38.0108,38.1279,37.8777,38.0458,34410291.52
2/26/2015,38.0458,38.2498,37.9561,38.1015,33483582.6
2/27/2015,38.169,38.2226,37.7576,37.9228,39088204.28
3/2/2015,37.7666,38.2138,37.662,37.9471,36914768.56
3/3/2015,37.6698,37.9051,37.2645,37.4286,36711945.09
3/4/2015,37.1949,37.366,37.0828,37.2362,29773948.85
3/5/2015,37.2447,37.3943,37.032,37.283,26819402.41
3/6/2015,37.1873,37.283,36.4508,36.6316,41915559.75
3/9/2015,36.485,37.2996,36.485,37.0573,37127417.62
3/10/2015,36.6228,36.9363,36.3473,36.3473,45281642.15
3/11/2015,36.5983,36.6414,36.1823,36.3082,37251604.71
3/12/2015,35.7417,36.018,35.2679,35.6292,69407379.24
3/13/2015,35.1986,35.8658,35.1195,35.7848,67076199.78
3/16/2015,35.8658,36.0104,35.6968,35.9419,40787786.28
3/17/2015,35.7758,36.1743,35.5853,36.0542,36624989.15
3/18/2015,35.8287,37.0398,35.7417,36.7574,51103779.09
3/19/2015,36.5387,36.8298,36.5104,36.5622,39175397.74
3/20/2015,36.8043,37.1698,36.7478,37.0828,83145521.79
3/23/2015,37.0992,37.2996,36.9958,37.0573,30349107.31
3/24/2015,36.9958,37.3369,36.9694,37.0992,29501750.43
3/25/2015,37.117,37.117,35.8374,35.8559,50265671.38
3/26/2015,35.647,35.9838,35.387,35.6391,43357393.51
3/27/2015,35.5601,35.8287,35.3089,35.4301,39779465.75
3/30/2015,35.5443,35.9244,35.3785,35.4223,40528998.86
3/31/2015,35.2679,35.4839,35.0581,35.1575,40341231.65
4/1/2015,35.1363,35.2512,34.8607,35.2161,42628551.77
4/2/2015,35.1623,35.235,34.6975,34.8421,43347909.88
4/6/2015,34.886,36.1303,34.7473,35.9244,45355531.1
4/7/2015,35.9419,36.2438,35.7251,35.9166,33312956.16
4/8/2015,35.8559,36.0542,35.4916,35.8208,28623166.09
4/9/2015,35.6734,35.9928,35.6734,35.8745,29744442.41
4/10/2015,35.8745,36.28,35.8111,36.0777,32402756.31
4/13/2015,35.8912,36.3737,35.7945,36.1129,35009819.92
4/14/2015,36.1481,36.3473,35.7945,36.018,28034478.89
4/15/2015,36.1129,36.7204,36.0455,36.5475,31588467.73
4/16/2015,36.28,36.6148,36.1656,36.4597,26028644.24
4/17/2015,36.0358,36.0943,35.5952,35.9928,49014168.48
4/20/2015,36.2008,37.3369,36.0455,37.0992,53257919.92
4/21/2015,37.1873,37.3171,36.779,36.8708,30079989.56
4/22/2015,36.9011,37.2996,36.7967,37.1787,28980308.63
4/23/2015,37.0917,37.7128,37.0144,37.4802,53549189
4/24/2015,39.4877,41.6324,39.4787,41.3968,151402882
4/27/2015,40.849,41.6225,40.8393,41.5357,68510519.74
4/28/2015,41.3199,42.5563,41.2543,42.5084,70224986.01
4/29/2015,42.1333,42.6452,41.9431,42.4286,55277907.83
4/30/2015,42.1169,42.8434,42.0271,42.0631,74844096.8
5/1/2015,42.0094,42.2741,41.8549,42.0711,45024475.43
5/4/2015,41.8299,42.2655,41.6666,41.7193,39360873.65
5/5/2015,41.3538,41.6499,40.9115,41.1646,58243440.87
5/6/2015,41.2848,41.312,39.7949,40.0249,60627680.72
5/7/2015,40.006,40.7143,39.9182,40.3871,38125741.59
5/8/2015,41.1284,41.4946,41.0952,41.2934,40893590.71
5/11/2015,41.1205,41.4323,40.9642,40.9642,28456652.32
5/12/2015,40.5149,41.2369,40.1447,40.9448,34606914.75
5/13/2015,41.6743,41.7868,41.1372,41.186,39528788
5/14/2015,41.5357,42.2225,41.5357,42.1333,38136779.37
5/15/2015,42.2898,42.2898,41.5533,41.7621,33120423.08
5/18/2015,41.4946,41.7017,41.1732,41.5202,27900535.85
5/19/2015,41.4476,41.6139,41.0677,41.4146,32828642.1
5/20/2015,41.2523,41.7203,41.143,41.4146,28776708.08
5/21/2015,41.1704,41.4313,40.9164,41.276,25746782.01
5/22/2015,41.1704,41.2162,40.7533,40.8257,29549416.33
5/26/2015,40.7612,40.8061,40.2063,40.5541,33964656.28
5/27/2015,40.7533,41.5806,40.5796,41.4391,31404949.37
5/28/2015,41.3441,41.7976,41.2523,41.3011,22154294.54
5/29/2015,41.2838,41.4057,40.5541,40.7894,41956023.09
6/1/2015,40.9604,41.5806,40.5796,41.1118,33130239.44
6/2/2015,40.8676,41.2162,40.5796,40.844,24697668.48
6/3/2015,41.2349,41.5533,40.7533,40.7798,32170670.06
6/4/2015,40.726,41.0484,40.2162,40.3548,31875869.84
6/5/2015,40.3012,40.4926,39.9017,40.1626,29224861.91
6/8/2015,40.3012,40.4134,39.753,39.8019,25414761.91
6/9/2015,39.8304,39.9867,39.5706,39.7356,28039146.48
6/10/2015,39.8567,40.7612,39.7708,40.5717,32647417.09
6/11/2015,40.6129,40.844,40.1536,40.423,31418915.27
6/12/2015,40.2288,40.4485,39.9496,40.014,27476286.12
6/15/2015,39.5617,39.7356,39.1866,39.5793,38204972.82
6/16/2015,39.5949,40.2444,39.429,39.8928,31100154.64
6/17/2015,39.8019,40.0998,39.4827,40.014,32977057.83
6/18/2015,40.225,40.7357,40.1887,40.6665,37520020.11
6/19/2015,40.726,40.7612,40.0325,40.1262,73340175.64
6/22/2015,40.3266,40.6665,40.179,40.2348,23342668.83
6/23/2015,40.1626,40.2816,39.7103,39.9591,29751583.54
6/24/2015,39.753,40.2444,39.6486,39.717,40084981.25
6/25/2015,40.05,40.0911,39.6038,39.7356,23684913.8
6/26/2015,39.8567,40.2816,39.1944,39.3919,57253980.09
6/29/2015,39.2021,39.3682,38.6123,38.6221,39155315.55
6/30/2015,38.9159,38.9239,38.2461,38.4317,41296438.54
7/1/2015,38.6982,39.3682,38.3867,38.6798,32563349.34
7/2/2015,38.7168,38.9484,38.3505,38.6475,24990140.54
7/6/2015,38.2656,38.7168,38.2558,38.6377,26462869.03
7/7/2015,38.5937,38.7258,37.7049,38.5588,41859863.03
7/8/2015,38.6798,39.0822,38.3251,38.5039,45708679.73
7/9/2015,38.9484,39.3605,38.7325,38.751,37251529.97
7/10/2015,39.1769,39.2922,38.7961,38.8322,29256685.25
7/13/2015,39.1436,39.7103,39.128,39.6408,32373099.37
7/14/2015,39.5617,40.006,39.4379,39.7103,26286349.49
7/15/2015,39.761,39.9398,39.5422,39.8304,30589294
7/16/2015,40.05,40.64,40.014,40.6129,30182557.7
7/17/2015,40.5178,40.7182,40.2631,40.5796,33853760.4
7/20/2015,40.604,41.0208,40.423,40.844,35191959.2
7/21/2015,40.7182,41.1968,40.4574,41.1519,49150685.4
7/22/2015,39.5519,40.852,39.3429,39.6408,67958197.54
7/23/2015,39.4005,40.2348,39.257,40.135,38985628.97
7/24/2015,39.9591,40.3187,39.8665,39.9867,37146523.09
7/27/2015,39.9867,40.05,39.3851,39.4738,45611602.33
7/28/2015,39.6741,39.7268,38.9836,39.464,39439318.59
7/29/2015,39.5177,40.7182,39.3919,40.2913,47041322.27
7/30/2015,40.2631,41.2602,39.977,40.8061,45699372.2
7/31/2015,41.1617,41.2349,40.4749,40.6489,35846235.25
8/3/2015,40.8931,40.9085,40.431,40.7444,27717350.23
8/4/2015,40.6908,41.526,40.6301,41.3796,38376613.87
8/5/2015,41.7641,42.1383,41.3796,41.4146,30972975.96
8/6/2015,41.526,41.5806,40.3266,40.5796,31441109.6
8/7/2015,40.3802,40.7182,40.2631,40.6819,22015726.91
8/10/2015,40.8676,41.3365,40.771,41.1968,26515600.78
8/11/2015,40.7533,40.8607,39.9496,40.3969,33586545.94
8/12/2015,40.2063,40.8257,39.7854,40.6819,34694036.55
8/13/2015,40.9604,40.9957,40.466,40.6752,25995625.09
8/14/2015,40.5004,40.9957,40.4926,40.9085,24670064.3
8/17/2015,40.7444,41.3011,40.5347,41.189,24240737.46
8/18/2015,41.0386,41.5562,40.9145,41.4166,26906062.46
8/19/2015,40.9859,41.2523,40.5668,40.8413,35935656.55
8/20/2015,40.3656,40.7143,40.006,40.006,41360104.67
8/21/2015,39.6916,39.8479,37.7371,37.7371,79954281.92
8/24/2015,35.4409,37.9461,34.8,36.5171,101296083.7
8/25/2015,37.2899,37.8846,35.387,35.4575,80597428.05
8/26/2015,36.8063,37.536,35.9741,37.4206,72370080.39
8/27/2015,37.8759,38.5039,37.6062,38.4658,58143505.98
8/28/2015,38.0271,38.6808,38.0185,38.4902,32239086.71
8/31/2015,38.163,38.4902,37.7636,38.1299,39309572.17
9/1/2015,36.948,37.3171,36.4987,36.6414,56711811.1
9/2/2015,37.1141,38.0108,36.695,37.9921,42995987.78
9/3/2015,38.036,38.5311,37.9208,38.1121,32283030
9/4/2015,37.5095,37.7088,36.9646,37.3369,42387879.78
9/8/2015,37.9364,38.5488,37.8505,38.456,37058964.12
9/9/2015,38.7344,38.9016,37.5975,37.7371,38199962.25
9/10/2015,37.7811,38.369,37.4569,37.9276,35799985.29
9/11/2015,37.7986,38.1894,37.6249,38.0948,30967405.37
9/14/2015,38.0547,38.0615,37.5535,37.7088,26999539.1
9/15/2015,37.8417,38.8056,37.7468,38.5311,32964406.51
9/16/2015,38.5227,38.886,38.4131,38.8154,26675511.95
9/17/2015,38.8056,39.426,38.623,38.7725,37399606.82
9/18/2015,38.1121,38.54,37.9649,38.0948,72068310.02
9/21/2015,38.2158,38.959,38.1992,38.6485,29877084.18
9/22/2015,38.0108,38.5937,37.9461,38.4658,32055557.08
9/23/2015,38.4902,38.6991,38.121,38.4385,19568544.77
9/24/2015,38.0702,38.664,37.9121,38.4747,31849768.63
9/25/2015,38.9677,39.1905,38.3419,38.499,33537816.29
9/28/2015,38.4043,38.623,37.8574,37.9276,31516258.87
9/29/2015,38.0009,38.1709,37.7188,38.0615,37394293.2
9/30/2015,38.4483,38.8154,38.2538,38.7813,39899871.88
10/1/2015,39.2061,39.2061,38.3321,39.086,32708291.26
10/2/2015,38.7902,39.9261,38.4823,39.9261,47752523.62
10/5/2015,40.0765,41.0855,40.0422,40.8588,39226026.57
10/6/2015,40.592,41.3297,40.4955,40.9584,31399175.04
10/7/2015,41.2691,41.4868,40.2562,41.0034,31628231.8
10/8/2015,40.7951,41.6265,40.7416,41.5738,38546130.5
10/9/2015,41.5738,41.6529,41.1108,41.277,32639353.49
10/12/2015,41.1617,41.2437,40.7416,41.18,22562310.61
10/13/2015,40.7951,41.2924,40.7951,41.0855,22812873.7
10/14/2015,40.8755,41.2691,40.768,40.8986,28188549.18
10/15/2015,41.189,41.2066,40.768,41.189,31032235.57
10/16/2015,41.1968,41.6529,41.0932,41.6265,30188785.59
10/19/2015,41.5464,41.9516,41.1968,41.7241,33541219.47
10/20/2015,41.564,41.8893,41.1968,41.8539,35155819.45
10/21/2015,41.984,42.0455,41.277,41.3538,28835611.4
10/22/2015,41.644,42.8875,41.2611,42.0808,64642068.25
10/23/2015,45.8236,47.3735,45.7788,46.3238,154339979.5
10/26/2015,46.0258,47.5933,45.9974,47.5319,73768566.72
10/27/2015,47.3045,47.6392,46.9448,47.0405,58208221.52
10/28/2015,46.9078,47.2975,46.3149,47.2975,53643775.45
10/29/2015,46.9078,47.1607,46.6285,46.7535,34470747.98
10/30/2015,46.7164,47.3045,46.1008,46.1185,53208925.11
11/2/2015,46.3051,46.7535,46.1008,46.6449,34564773.38
11/3/2015,46.3765,47.6568,46.3499,47.445,41769534.63
11/4/2015,47.4694,48.0839,47.3638,47.6638,42327289.21
11/5/2015,47.7419,47.9265,47.3132,47.647,35916142.57
11/6/2015,47.3825,48.1727,47.2788,48.12,37494384.73
11/9/2015,47.7946,48.074,46.9263,47.4519,37108463.68
11/10/2015,47.3735,47.4293,46.6724,46.8823,63097377.64
11/11/2015,47.0502,47.4869,46.8413,47.0064,41677400.22
11/12/2015,46.859,47.2975,46.6019,46.7164,40358923.23
11/13/2015,46.4964,46.6919,46.0258,46.2953,42056207.78
11/16/2015,46.5054,47.2164,46.3051,47.102,36711313.39
11/17/2015,46.898,47.2173,46.6177,46.7231,35769502.14
11/18/2015,46.7507,47.6139,46.7318,47.4987,33682136.76
11/19/2015,47.6238,48.2117,47.439,47.5799,31912660.75
11/20/2015,47.8533,47.8973,46.979,47.7996,42114124.15
11/23/2015,47.8533,48.0378,47.4127,47.7996,32010956.49
11/24/2015,47.5612,48.0214,47.2623,47.8533,25434938.29
11/25/2015,47.7095,47.8347,47.357,47.357,23813417.3
11/27/2015,47.4549,47.6999,47.4469,47.5709,10213588.48
11/30/2015,48.109,48.4793,47.6336,47.9401,63760704.24
12/1/2015,47.9929,48.7158,47.8973,48.7068,45294232.04
12/2/2015,48.7977,49.3604,48.5654,48.6979,53592742.22
12/3/2015,48.9453,49.1934,47.5709,47.8094,43791615.22
12/4/2015,47.737,49.5996,47.7195,49.3164,49841402.2
12/7/2015,49.2108,49.3691,48.7705,49.2286,34815494.14
12/8/2015,48.9267,49.4834,48.5057,49.2108,37273719.18
12/9/2015,48.8427,49.2833,48.0809,48.4967,41236190.95
12/10/2015,48.8592,49.0857,48.5234,48.7528,36024127.73
12/11/2015,48.2548,48.6013,47.6432,47.6833,44837038.92
12/14/2015,47.9226,48.6979,47.3484,48.6365,53286905.24
12/15/2015,49.0936,49.3086,48.5924,48.6883,45169774.67
12/16/2015,48.9902,49.6095,48.3015,49.5119,42517379.46
12/17/2015,49.7119,50.0907,48.9823,49.1317,46800032.92
12/18/2015,49.1934,49.3965,47.6598,47.7459,96006106.88
12/21/2015,48.4109,48.823,47.8347,48.3641,42226019.27
12/22/2015,48.5057,48.9353,48.0721,48.823,32107511.75
12/23/2015,49.1317,49.2909,48.8994,49.2384,30927025.98
12/24/2015,49.2745,49.3604,48.8925,49.1025,10849484.94
12/28/2015,48.823,49.3515,48.4967,49.3515,25460898.22
12/29/2015,49.6535,50.1476,49.4452,49.8809,31439008.73
12/30/2015,49.8134,50.0831,49.6505,49.6689,17966497.82
12/31/2015,49.4298,49.5636,48.8847,48.9353,27669721.19
1/4/2016,47.9147,48.3376,47.0941,48.3376,55952581.41
1/5/2016,48.4519,48.8592,48.109,48.5564,36803727.31
1/6/2016,47.9147,47.985,47.3149,47.6755,41797111.17
1/7/2016,46.483,47.1755,45.9329,46.0178,60030126.24
1/8/2016,46.1948,46.9985,45.9994,46.1565,51670937.43
1/11/2016,46.3178,46.6177,45.3928,46.1305,41883025.89
1/12/2016,46.5356,46.8394,45.9242,46.554,39233109.34
1/13/2016,47.4549,47.6911,45.2532,45.5509,71657733.38
1/14/2016,45.8667,47.1178,45.4876,46.8481,54243816.79
1/15/2016,45.2592,45.8411,44.4033,44.9789,78653907.06
1/19/2016,45.4105,45.5863,44.1564,44.596,49388944.24
1/20/2016,44.0841,45.3205,43.3094,44.7999,70542202.72
1/21/2016,44.9865,45.4955,44.3703,44.5266,42765236.6
1/22/2016,45.3469,46.1565,45.215,46.1205,38339081.72
1/25/2016,45.8149,46.4447,45.5587,45.6792,36849119.3
1/26/2016,45.6792,46.2543,45.4738,46.0178,31895966.37
1/27/2016,45.8752,46.0463,45.004,45.1809,38428645.33
1/28/2016,45.7424,46.054,45.2073,45.9195,59911762.63
1/29/2016,48.2742,48.5654,47.6336,48.5485,77501612.12
2/1/2016,48.4109,48.5924,48.0681,48.2548,46443881.43
2/2/2016,47.7799,47.862,46.4447,46.7507,58016548.45
2/3/2016,46.9705,47.0941,45.215,46.0081,62876819.59
2/4/2016,45.9585,46.5816,45.3108,45.8667,48094364.19
2/5/2016,45.8149,45.8667,43.7139,44.2441,66137531.65
2/8/2016,43.7049,43.7226,42.5056,43.582,63050502.13
2/9/2016,43.242,44.3167,42.9306,43.4678,47557506.76
2/10/2016,44.0049,44.4472,43.6817,43.8476,40304754.04
2/11/2016,42.9393,44.2012,42.7897,43.8301,50972036.23
2/12/2016,44.3252,44.7052,43.8848,44.544,35286712.54
2/16/2016,45.219,45.3898,44.5353,45.3898,37069309.8
2/17/2016,45.7424,46.8794,45.7073,46.5698,42831645.53
2/18/2016,46.4884,47.0405,46.2847,46.3659,28459423.79
2/19/2016,46.1694,46.4486,45.7788,46.0385,30263446.5
2/22/2016,46.4486,47.0864,46.4486,46.7759,26307607.02
2/23/2016,46.4974,46.524,45.2893,45.4718,29054547.73
2/24/2016,45.0355,45.7522,44.596,45.6283,34993529.95
2/25/2016,45.9595,46.2847,44.9631,46.2847,29320702.54
2/26/2016,46.7299,46.8023,45.3988,45.5756,37552551.93
2/29/2016,45.6195,45.8861,45.008,45.2024,29395317.38
3/1/2016,45.2795,46.7212,45.2376,46.7114,34001871.04
3/2/2016,46.56,47.0502,46.3355,47.0405,30011162.37
3/3/2016,47.0601,47.0601,46.0014,46.5063,26104080.18
3/4/2016,46.5503,46.595,45.9427,46.223,35663069.08
3/7/2016,45.807,46.0198,44.9347,45.3351,42427195.42
3/8/2016,45.1291,46.3129,44.9493,45.8861,36409779.52
3/9/2016,46.097,46.9517,46.0676,46.9438,28462792.15
3/10/2016,47.0211,47.0308,45.4526,46.2396,43209897.16
3/11/2016,47.0864,47.147,46.5318,47.147,34101174.23
3/14/2016,46.8286,47.6099,46.7574,47.2368,27108887.99
3/15/2016,46.8648,47.6099,46.8561,47.6099,23755839.82
3/16/2016,47.484,48.5077,47.442,48.282,35672707.31
3/17/2016,48.1628,48.8642,47.9735,48.5584,31769303.69
3/18/2016,48.7928,48.8377,47.4801,47.5192,76120311.61
3/21/2016,47.3083,47.9118,47.0211,47.8504,26931150.1
3/22/2016,47.6287,48.1959,47.4938,48.0358,26028885.86
3/23/2016,48.0711,48.1873,47.7429,47.946,22657526.71
3/24/2016,47.8318,48.2643,47.7341,48.1628,22455992.22
3/28/2016,48.1628,48.2294,47.3775,47.565,17250269.52
3/29/2016,47.6715,48.7391,47.484,48.6043,24873522.54
3/30/2016,48.8006,49.4288,48.7734,48.9043,24236992.33
3/31/2016,48.8183,49.3857,48.7391,49.0645,26410923.57
4/1/2016,48.9043,49.4042,48.4813,49.3682,25695836.83
4/4/2016,49.2449,49.4452,48.8642,49.2449,19380850.25
4/5/2016,49.033,49.1287,48.3836,48.4716,19400813.68
4/6/2016,48.2919,49.0398,48.1628,48.9696,22202132.44
4/7/2016,48.7478,48.7831,48.1787,48.3836,18623156.3
4/8/2016,48.5684,49.1093,48.2548,48.3485,24306494.22
4/11/2016,48.4109,48.995,48.237,48.2458,22243874.53
4/12/2016,48.3015,48.6639,47.7594,48.5505,26780233.18
4/13/2016,48.9696,49.2518,48.7646,49.1737,20540674.35
4/14/2016,49.0547,49.373,48.9218,49.1816,21654361.11
4/15/2016,49.1287,49.6787,48.9601,49.4365,28810878.01
4/18/2016,49.2987,50.2735,49.0477,50.1593,24907624.9
4/19/2016,50.3096,50.4347,49.4649,50.0957,29397125.44
4/20/2016,50.0079,50.1954,49.2938,49.3857,38672045.78
4/21/2016,49.5722,49.9532,49.2315,49.5548,38386180.43
4/22/2016,46.1135,46.5787,45.1046,46.0014,136942908.9
4/25/2016,46.0014,46.3129,45.8677,46.2933,35129646.56
4/26/2016,46.4321,46.5063,45.3898,45.6976,36670209.14
4/27/2016,45.733,45.7522,44.9065,45.2552,45246828.24
4/28/2016,44.9729,45.1046,44.0284,44.332,43907457.17
4/29/2016,43.8417,44.6417,43.8417,44.3147,48717033.95
5/2/2016,44.4202,45.0873,44.2247,44.9631,35978868.83
5/3/2016,44.7236,44.7854,44.0645,44.2247,27555785.59
5/4/2016,44.2776,44.4728,43.9432,44.3047,25495042.56
5/5/2016,44.3047,44.6886,44.1807,44.3693,26127579.88
5/6/2016,44.3506,44.7668,44.1172,44.7668,26101339.42
5/9/2016,44.8557,44.9395,44.4202,44.4826,18229441.94
5/10/2016,44.7158,45.3988,44.5871,45.3254,24059188.92
5/11/2016,45.4231,46.0014,45.3069,45.3529,21427974.46
5/12/2016,45.4867,46.0298,45.2376,45.761,25707714.14
5/13/2016,45.6976,46.1008,45.344,45.38,22971859.33
5/16/2016,45.1291,46.1595,45.0873,46.0483,16339922.24
5/17/2016,46.269,46.2778,45.0538,45.1887,27764893.26
5/18/2016,45.1593,45.7503,45,45.4574,21236982.23
5/19/2016,45.1496,45.2835,44.5664,45.0187,25938154.08
5/20/2016,45.1593,45.8226,45.088,45.2835,24128860.76
5/23/2016,45.2676,45.339,44.7158,44.758,25105054.9
5/24/2016,45.3569,46.2601,45.088,46.1516,35140602.44
5/25/2016,46.4515,46.9577,46.3325,46.644,23188112.23
5/26/2016,46.4604,46.5004,45.9486,46.4254,25589639.25
5/27/2016,46.4515,46.7994,46.3149,46.7994,15546606.58
5/31/2016,46.7535,47.4166,46.5893,47.4166,35996459.05
6/1/2016,46.9118,47.3687,46.9118,47.2906,24342155.85
6/2/2016,47.0932,47.1805,46.3735,46.9498,24779586.21
6/3/2016,46.862,46.894,46.1605,46.3325,24100025.95
6/6/2016,46.5103,46.8345,46.4254,46.6344,18511818.13
6/7/2016,46.7348,47.1705,46.6088,46.6088,20306996.07
6/8/2016,46.5356,46.9118,46.4058,46.554,22413354.3
6/9/2016,46.5191,46.5191,46.0637,46.1791,21211620.21
6/10/2016,45.6693,46.564,45.6603,46.056,26880675.87
6/13/2016,44.3575,45.3714,43.8924,44.8567,89262068.87
6/14/2016,44.6407,44.8205,44.3477,44.5763,46591118.75
6/15/2016,44.5333,44.838,44.4541,44.4541,31747693.97
6/16/2016,44.3008,45.1496,44.2889,45.0804,32274964.36
6/17/2016,45.0978,45.1144,44.5664,44.8467,46673982.49
6/20/2016,45.3011,45.4758,44.758,44.7931,37285208.46
6/21/2016,44.9075,46.0101,44.8733,45.7952,34979231.31
6/22/2016,45.6946,46.0385,45.5844,45.6264,27656812.89
6/23/2016,45.8752,46.5738,45.759,46.4427,29273973.44
6/24/2016,44.5568,45.5717,44.3008,44.5763,70376549.99
6/27/2016,43.9288,43.9668,42.9736,43.3272,55375957.87
6/28/2016,43.7627,44.2578,43.538,44.2296,39743905.48
6/29/2016,44.6507,45.3752,44.5509,45.214,30555985.1
6/30/2016,45.3752,45.8949,45.179,45.7769,29226586.02
7/1/2016,45.7404,46.269,45.685,45.7679,22258546.86
7/5/2016,45.4758,45.8752,45.3948,45.7769,26343690.46
7/6/2016,45.4279,46.1057,45.0804,45.9671,29344697.77
7/7/2016,46.0014,46.1703,45.685,45.9671,20051713.18
7/8/2016,46.2778,46.8433,46.1145,46.7916,30127754.77
7/11/2016,46.9675,47.2633,46.9408,47.0482,20278341.45
7/12/2016,47.36,47.7713,47.2233,47.6022,29119277.6
7/13/2016,47.9156,48.1845,47.5769,47.8717,26698568.33
7/14/2016,48.1677,48.2995,47.9325,48.076,24229211.31
7/15/2016,48.2615,48.3094,47.6022,48.0418,33253194.87
7/18/2016,48.0418,48.6131,47.907,48.2712,30775427.19
7/19/2016,48.0514,48.2176,47.3514,47.4948,51093982.17
7/20/2016,50.2354,50.8487,49.6767,50.0187,95651717.38
7/21/2016,50.0802,50.3048,49.8839,49.9179,34622279.19
7/22/2016,50.1711,50.6595,49.9005,50.6096,33243779.84
7/25/2016,50.5178,50.7619,50.3263,50.7531,25368871.31
7/26/2016,50.5657,51.2523,50.5558,50.7787,28730620.91
7/27/2016,50.6426,50.8128,50.1974,50.2676,34155114.08
7/28/2016,50.0977,50.4308,49.8478,50.2864,40503553.91
7/29/2016,50.3313,50.7787,50.1446,50.7073,31655423.39
8/1/2016,50.6349,50.7699,50.2257,50.6186,27458551.54
8/2/2016,50.8576,50.9045,50.3752,50.6186,35314018.79
8/3/2016,50.7073,51.0921,50.5363,50.9652,23166361.22
8/4/2016,50.8128,51.4574,50.6974,51.3421,28074350.46
8/5/2016,51.5766,52.0747,51.3957,51.852,29641059.31
8/8/2016,51.9378,51.9634,51.6897,51.9428,19939590.77
8/9/2016,52.0394,52.3355,51.9078,52.067,18436705.72
8/10/2016,52.0307,52.1744,51.7258,51.9078,16407342.7
8/11/2016,51.9165,52.2906,51.9165,52.1558,17774612.82
8/12/2016,51.9165,52.0581,51.5482,51.8335,22549791.36
8/15/2016,51.8978,52.3355,51.852,51.9937,19102911.29
8/16/2016,51.8608,51.8695,51.5552,51.7074,19349355.56
8/17/2016,51.7983,51.9253,51.518,51.8167,19460831.94
8/18/2016,51.6878,51.9428,51.5552,51.851,13688242.68
8/19/2016,51.6976,51.9682,51.4914,51.8695,17570693.85
8/22/2016,51.851,51.9837,51.5453,51.9155,15761577.65
8/23/2016,52.1195,52.3737,52.0757,52.1118,18739277.74
8/24/2016,52.0307,52.2465,51.9557,52.1664,18224564.47
8/25/2016,52.1031,52.4732,52.0122,52.3647,17832291.65
8/26/2016,52.4644,52.8423,51.9348,52.2465,20903457.11
8/29/2016,52.3737,52.7505,52.3022,52.3022,14124039.03
8/30/2016,52.1948,52.3835,51.8608,52.1118,17765126.12
8/31/2016,51.8968,52.0307,51.5814,51.7248,21248166.42
9/1/2016,51.3188,52.0484,51.3188,51.8325,25970151.47
9/2/2016,51.9155,52.3835,51.6878,51.9155,19764023.38
9/6/2016,52.0122,52.0307,51.5014,51.8608,16646716.49
9/7/2016,51.7337,52.067,51.6733,51.9068,18298765.69
9/8/2016,51.8775,52.021,51.473,51.6976,20015467.97
9/9/2016,51.1204,51.7797,50.6017,50.6017,34698131.82
9/12/2016,50.4114,51.4964,50.0597,51.3567,27425159.72
9/13/2016,50.8595,50.9974,50.4553,50.8869,31768307.52
9/14/2016,50.7629,50.9778,50.4367,50.6436,22569407.72
9/15/2016,50.546,51.6254,50.3929,51.4818,23301243.1
9/16/2016,51.8775,51.8775,51.0882,51.5355,43793093.62
9/19/2016,51.5552,51.9837,51.1761,51.2484,21695070.17
9/20/2016,51.6254,51.6254,51.0882,51.1378,17815353.61
9/21/2016,51.7698,52.0757,51.3831,51.9937,35659016.81
9/22/2016,52.1392,52.2123,51.8775,52.0484,20511226.27
9/23/2016,52.0933,52.1295,51.6516,51.6976,20918212.38
9/26/2016,51.3831,51.4378,51.1577,51.221,22205518.21
9/27/2016,51.2484,52.2632,51.0246,52.1664,26348722.53
9/28/2016,52.1031,52.2632,51.9155,52.2388,20857732.38
9/29/2016,52.0394,52.3627,51.5014,51.6693,26737129.41
9/30/2016,51.8237,52.0024,51.6165,51.851,22039693.47
10/3/2016,51.6733,51.808,51.3657,51.6878,20716645.13
10/4/2016,51.5552,51.8471,51.2834,51.5276,21321948.89
10/5/2016,51.5736,52.1753,51.5453,51.8871,16846345.65
10/6/2016,51.975,52.0853,51.5649,51.975,17175659.8
10/7/2016,52.0757,52.1948,51.6878,52.0307,21077370.02
10/10/2016,52.1295,52.5612,52.0933,52.2465,18888419.36
10/11/2016,52.1118,52.2311,51.2113,51.4818,26662395.81
10/12/2016,51.4115,51.5552,50.7719,51.4115,23152386.1
10/13/2016,51.0423,51.5814,50.6934,51.2385,25952347.27
10/14/2016,51.4203,51.975,51.4203,51.6878,28706781.31
10/17/2016,51.6341,51.7248,51.1946,51.5103,24139080.52
10/18/2016,51.7896,52.1615,51.6782,51.9068,20277864.35
10/19/2016,51.7337,52.067,51.6645,51.7896,23925499.78
10/20/2016,51.7602,51.7797,51.0071,51.5355,46793446.7
10/21/2016,54.2616,54.4179,53.5504,53.7048,85275893.67
10/24/2016,53.9619,54.9112,53.9521,54.9112,56480862.32
10/25/2016,54.7784,55.2452,54.7324,54.9013,37083752.81
10/26/2016,54.7412,55.0917,54.4364,54.5791,31026170.48
10/27/2016,54.5594,54.7597,54.0897,54.0995,30381170.22
10/28/2016,54.0222,54.4786,53.6316,53.8963,35322106.95
10/31/2016,54.1533,54.3924,53.9422,53.9422,29365596.97
11/1/2016,53.9882,54.031,53.3365,53.8298,27253037.47
11/2/2016,53.8485,53.9521,53.3805,53.5015,24602513.81
11/3/2016,53.5906,53.6863,53.2088,53.3004,23995335.44
11/4/2016,52.7964,53.362,52.6793,52.8502,31878745.75
11/7/2016,53.8124,54.4786,53.8124,54.3924,31627438.34
11/8/2016,54.5068,54.7129,54.1445,54.4364,23922479.52
11/9/2016,54.0136,54.5409,53.2907,54.1629,52020136.18
11/10/2016,54.4442,54.4541,51.8775,52.8423,61757968.69
11/11/2016,52.4186,53.2137,52.2212,53.1296,38704589.89
11/14/2016,53.1296,53.1851,51.5649,52.3178,45910639.1
11/15/2016,52.8609,53.916,52.8492,53.3523,39617292.97
11/16/2016,53.4138,54.0672,49.1845,54.0585,27847806.15
11/17/2016,54.749,55.2382,54.3455,54.9551,33522939.19
11/18/2016,55.0841,55.4104,54.6475,54.6923,29121517.72
11/21/2016,54.8291,55.2559,54.7578,55.1542,20105131.91
11/22/2016,55.2657,55.5197,55.1065,55.3829,18722069.41
11/23/2016,55.292,55.3731,54.6024,54.7392,22933549.08
11/25/2016,54.6475,54.8565,54.4941,54.8565,8768157.022
11/28/2016,54.6825,55.3009,54.5663,54.9298,21470223.34
11/29/2016,54.9648,55.6544,54.8475,55.3634,23148777.14
11/30/2016,55.1542,55.4454,54.5712,54.6112,33590298.23
12/1/2016,54.4746,54.5126,53.4088,53.6492,35025373.77
12/2/2016,53.5447,53.8983,53.2878,53.6959,26600609.42
12/5/2016,54.1023,54.9052,53.9803,54.5762,24836505.38
12/6/2016,54.7665,54.7939,54.1952,54.3319,20163952.31
12/7/2016,54.3886,55.6281,54.1952,55.6195,31282250.92
12/8/2016,55.5558,55.8049,55.1369,55.292,22913642.99
12/9/2016,55.4454,56.1798,55.3955,56.1625,27847765.19
12/12/2016,56.0246,56.4601,55.9376,56.344,21800159.97
12/13/2016,56.641,57.4761,56.4056,57.0757,36863208.06
12/14/2016,57.0951,57.5015,56.6684,56.8157,28204570.91
12/15/2016,56.8245,57.2339,56.4601,56.7132,28481367.29
12/16/2016,57.0512,57.0512,56.2941,56.4601,41968934.46
12/19/2016,56.6965,57.7935,56.5706,57.6598,31431023.97
12/20/2016,57.7203,57.8219,57.1166,57.5843,23992231.22
12/21/2016,57.4837,57.7299,57.2023,57.5941,16762557.4
12/22/2016,57.8549,58.0943,57.4624,57.5941,23530827.14
12/23/2016,57.5015,57.5843,56.9146,57.3129,13248737.04
12/27/2016,57.2846,58.0651,57.2846,57.352,12319172.7
12/28/2016,57.4574,57.4574,56.9408,57.0853,14785140.87
12/29/2016,56.9691,57.2759,56.8501,57.0052,10910608.93
12/30/2016,57.0591,57.0853,56.2133,56.3176,28225356.46
1/3/2017,56.9056,56.9496,56.3041,56.7132,21858595.41
1/4/2017,56.6234,56.8675,56.2991,56.4601,18612206.56
1/5/2017,56.3608,56.7873,56.2133,56.4601,23564004.98
1/6/2017,56.4601,57.2309,56.2229,56.9496,19392406.09
1/9/2017,56.8763,57.1694,56.6773,56.7698,20516586.98
1/10/2017,56.8501,57.1595,56.4427,56.7503,18798105.3
1/11/2017,56.7415,57.3031,56.5785,57.2681,22545184.18
1/12/2017,57.1507,57.4574,56.1456,56.7415,22774744.67
1/13/2017,56.7503,56.973,56.506,56.8245,20383293.04
1/17/2017,56.807,56.8245,56.2133,56.6684,20204765.79
1/18/2017,56.7973,56.8245,56.2991,56.641,19699738.86
1/19/2017,56.4056,57.0757,56.3654,56.4601,19988791.37
1/20/2017,56.7973,56.9309,56.5258,56.8578,30122177.01
1/23/2017,56.8245,57.1994,56.7053,57.0591,23791777.88
1/24/2017,57.2759,57.7632,57.0423,57.5611,23224298.06
1/25/2017,57.9565,58.0943,57.5015,57.7105,24959005.21
1/26/2017,58.1138,58.4861,57.5941,58.2457,41194416.1
1/27/2017,59.2605,59.7323,58.8092,59.6161,47992476.89
1/30/2017,59.5321,59.6258,58.7282,59.0261,33783384.17
1/31/2017,58.7819,59.0448,58.2369,58.5894,23784759.61
2/1/2017,58.3247,58.5641,57.5191,57.6225,41845283.86
2/2/2017,57.3227,57.4674,56.8675,57.2492,47500932.62
2/3/2017,57.5464,57.7299,57.1595,57.7105,33435534.82
2/6/2017,57.5464,57.684,57.2222,57.6781,19182981.03
2/7/2017,57.7661,57.8032,57.3031,57.4837,21063192.18
2/8/2017,57.6138,57.8296,57.2943,57.4036,18787738.12
2/9/2017,57.566,58.3952,57.3862,58.0553,23995847.35
2/10/2017,58.227,58.273,57.9772,58.0005,18865666.03
2/13/2017,58.2184,58.7819,58.1226,58.6531,23782075.16
2/14/2017,58.7282,59.0095,58.3707,58.8728,20323536.87
2/15/2017,58.8102,58.8728,58.4947,58.8356,17253845.71
2/16/2017,59.028,59.4842,58.7566,58.8278,22030125.89
2/17/2017,58.7829,58.9812,58.6267,58.9156,21760045.75
2/21/2017,58.907,59.2195,58.7644,58.8016,20325388.96
2/22/2017,58.6531,58.7087,58.3972,58.6813,20043444.83
2/23/2017,58.738,59.0182,58.5328,58.9156,21231084.01
2/24/2017,58.8356,59.0857,58.4753,58.9156,23458050.05
2/27/2017,58.8455,58.8455,58.3932,58.5631,17055167.68
2/28/2017,58.4244,58.5366,58.1362,58.3365,23794167.47
3/1/2017,58.4713,59.2556,58.3726,59.1823,24507040.73
3/2/2017,58.9812,59.0378,58.2437,58.362,26210397.54
3/3/2017,58.3444,58.6082,58.0063,58.5806,19577549.25
3/6/2017,58.3276,58.8639,58.1801,58.5993,18562158.24
3/7/2017,58.5281,59.0623,58.5281,58.7185,18287363.42
3/8/2017,58.5894,59.3426,58.5806,59.2556,22348787.21
3/9/2017,59.4375,59.447,58.7927,59.0182,21056358.2
3/10/2017,59.366,59.5027,59.0378,59.202,20083165.89
3/13/2017,59.3943,59.4423,58.8728,58.9998,22045111.51
3/14/2017,58.8356,58.8542,58.49,58.7282,15662093.25
3/15/2017,58.8542,59.1921,58.5806,59.0378,27236972.74
3/16/2017,59.0378,59.0477,58.6267,58.9353,22674942.88
3/17/2017,59.1823,59.4842,58.9714,59.1473,47531521.23
3/20/2017,59.1823,59.4247,59.0095,59.202,16010735.04
3/21/2017,59.4375,59.7205,58.4713,58.5455,29218476.36
3/22/2017,58.4624,59.3943,58.4624,59.2898,22681214.79
3/23/2017,59.2097,59.4794,59.0524,59.1473,21133882.73
3/24/2017,59.3758,59.6748,59.0477,59.2459,23935048.93
3/27/2017,58.9256,59.4646,58.6715,59.3562,18805765.51
3/28/2017,59.2273,59.6922,58.9441,59.5281,20556683.79
3/29/2017,59.3758,59.7205,59.2166,59.6922,14096172.75
3/30/2017,59.6473,60.1592,59.5936,59.915,16328753.41
3/31/2017,59.8603,60.3494,59.6748,60.0488,21910024.86
4/3/2017,60.0019,60.122,59.4375,59.7646,22375059.41
4/4/2017,59.6219,60.0019,59.5194,59.9314,13858853.77
4/5/2017,60.4492,60.4961,59.6708,59.7743,22578081.5
4/6/2017,59.8125,60.2285,59.7021,59.9314,19104780.79
4/7/2017,60.0389,60.1406,59.6669,59.8865,15473813.11
4/10/2017,59.8223,60.0116,59.5936,59.747,17028262.76
4/11/2017,59.8125,59.8223,59.1294,59.7021,20609986.83
4/12/2017,59.6473,59.7303,59.366,59.4745,18070316.04
4/13/2017,59.5281,60.0488,59.2195,59.2195,18437051.77
4/17/2017,59.2995,59.7119,59.2724,59.7021,15955328.06
4/18/2017,59.5663,59.915,59.4119,59.6219,15974232.86
4/19/2017,59.8603,59.9472,59.1648,59.2995,23775785.84
4/20/2017,59.6833,59.9472,59.3943,59.7205,22798210.58
4/21/2017,59.877,60.8155,59.6748,60.5431,34305180.21
4/24/2017,61.5276,61.6886,61.1797,61.5734,32600939.84
4/25/2017,61.9106,62.0354,61.636,61.9289,33155709.99
4/26/2017,62.0706,62.2824,61.6525,61.8448,28699883.84
4/27/2017,62.136,62.345,61.6193,62.2473,37672635.55
4/28/2017,62.8293,63.0405,61.7161,62.4205,43375950.21
5/1/2017,62.6196,63.4118,62.4565,63.2855,35017132.03
5/2/2017,63.5591,63.5591,63.0307,63.186,25807578.38
5/3/2017,63.2613,63.2613,62.6471,62.9859,31698984.8
5/4/2017,62.9399,62.9859,62.5833,62.7386,23784586.58
5/5/2017,62.8208,62.9399,62.4445,62.9116,20979869.77
5/8/2017,62.8841,62.9565,62.3831,62.8571,20349380.09
5/9/2017,62.7855,63.1664,62.6196,62.9486,25056167.59
5/10/2017,62.9019,63.4204,62.8371,63.1949,19669951.9
5/11/2017,62.3276,62.6655,62.1086,62.4205,31555469.05
5/12/2017,62.5551,62.5551,62.0354,62.345,19028998.8
5/15/2017,62.1262,62.4396,61.6103,62.3929,33957947.2
5/16/2017,62.5659,63.6783,62.5034,63.651,38102597.16
5/17/2017,63.1713,63.365,61.8332,61.8792,33255783.09
5/18/2017,61.805,62.4748,61.5685,62.0872,27482469.98
5/19/2017,61.8976,62.4445,61.8332,62.0696,29340884.05
5/22/2017,62.2562,62.8161,61.8976,62.768,17683979.32
5/23/2017,63.0171,63.0435,62.7046,62.98,16820321.22
5/24/2017,63.1529,63.1624,62.768,63.062,15993460.16
5/25/2017,63.2466,64.0798,63.19,63.8395,23815715.77
5/26/2017,64.0075,64.3924,63.7467,64.1519,21500509.92
5/30/2017,63.9986,64.5642,63.9802,64.5642,18601474.9
5/31/2017,64.6765,64.8663,64.0163,64.0425,33204793.88
6/1/2017,64.4109,64.7509,63.6892,64.281,23527312.37
6/2/2017,64.5925,65.8946,64.4109,65.7959,37771908.02
6/5/2017,65.9951,66.841,65.8477,66.2802,36319885.22
6/6/2017,66.299,66.5928,66.2715,66.5,34358567.21
6/7/2017,66.6055,66.7295,65.9765,66.38,24299574.23
6/8/2017,66.4903,66.5,65.5644,65.9765,26676561.36
6/9/2017,66.0558,66.0976,62.8949,64.4822,53592420.74
6/12/2017,63.5034,64.1334,62.4748,63.9889,52041071.21
6/13/2017,64.2076,64.9422,64.1519,64.7878,27543206.96
6/14/2017,65.0252,65.199,63.6685,64.4372,27790587
6/15/2017,63.5221,64.3844,63.0895,64.0981,28417485.13
6/16/2017,63.9439,64.2126,63.4752,64.189,52648221.94
6/19/2017,64.648,65.0565,64.5094,64.988,25759381.12
6/20/2017,64.9422,64.988,64.0702,64.1071,23458385.86
6/21/2017,64.3844,64.7595,64.1334,64.4372,21691566.66
6/22/2017,64.6861,64.733,63.9264,64.4283,24648054.26
6/23/2017,64.2722,65.3358,64.115,65.2999,29522572.85
6/26/2017,65.4735,65.7596,64.5973,64.6765,21274651.57
6/27/2017,64.2896,64.3553,63.436,63.4654,27496767.6
6/28/2017,63.4654,64.0435,63.0795,64.0075,28139441.74
6/29/2017,63.6217,63.7213,62.4396,62.8062,31514944.29
6/30/2017,63.0697,63.6217,63.0346,63.2094,26336689.6
7/3/2017,63.5759,63.8199,62.3745,62.5122,17628827.27
7/5/2017,62.5893,63.6783,62.5561,63.3452,23080585.74
7/6/2017,62.6021,63.0697,62.4664,62.8773,23019030.73
7/7/2017,62.9993,64.0425,62.9993,63.6959,17655572.47
7/10/2017,63.6959,64.4197,63.4556,64.1696,16364537.9
7/11/2017,64.189,64.8115,63.9606,64.1793,19039578.93
7/12/2017,64.8202,65.3632,64.6951,65.245,19353964.79
7/13/2017,65.5644,66.0606,65.3924,65.8143,22103576.64
7/14/2017,66.2442,67.1887,65.9853,66.7394,28202298.03
7/17/2017,66.7591,67.3539,66.6838,67.2619,23758482.29
7/18/2017,67.0245,67.2991,66.63,67.2161,28781082.86
7/19/2017,67.3987,67.8949,67.3539,67.7298,24183753.79
7/20/2017,68.0209,68.1341,67.1974,68.059,43504867.33
7/21/2017,67.3539,68.1244,67.0948,67.6655,50494067.79
7/24/2017,67.426,67.6273,67.0609,67.4904,23150062.03
7/25/2017,67.6742,68.1441,67.3987,68.0305,24000401.29
7/26/2017,68.1683,68.2054,67.6829,67.9048,17699849.53
7/27/2017,67.6359,68.2444,66.3184,67.0869,39046972.05
7/28/2017,66.6397,67.2248,66.5189,66.9765,19412204.68
7/31/2017,67.2161,67.3442,66.3985,66.6662,25677973.25
8/1/2017,67.0342,67.3253,66.4737,66.5548,22689081.81
8/2/2017,66.5284,66.537,65.5126,66.2628,28884999.36
8/3/2017,66.1982,66.4268,65.8819,66.1623,19859766.75
8/4/2017,66.3614,66.9765,66.2442,66.6485,24622125.04
8/7/2017,66.7591,66.8489,66.2628,66.3887,20397263.04
8/8/2017,66.1074,67.0609,65.7959,66.7491,24035370.82
8/9/2017,66.253,66.4903,66.0704,66.4551,24219612
8/10/2017,65.9307,66.1982,65.4265,65.4821,26049171.8
8/11/2017,65.6669,66.6662,65.3632,66.4816,23379881.54
8/14/2017,66.9963,67.6019,66.8908,67.4817,21898151.64
8/15/2017,67.8432,67.8432,67.3342,67.4994,20799005.15
8/16/2017,67.6107,68.3119,67.4535,67.8969,19684023.26
8/17/2017,67.8343,68.1,66.7453,66.7453,24353355.4
8/18/2017,66.6253,67.1497,66.3115,66.8282,20350680.34
8/21/2017,66.8107,66.8203,66.0995,66.5129,19214191.1
8/22/2017,66.6972,67.5169,66.6972,67.4436,15548024.56
8/23/2017,67.2609,67.4339,66.8634,67.0412,14924925.82
8/24/2017,67.0589,67.1683,66.4395,67.013,18546052.56
8/25/2017,67.1683,67.6196,66.8203,67.1301,13875893.17
8/28/2017,67.3529,67.3811,66.879,67.1397,15795932.89
8/29/2017,66.6055,67.4436,66.4208,67.3432,12445560.99
8/30/2017,67.3078,68.4106,67.1387,68.229,18324986.69
8/31/2017,68.2483,69.1052,68.0334,68.9558,29988268.78
9/1/2017,68.8726,68.8999,67.8881,68.1644,23573998.47
9/5/2017,67.6107,68.1194,67.2785,67.8607,24118512.01
9/6/2017,67.9779,68.2582,67.6196,67.6665,17935898.97
9/7/2017,67.924,68.773,67.8519,68.5327,18948714.06
9/8/2017,68.5228,68.6253,68.0707,68.2005,15949731.87
9/11/2017,68.5034,69.0902,68.5034,68.9165,19417253.13
9/12/2017,68.9165,69.3619,68.5592,68.8462,15618305.58
9/13/2017,69.0765,69.3521,68.7271,69.3347,14485648.49
9/14/2017,69.141,69.5945,68.6997,68.9264,17032147.13
9/15/2017,68.9848,69.5008,68.2838,69.4273,41779115.52
9/18/2017,69.3521,70.035,69.1791,69.2869,25280671.44
9/19/2017,69.3347,69.7956,69.151,69.5486,17105814.93
9/20/2017,69.4634,69.6471,68.5034,69.0863,22552080.62
9/21/2017,69.2418,69.3619,68.3217,68.4106,20798903.79
9/22/2017,68.2094,68.6899,68.0803,68.5981,15289903.65
9/25/2017,68.3021,68.4487,67.2238,67.5353,26184848.16
9/26/2017,67.9163,68.0434,67.2884,67.5353,19541128.97
9/27/2017,67.8049,68.3764,67.4535,68.0803,21139411.34
9/28/2017,67.7962,68.1909,67.5841,68.1,11801621.41
9/29/2017,68.1644,68.7133,68.1097,68.6703,18522253.91
10/2/2017,68.8726,69.151,68.4887,68.7819,16593034.63
10/3/2017,68.8375,69.0307,68.3989,68.4586,13219277.7
10/4/2017,68.2191,68.8824,67.9496,68.8559,14421787.84
10/5/2017,69.3443,70.1726,69.1052,70.035,22985238.59
10/6/2017,69.7576,70.0897,69.6383,70.0604,15128489.52
10/9/2017,70.035,70.5711,69.9342,70.3329,12351355.39
10/10/2017,70.3689,70.6423,70.1922,70.3329,15122770.47
10/11/2017,70.3943,70.4851,70.0163,70.448,16684658.16
10/12/2017,70.5144,71.2529,70.404,71.0948,18732947.47
10/13/2017,71.5282,71.7872,71.2529,71.4385,16617984.06
10/16/2017,71.3723,71.7295,71.3056,71.584,13409628
10/17/2017,71.42,71.5567,71.2168,71.5282,17439071.81
10/18/2017,71.6027,71.7676,71.3244,71.547,14415067.5
10/19/2017,71.509,71.841,71.3056,71.8223,16365978.41
10/20/2017,72.2004,72.8,72.1095,72.6526,24791557.72
10/23/2017,72.8188,73.143,72.6046,72.6712,22356446.39
10/24/2017,72.7374,73.0119,72.3311,72.6994,18836365.38
10/25/2017,72.4407,72.922,71.9161,72.4896,22130200.01
10/26/2017,73.0119,73.2171,72.595,72.6046,34278993
10/27/2017,77.7776,79.4663,77.0791,77.2608,77043441.25
10/30/2017,77.251,77.7364,76.6121,77.3381,34447703.88
10/31/2017,77.7686,77.7686,76.6159,76.6826,29381882.84
11/1/2017,77.1446,77.2138,76.4042,76.6826,24197692.05
11/2/2017,76.838,77.8635,76.6258,77.4846,26026096.98
11/3/2017,77.5129,77.9377,76.8839,77.5676,19127804.41
11/6/2017,77.6213,78.0831,77.5149,77.8732,21534415.71
11/7/2017,78.1478,78.2678,77.3751,77.6778,19447080.02
11/8/2017,77.5676,78.0011,77.2803,77.9562,19557407.68
11/9/2017,77.5401,77.6866,76.4238,77.5215,22969780.98
11/10/2017,77.2413,77.5264,76.7285,77.3194,21039939.23
11/13/2017,77.127,77.3839,76.9404,77.3751,15388052.99
11/14/2017,76.9786,77.5304,76.4949,77.4846,20355303.9
11/15/2017,77.3371,77.5401,76.6121,76.881,20871883.59
11/16/2017,76.9922,77.2892,76.8449,77.0868,22620480.88
11/17/2017,77.0108,77.0108,76.197,76.3456,23826466.89
11/20/2017,76.3456,76.5195,76.207,76.4638,17408277.41
11/21/2017,76.6601,77.6788,76.6601,77.5676,22877139.78
11/22/2017,77.6701,77.7325,76.9374,77.0009,22182495.61
11/24/2017,76.9082,77.2989,76.6973,77.1426,8014594.169
11/27/2017,77.1847,77.8068,77.1777,77.7062,19127594.52
11/28/2017,77.8937,78.8109,77.8458,78.642,23662915.02
11/29/2017,78.4837,78.674,77.0636,77.2128,29542965.25
11/30/2017,77.3741,78.3089,77.2128,77.9856,35643127.15
12/1/2017,77.4561,78.5765,77.1065,78.0667,31718605.25
12/4/2017,78.215,78.215,74.769,75.1217,42186145.65
12/5/2017,75.3638,76.6037,75.0281,75.5934,28221414.76
12/6/2017,75.5564,77.0293,75.4469,76.6973,26850200.9
12/7/2017,76.4725,76.7157,75.9744,76.4276,25009124.17
12/8/2017,77.4846,78.3666,77.2032,77.9767,25933662.59
12/11/2017,78.095,79.098,77.9396,78.9662,23149443.65
12/12/2017,79.0415,79.723,78.8294,79.2895,25818685.78
12/13/2017,79.439,79.6812,78.9086,79.0795,23430867.68
12/14/2017,79.1519,79.5608,78.3188,78.465,20833812.91
12/15/2017,78.9946,80.6891,78.642,80.4685,58201911.73
12/18/2017,80.7175,81.0679,79.8948,80.0318,24046535.55
12/19/2017,80.0034,80.0034,79.0043,79.5248,25191937.13
12/20/2017,79.8678,79.9586,78.4837,79.2348,25459648.14
12/21/2017,79.723,79.77,79.1255,79.2151,19364984.15
12/22/2017,79.1255,79.3364,78.6769,79.2251,15193106.77
12/26/2017,79.0415,79.2484,78.7826,79.1255,10671993.8
12/27/2017,79.3559,79.6615,78.9517,79.4115,15825484.38
12/28/2017,79.5875,79.6145,79.2621,79.4214,11429124.66
12/29/2017,79.3364,79.723,79.2151,79.2533,20019366.67
1/2/2018,79.7945,79.9663,79.2151,79.6334,24258566.23
1/3/2018,79.7279,80.1519,79.6518,80.0034,28041768.48
1/4/2018,80.2261,81.2186,80.2077,80.7087,23643525.96
1/5/2018,81.2186,81.914,81.0048,81.7089,25259234.73
1/8/2018,81.7185,82.0703,81.1657,81.7918,23864696.25
1/9/2018,82.1357,82.2078,81.4031,81.7372,21010317.1
1/10/2018,81.4031,81.7089,80.986,81.367,20118227.57
1/11/2018,81.6541,81.6541,80.8287,81.6072,19196430.93
1/12/2018,82.1524,83.1807,81.9501,83.0177,26186953.13
1/16/2018,83.4788,84.1156,81.5429,81.8564,39487177.98
1/17/2018,82.5342,83.6448,82.2285,83.5158,27649472.11
1/18/2018,83.2005,84.007,83.0695,83.4788,26063301.51
1/19/2018,83.5158,83.9505,83.0695,83.3858,38439014.56
1/22/2018,83.3858,84.8852,83.1447,84.8755,25378203.42
1/23/2018,85.147,85.5162,84.8098,85.147,25068148.31
1/24/2018,85.7467,86.5643,84.8481,85.0748,35332999.35
1/25/2018,85.6685,86.3875,85.1812,85.5446,28171597.82
1/26/2018,86.2771,87.1493,85.776,87.1493,31263660.43
1/29/2018,88.1477,88.4347,86.8338,87.0173,34022867.5
1/30/2018,86.444,86.7762,85.3589,85.9244,40373391.82
1/31/2018,86.8611,88.3898,86.6374,88.0293,51532303.25
2/1/2018,87.8243,89.0089,86.7038,87.3309,50617091.81
2/2/2018,86.7576,87.0653,84.7747,85.0355,51252647.35
2/5/2018,83.9057,86.3875,81.5331,81.5331,54623527.36
2/6/2018,80.5076,84.7524,78.9848,84.6185,73392158.98
2/7/2018,83.8411,85.0268,82.6446,83.0266,44341523.26
2/8/2018,83.1163,83.2704,78.5317,78.7649,59639462.86
2/9/2018,79.9586,82.3926,77.6701,81.7,68507199.5
2/12/2018,82.2157,83.1807,81.4675,82.5968,38543912.91
2/13/2018,82.3926,83.3858,81.3475,83.2285,28408037.34
2/14/2018,82.3886,84.7016,82.2989,84.5315,37547874.1
2/15/2018,84.9028,86.3092,84.3529,86.2525,29567930.03
2/16/2018,86.0584,87.0349,85.4548,85.6372,32852131.55
2/20/2018,85.1509,86.6249,84.721,86.3092,33157843.63
2/21/2018,86.5525,86.9052,85.1626,85.1626,28670128.62
2/22/2018,85.6854,86.3189,85.0443,85.3894,25371309.03
2/23/2018,86.3378,87.5673,85.9742,87.5588,28259691.22
2/26/2018,87.875,88.8518,87.7316,88.8225,32411472.07
2/27/2018,89.1233,89.2123,87.6844,87.6844,27790490.76
2/28/2018,88.2834,89.0892,87.158,87.2842,33482227.07
3/1/2018,87.4922,88.0331,85.4907,86.4315,39893724.87
3/2/2018,85.2467,86.7097,84.5776,86.6159,35268795.72
3/5/2018,85.9557,87.7498,85.8805,87.1658,25676816.33
3/6/2018,87.8174,87.9568,86.5155,86.868,23822834.38
3/7/2018,86.7186,87.4453,86.0396,87.3709,28700410.09
3/8/2018,87.7498,88.5265,87.2804,87.9013,27810589.34
3/9/2018,88.7003,89.8656,88.4308,89.8656,39680692.91
3/12/2018,89.8276,90.4878,89.3996,90.0795,28010314.74
3/13/2018,90.2944,90.517,87.4723,87.8839,38016171.56
3/14/2018,88.545,88.8126,87.0349,87.3613,34518515.23
3/15/2018,87.0644,88.042,86.4127,87.6679,29661744.53
3/16/2018,88.1327,88.7843,87.4275,88.0606,52726685.31
3/19/2018,87.2586,87.4081,85.74,86.4674,35820644.92
3/20/2018,86.6159,87.2842,86.5711,86.6912,24789105.67
3/21/2018,86.5055,87.5489,85.8366,86.0865,26273580.43
3/22/2018,84.9565,85.4089,83.46,83.5816,41471997.75
3/23/2018,83.3125,84.2063,81.0583,81.153,47342075.99
3/26/2018,84.3441,87.5021,84.1486,87.2937,60585530.13
3/27/2018,88.3763,88.5616,82.3886,83.2843,60770552.48
3/28/2018,83.6095,84.9222,82.7285,83.2101,56400554.03
3/29/2018,83.9446,85.9086,82.289,84.9614,49274263.31
4/2/2018,84.2161,84.5961,81.4587,82.3986,52118796.4
4/3/2018,83.382,83.8243,81.8134,83.5068,39977814.12
4/4/2018,81.7772,86.3474,81.6648,85.9479,38201096.64
4/5/2018,86.0436,86.6297,85.0834,85.9938,31983125.02
4/6/2018,85.1626,86.068,83.2932,83.9924,40850302.66
4/9/2018,84.7485,86.7275,84.3529,84.4935,33876062.23
4/10/2018,86.0027,86.8318,85.3043,86.4576,28940784.14
4/11/2018,85.5094,86.8416,85.1549,85.5094,26719432.72
4/12/2018,86.0396,87.6515,86.0396,87.1122,28746338.57
4/13/2018,87.5489,87.6679,86.0485,86.6443,25080039.95
4/16/2018,87.5673,88.1153,86.9598,87.6591,21794934.4
4/17/2018,88.4308,89.8656,88.3204,89.4279,28759358.46
4/18/2018,89.5666,90.0327,88.9172,89.7738,22606232.4
4/19/2018,89.7738,90.3568,88.7472,89.464,25301855.26
4/20/2018,89.2777,89.464,87.5489,88.4308,33468300.07
4/23/2018,89.1263,89.6322,88.0899,88.7569,23990476.4
4/24/2018,89.5883,89.8003,86.0222,86.6816,37089053.11
4/25/2018,86.8504,86.8504,84.0374,85.9284,36234425.08
4/26/2018,87.0839,88.5714,86.6628,87.7403,45687794.87
4/27/2018,90.852,91.1305,87.4178,89.1935,51858137.45
4/30/2018,89.6701,89.7317,86.7097,87.0545,44607682.17
5/1/2018,86.7655,88.7003,86.3748,88.4308,33741756.76
5/2/2018,88.4219,88.5899,86.7458,87.0449,29511352.82
5/3/2018,86.5339,88.3613,86.0584,87.5673,33455540.23
5/4/2018,86.868,88.7747,86.4967,88.5804,24204789.16
5/7/2018,88.5899,90.0237,88.5265,89.5666,26042542.57
5/8/2018,89.218,89.5128,88.4913,89.1866,25228857.03
5/9/2018,89.3722,90.2671,88.4787,90.2376,29357096.2
5/10/2018,90.7212,91.1773,90.3382,91.1392,24050949.23
5/11/2018,91.0386,91.1031,90.3296,90.9449,18024488.92
5/14/2018,91.1491,91.8678,90.5845,91.2516,20899036.27
5/15/2018,90.517,91.0855,89.68,90.5942,26420678.51
5/16/2018,91.0212,91.0592,90.3236,90.8258,18595356.56
5/17/2018,90.4604,91.19,89.5913,89.9183,18447719.95
5/18/2018,89.7603,90.6215,89.7603,90.0875,19109959.26
5/21/2018,90.6841,91.6296,90.4976,91.2447,20774983.3
5/22/2018,91.3219,91.7778,90.8726,91.1519,16516462.26
5/23/2018,90.4135,92.3055,90.0494,92.2392,22731085.99
5/24/2018,92.3006,92.4988,90.5072,91.9089,28505055.36
5/25/2018,91.9002,92.5351,91.4891,91.9557,19642721.41
5/29/2018,91.4704,92.4413,90.8999,91.6296,30667532.13
5/30/2018,91.9089,92.788,91.533,92.5086,23701575.42
5/31/2018,92.8252,93.4844,92.1903,92.4031,36518350.31
6/1/2018,92.8162,94.2894,92.7167,94.2236,30651105.99
6/4/2018,94.6662,95.228,94.2804,95.0489,29181424.38
6/5/2018,95.3606,95.6792,94.9134,95.5453,25151865.91
6/6/2018,95.8197,95.9263,95.2659,95.8295,22593848.3
6/7/2018,95.9761,96.0153,93.8497,94.3077,30198194.48
6/8/2018,94.5061,95.3129,93.9922,95.0099,23708633.62
6/11/2018,94.7706,94.972,94.1115,94.467,25126720.94
6/12/2018,94.5158,94.846,94.1946,94.7131,19601336.64
6/13/2018,95.097,95.3705,94.0109,94.2804,31546660.12
6/14/2018,95.0296,95.39,94.42,94.8176,27480903.54
6/15/2018,94.9036,94.9134,93.5585,93.6134,70316401.7
6/18/2018,93.503,94.5257,92.9472,94.2894,25228491.53
6/19/2018,93.1639,94.42,93.0234,94.2894,30648393.9
6/20/2018,94.7706,95.8588,94.5333,95.2376,28003937.38
6/21/2018,95.4291,95.801,94.3077,94.553,24813632.26
6/22/2018,93.878,94.2044,93.1406,93.878,41633579.78
6/25/2018,93.4931,93.5947,90.9663,91.9842,37900791.36
6/26/2018,92.3846,93.5685,92.3212,92.6287,28770278.5
6/27/2018,93.0976,93.5116,91.0592,91.19,33477902.46
6/28/2018,91.0406,92.6581,90.9294,92.2096,28506536.83
6/29/2018,92.4892,93.4101,91.9275,92.1903,30006744.6
7/2/2018,91.7156,93.5496,91.6198,93.503,20926931.21
7/3/2018,93.9347,94.0743,92.4988,92.6023,15691863.84
7/5/2018,93.0234,93.4191,92.5828,93.2646,20298924.29
7/6/2018,93.3809,94.8274,93.1816,94.5714,20574063.11
7/9/2018,95.0296,95.6039,94.6564,95.2181,19480201.56
7/10/2018,95.3606,95.849,95.228,95.4788,20636649.1
7/11/2018,94.5626,95.689,94.5158,95.3411,21012637.07
7/12/2018,96.0933,97.6248,96.0543,97.4099,26030598.71
7/13/2018,97.5858,98.7374,97.3123,98.5823,26370287.21
7/16/2018,98.5634,98.9048,97.7225,98.094,23304081.13
7/17/2018,97.8103,99.5487,97.5369,99.0312,27705437.08
7/18/2018,99.0215,99.1191,97.8982,98.2982,31547786.32
7/19/2018,98.1138,98.4749,97.1208,97.6151,42969065.46
7/20/2018,101.062,101.179,99.1478,99.3243,59941183.07
7/23/2018,99.354,101.12,99.1973,100.957,31775648.29
7/24/2018,101.512,101.718,100.271,100.663,28149220.23
7/25/2018,100.937,103.905,100.605,103.622,32942734.33
7/26/2018,103.544,103.768,102.373,102.487,33556756.93
7/27/2018,103.025,103.025,99.2072,100.681,39582215.94
7/30/2018,100.204,100.535,97.9472,98.534,37082513.99
7/31/2018,99.5388,99.7631,98.5439,99.1478,29580964.26
8/1/2018,99.0993,99.4999,98.5723,99.3342,25274124.12
8/2/2018,98.5634,101.071,98.0255,100.575,27922071.86
8/3/2018,100.799,101.034,99.8511,101.024,19958990.07
8/6/2018,101.1,101.386,100.565,101.11,21677201.47
8/7/2018,101.502,101.979,101.15,101.776,17199985.72
8/8/2018,102.205,102.606,101.668,102.363,16565999.69
8/9/2018,102.577,103.006,102.467,102.537,14629647.48
8/10/2018,102.294,102.557,101.348,101.885,19449977.43
8/13/2018,102.118,102.45,101.081,101.189,19761413.66
8/14/2018,101.502,102.606,101.024,102.431,17957396.08
8/15/2018,101.805,102.284,100.243,101.053,31947766.44
8/16/2018,101.629,102.158,100.711,101.034,22785734.33
8/17/2018,100.77,101.289,100.116,100.977,19245194.36
8/20/2018,100.907,101.289,99.92,100.29,19088227.7
8/21/2018,100.34,100.76,99.3153,99.4405,24381451.01
8/22/2018,99.3153,100.75,99.2469,100.478,19180332.42
8/23/2018,100.565,101.54,100.29,100.957,19358367.21
8/24/2018,101.062,101.865,100.957,101.718,18363472.01
8/27/2018,102.557,102.909,101.825,102.869,20950924.39
8/28/2018,103.172,103.7,103.045,103.486,20406647.35
8/29/2018,103.651,105.155,103.496,105.146,22182378.89
8/30/2018,104.804,105.682,104.579,105.078,24292844.68
8/31/2018,104.814,105.829,104.658,105.409,24744641.25
9/4/2018,104.024,105.078,103.446,104.844,24118029.79
9/5/2018,104.178,104.56,101.473,101.805,35026681.18
9/6/2018,101.59,102.284,100.907,102.039,25016258.14
9/7/2018,101.57,102.029,100.643,101.56,23973122.68
9/10/2018,102.138,102.909,101.688,102.656,22086334.52
9/11/2018,102.195,104.724,102.186,104.394,25894420.67
9/12/2018,104.569,104.979,103.71,104.844,20129114.85
9/13/2018,105.233,106.738,105.233,105.957,27763207.04
9/14/2018,106.386,106.738,105.517,106.396,20375556.05
9/17/2018,106.698,106.708,104.989,105.253,22095507.93
9/18/2018,105.292,106.708,104.854,106.249,23623933.15
9/19/2018,106.093,106.347,104.198,104.834,23152428.08
9/20/2018,105.37,106.807,105.058,106.581,25268671.27
9/21/2018,107,108.204,106.523,107.237,75897822.63
9/24/2018,106.074,107.832,105.321,107.608,29125856.66
9/25/2018,107.734,108.017,106.757,107.4,24153588.02
9/26/2018,107.42,107.977,106.747,106.981,20620284.4
9/27/2018,107.714,107.841,107.187,107.363,20342471.37
9/28/2018,107.177,107.508,106.688,107.335,23066526.67
10/1/2018,107.687,108.574,107.667,108.505,20120605.9
10/2/2018,108.214,108.732,107.391,108.066,22149556.31
10/3/2018,108.32,109.044,107.859,108.086,17739064.83
10/4/2018,107.548,107.696,104.764,105.839,37103802.24
10/5/2018,105.692,106.209,103.836,105.243,30973921.97
10/8/2018,104.794,105.155,102.616,104.024,31583120.33
10/9/2018,104.295,106.123,103.974,105.35,27915550.14
10/10/2018,104.394,104.638,99.2557,99.6173,65398684.13
10/11/2018,98.8458,102.225,97.8005,99.3739,68092324.87
10/12/2018,102.304,104.394,100.535,102.841,50870945.45
10/15/2018,102.205,102.753,100.368,100.995,34169726.01
10/16/2018,102.812,104.552,102.244,104.168,33681774.33
10/17/2018,104.814,104.94,102.821,103.895,28288114.46
10/18/2018,103.328,103.73,101.219,101.815,34636525.62
10/19/2018,102.225,104.034,101.56,101.961,34934110.62
10/22/2018,102.606,103.74,101.58,102.899,28285306.13
10/23/2018,101.16,102.264,98.6495,101.473,46638977.13
10/24/2018,101.728,101.805,95.3411,96.0345,68085374.17
10/25/2018,99.9889,102.557,99.6074,101.629,65686917.58
10/26/2018,99.1676,102.049,98.3375,100.378,59161876.31
10/29/2018,101.473,101.999,95.3802,97.4684,58777108.08
10/30/2018,97.2831,97.9666,93.9542,97.3512,69633726.98
10/31/2018,98.9245,101.502,98.885,100.233,54408819.4
11/1/2018,100.468,100.73,99.0215,99.3839,35572074.18
11/2/2018,99.92,100.73,98.534,99.6173,40149610.79
11/5/2018,99.8132,101.13,99.3639,100.907,29752054.5
11/6/2018,100.79,102.138,99.7343,101.11,25935414.35
11/7/2018,102.713,105.331,102.675,105.088,40385637.71
11/8/2018,104.93,105.311,104.082,104.883,27324722.14
11/9/2018,104.024,104.589,102.059,102.841,34138952.09
11/12/2018,102.695,103.192,99.5586,100.29,35825250.05
11/13/2018,100.947,102.039,100.067,100.359,37692896.91
11/14/2018,101.875,102.029,98.4848,98.9147,41902482.52
11/15/2018,98.9344,101.609,97.9472,101.13,40852164.98
11/16/2018,100.937,102.626,100.671,102.059,35544172.07
11/19/2018,102.039,102.324,97.6151,98.6215,47502995.62
11/20/2018,95.9565,97.0533,93.6438,95.8784,67956635.19
11/21/2018,97.6639,98.4454,96.3716,97.1853,29845261.87
11/23/2018,96.3041,97.8493,96.149,97.1499,14665656.19
11/26/2018,98.7669,100.506,98.5823,100.35,34307144.92
11/27/2018,100.156,101.179,99.2856,100.995,30899705.4
11/28/2018,101.688,104.94,101.659,104.734,49640350.96
11/29/2018,103.984,104.724,102.773,103.865,29837381.54
11/30/2018,104.335,104.589,103.065,104.512,35717638.58
12/3/2018,106.514,106.913,104.365,105.644,36849831.88
12/4/2018,105.498,106.17,101.979,102.284,47951867.14
12/6/2018,99.7343,102.977,98.9443,102.929,52100665.61
12/7/2018,102.148,103.155,98.3275,98.7965,47790551.3
12/10/2018,98.7768,101.766,97.9275,101.424,43288493.63
12/11/2018,103.496,104.569,101.289,102.354,44965246.53
12/12/2018,104.512,104.883,102.782,102.821,38388476.85
12/13/2018,103.28,104.492,102.392,103.155,33243215.72
12/14/2018,102.019,102.996,99.4225,99.93,49910547.81
12/17/2018,99.3342,99.7143,95.8784,96.983,60429022.13
12/18/2018,97.8005,98.5241,96.6226,98.0059,52325339.41
12/19/2018,97.7127,100.75,95.5354,97.7419,72355058.93
12/20/2018,97.1306,98.3375,93.1064,95.689,74621251.54
12/21/2018,95.801,97.0818,91.8622,92.5868,118022586.3
12/24/2018,92.0671,92.3396,88.5804,88.7209,46613167.7
12/26/2018,89.675,94.9036,88.5626,94.7804,54782079.92
12/27/2018,93.5947,95.3802,90.8618,95.3705,52515581.19
12/28/2018,96.2359,96.526,93.8019,94.6183,40495838.42
12/31/2018,95.4788,96.5161,94.6662,95.7437,35195799.54
1/2/2019,93.8301,95.9076,93.2549,95.3129,37482767.47
1/3/2019,94.3432,94.43,91.6158,91.8045,45173683.6
1/4/2019,93.9922,96.6129,93.2452,96.0834,46746238.45
1/7/2019,95.81,97.3416,95.1802,96.2065,37829477.31
1/8/2019,97.1208,98.0059,95.8784,96.8953,33435308.56
1/9/2019,97.8982,98.836,97.322,98.2982,34248448.41
1/10/2019,97.2927,97.8005,96.4976,97.6639,31900258.21
1/11/2019,97.2633,97.5076,95.81,96.8953,30040031.99
1/14/2019,96.0543,96.9636,95.4495,96.1968,30170398.84
1/15/2019,96.6129,98.9918,96.0345,98.9542,33512969.25
1/16/2019,99.1875,100.136,98.9048,99.3054,31673541.9
1/17/2019,98.9443,100.497,98.7472,100.018,30123650.29
1/18/2019,101.308,101.698,99.8132,101.54,39708904.21
1/22/2019,100.623,100.957,98.8261,99.5984,34344371.97
1/23/2019,100.018,100.897,99.2657,100.585,27451404.27
1/24/2019,100.73,100.857,99.2657,100.086,24576801.64
1/25/2019,101.091,101.678,100.468,101.024,33121029.18
1/28/2019,100.146,100.359,98.6495,99.0215,31273407.18
1/29/2019,98.836,98.9147,96.3041,97.0241,33409984.42
1/30/2019,98.6215,100.261,98.3572,100.261,52487315.62
1/31/2019,97.8493,99.1478,97.2534,98.4454,59027586.19
2/1/2019,97.8202,98.1335,96.4683,96.8755,37701691.51
2/4/2019,96.9636,99.7143,96.8659,99.6575,33224036.54
2/5/2019,99.9589,101.12,99.8611,101.071,28990921.53
2/6/2019,100.857,100.857,99.4502,99.93,21865982.26
2/7/2019,99.1191,99.5099,98.318,99.1973,31574695.33
2/8/2019,98.416,99.6953,98.2884,99.5885,22769206.83
2/11/2019,100.086,100.458,98.9147,99.1776,20066991.62
2/12/2019,100.037,100.995,99.4036,100.76,26583864.87
2/13/2019,101.348,101.59,100.585,100.681,19516086.38
2/14/2019,100.194,101.14,99.5786,100.77,23112543.2
2/15/2019,101.698,102.069,101.219,101.989,28228651.11
2/19/2019,101.6,102.421,101.59,101.941,19137952.49
2/20/2019,102.089,102.166,100.613,101.444,22827230.7
2/21/2019,101.209,103.632,101.179,103.573,30703588.95
2/22/2019,104.168,105.262,103.944,105.048,29330202.55
2/25/2019,105.779,106.19,105.321,105.624,25091107.43
2/26/2019,105.321,107.197,105.233,106.357,22752290.29
2/27/2019,105.712,106.357,104.959,106.18,22699814.49
2/28/2019,106.054,106.856,105.75,106.044,30725462.83
3/1/2019,106.866,106.991,105.692,106.514,24827598.16
3/4/2019,106.991,107.207,104.883,106.269,28109796.07
3/5/2019,106.259,106.386,105.292,105.721,20641082.24
3/6/2019,105.888,106.64,105.469,105.769,18685268.27
3/7/2019,105.439,105.586,103.994,104.482,26769110.42
3/8/2019,103.328,104.794,102.996,104.598,24106325.5
3/11/2019,105.068,106.923,105.058,106.807,27986833.47
3/12/2019,106.797,107.899,106.63,107.538,27607673.72
3/13/2019,108.037,108.866,107.696,108.387,37518205.9
3/14/2019,108.426,109.054,108.224,108.476,32499685.26
3/15/2019,109.18,110.998,108.476,109.707,57714074.71
3/18/2019,109.961,111.327,109.843,111.288,32968987.08
3/19/2019,111.767,112.11,110.742,111.367,39710241.32
3/20/2019,111.115,112.403,110.479,111.24,29700089.59
3/21/2019,110.878,114.356,110.84,113.808,31539461.66
3/22/2019,113.117,113.205,110.79,110.8,35522331.98
3/25/2019,110.332,111.688,110.108,111.377,28594814.52
3/26/2019,112.275,112.364,110.616,111.601,27570646.31
3/27/2019,111.565,111.886,109.345,110.537,24016524.37
3/28/2019,111.162,111.297,109.921,110.684,19369589.28
3/29/2019,111.747,111.994,110.713,111.63,26833338.62
4/1/2019,112.598,112.744,111.777,112.657,24075343.75
4/2/2019,112.695,113.097,112.187,112.822,19166267.2
4/3/2019,113.468,114.004,112.784,113.576,24151029.5
4/4/2019,113.693,113.818,112.052,112.989,21248039.46
4/5/2019,113.017,113.818,112.998,113.497,16719496.64
4/8/2019,113.419,113.625,112.295,113.536,15969358.46
4/9/2019,112.285,113.157,112.236,112.911,18606018.6
4/10/2019,113.369,113.927,113.157,113.779,17407156.32
4/11/2019,114.113,114.386,113.526,113.908,15011099.56
4/12/2019,114.199,114.513,113.946,114.483,20859579.34
4/15/2019,114.473,115.089,114.132,114.572,16683919.99
4/16/2019,115.149,115.157,113.693,114.318,14866011.24
4/17/2019,114.757,115.352,114.113,115.275,20390302.1
4/18/2019,115.675,116.905,114.815,116.768,29570838.7
4/22/2019,116.056,117.374,116.006,117.14,16531953.65
4/23/2019,117.474,118.888,117.206,118.76,25381546.18
4/24/2019,119.094,119.151,117.863,118.34,33021156.75
4/25/2019,123.118,124.368,121.935,122.25,40180563.88
4/26/2019,122.765,123.557,122.121,122.951,24990042.25
4/29/2019,122.961,123.234,122.433,122.834,17245536.41
4/30/2019,122.874,123.734,122.483,123.646,25530485.09
5/1/2019,123.577,123.694,120.871,121.046,28335537.71
5/2/2019,121.135,121.154,118.829,119.477,28893834.91
5/3/2019,120.539,122.512,120.441,122.005,26317135.7
5/6/2019,119.639,121.682,119.387,121.301,25607563.23
5/7/2019,119.707,120.374,117.59,118.829,38050533.96
5/8/2019,118.76,119.619,118.089,118.819,30022993.61
5/9/2019,117.648,119.094,116.955,118.819,28773055.1
5/10/2019,118.242,121.095,117.197,120.324,32659961.93
5/13/2019,117.483,118.859,116.455,116.749,35860809.3
5/14/2019,117.246,119.169,117.083,118.069,26692372.18
5/15/2019,118.059,120.374,117.531,119.737,26021762.14
5/16/2019,120.413,122.922,120.128,122.493,31694459.52
5/17/2019,121.895,123.968,121.535,121.663,27124650.69
5/20/2019,120.186,121.214,119.486,119.906,24952613.51
5/21/2019,121.066,121.145,120.246,120.548,16096843.26
5/22/2019,120.285,121.828,120.186,121.291,16205492.88
5/23/2019,119.886,119.973,118.528,119.877,24844069.34
5/24/2019,120.558,121.046,119.687,119.924,14865466.57
5/28/2019,120.627,121.614,119.767,119.867,24343636.29
5/29/2019,119.142,119.151,117.843,118.722,23959227.42
5/30/2019,119.026,119.486,118.567,119.467,17713924.98
5/31/2019,118.03,118.4,117.158,117.511,28046921.35
6/3/2019,117.657,118.165,113.077,113.858,39979483.97
6/4/2019,115.235,117.122,114.621,117.004,30926549.91
6/5/2019,118.731,119.59,118.01,119.554,26235881.4
6/6/2019,120.109,121.584,119.347,121.437,22586519.81
6/7/2019,122.736,125.627,121.848,124.837,35666103.68
6/10/2019,125.775,127.394,125.396,125.968,27868335.75
6/11/2019,127.21,127.543,124.718,125.49,25170277.23
6/12/2019,124.837,125.366,124.192,124.926,17990587.24
6/13/2019,125.376,126.038,124.995,125.695,18104666.16
6/14/2019,125.637,127.123,125.07,125.824,18758142.61
6/17/2019,125.998,127.064,125.902,126.203,15280620.69
6/18/2019,127.494,128.479,126.906,128.402,27297183.48
6/19/2019,128.264,129.154,127.143,128.919,24992090.91
6/20/2019,130.579,130.775,128.949,130.11,34778810.73
6/21/2019,129.759,130.844,129.644,130.13,38657755.33
6/24/2019,130.158,131.488,130.158,130.894,21712783.24
6/25/2019,130.395,130.707,126.088,126.77,35078606.16
6/26/2019,127.649,128.967,126.936,127.259,24900840.06
6/27/2019,127.444,127.991,126.849,127.454,17427493.45
6/28/2019,127.864,127.893,126.498,127.288,31621574.94
7/1/2019,129.809,129.875,128.236,128.909,23844521.92
7/2/2019,129.34,129.769,128.578,129.759,16038516.34
7/3/2019,129.965,130.854,129.506,130.589,14345446.85
7/5/2019,129.164,130.472,128.949,130.218,19094364.46
7/8/2019,129.604,130.248,128.608,130.12,17661437.92
7/9/2019,129.223,130.13,129.026,129.644,21001532.74
7/10/2019,130.278,131.665,130.178,130.959,25476178.71
7/11/2019,131.294,132.278,130.979,131.488,23501163.03
7/12/2019,131.918,132.191,131.107,131.967,19931867.09
7/15/2019,132.486,132.573,131.546,131.967,17526406.56
7/16/2019,132.026,132.115,129.7,130.238,23920272.17
7/17/2019,130.815,131.038,129.436,129.486,21272939.74
7/18/2019,128.783,129.799,127.952,129.614,32427549.09
7/19/2019,133.216,133.637,129.634,129.799,51566663.61
7/22/2019,130.54,132.25,130.472,131.516,26398628.54
7/23/2019,132.787,133.003,131.127,132.347,18982213.38
7/24/2019,131.967,133.705,131.918,133.686,21827967.89
7/25/2019,133.422,133.589,132.377,133.186,19321443.21
7/26/2019,133.363,134.614,133.295,134.29,20037928.49
7/29/2019,134.449,134.459,132.417,133.989,17478424.3
7/30/2019,133.14,134.174,132.827,133.344,17731726.1
7/31/2019,133.324,133.481,128.323,129.486,40626954.7
8/1/2019,130.158,133.9,130.092,131.156,42688593.58
8/2/2019,131.185,131.41,128.499,130.063,32409567.77
8/5/2019,126.643,127.259,124.259,125.598,44995821.83
8/6/2019,127.133,128.909,126.556,127.971,34414693.94
8/7/2019,127.123,128.88,125.226,128.519,35170303.4
8/8/2019,129.779,132.056,129.154,131.958,28941308.33
8/9/2019,131.685,132.436,129.644,130.824,24699757.07
8/12/2019,130.228,130.969,128.479,129.016,21560697.12
8/13/2019,129.272,131.868,128.264,131.675,26836311.79
8/14/2019,129.975,130.521,127.424,127.728,34122765.53
8/15/2019,128.12,128.284,126.048,127.434,29505012.32
8/16/2019,128.569,130.072,128.412,129.759,26253725.52
8/19/2019,131.41,132.075,130.482,131.938,25565957.31
8/20/2019,131.742,132.23,130.815,130.834,22228351.4
8/21/2019,132.075,132.963,131.546,132.307,15717221.76
8/22/2019,132.181,132.689,129.905,131.332,19627402.02
8/23/2019,130.766,131.878,126.585,127.161,40404628.51
8/26/2019,128.675,129.233,127.649,129.125,21322260.13
8/27/2019,130.004,130.327,128.353,129.406,24249495.2
8/28/2019,128.569,129.426,127.317,129.233,18264856.83
8/29/2019,130.824,131.967,130.512,131.665,21169564.83
8/30/2019,132.641,132.669,129.895,131.41,25120720.34
9/3/2019,130.218,130.775,129.366,129.672,19806904.97
9/4/2019,130.874,131.244,130.092,131.185,18898991.31
9/5/2019,132.603,133.822,132.278,133.511,27400724.25
9/6/2019,133.491,133.618,131.732,132.593,21845979.92
9/9/2019,133.062,133.216,130.072,131.078,27038186.18
9/10/2019,130.403,130.482,128.226,129.71,30321135.57
9/11/2019,129.564,129.895,128.773,129.75,25938973.14
9/12/2019,131.4,131.948,130.472,131.078,28334864.04
9/13/2019,131.332,131.606,130.178,130.894,24509052.53
9/16/2019,129.496,130.307,129.33,129.945,17552144.32
9/17/2019,130.55,131.078,130.034,130.959,18858051.9
9/18/2019,130.933,132.191,130.14,132.046,25673846.24
9/19/2019,133.734,135.716,133.531,134.488,37865951.85
9/20/2019,134.429,135.024,131.781,132.923,42004831.57
9/23/2019,132.718,133.101,131.967,132.631,18262282.95
9/24/2019,133.793,134.116,130.482,130.95,31489036.57
9/25/2019,131.068,133.412,129.662,132.845,23649876.7
9/26/2019,132.923,133.618,131.967,133.013,18687293.38
9/27/2019,133.599,133.793,130.248,131.284,23602569.14
9/30/2019,131.596,132.699,131.332,132.524,19334429.32
10/1/2019,133.13,133.686,130.589,130.657,23689609.03
10/2/2019,129.875,129.985,127.346,128.343,33571501.96
10/3/2019,128.638,130.356,126.996,129.905,27673771.41
10/4/2019,130.356,131.781,130.034,131.665,25008918.39
10/7/2019,130.717,131.714,130.609,130.707,17415604.87
10/8/2019,130.667,131.313,129.291,129.34,28097101.75
10/9/2019,131.029,132.22,130.56,131.772,21168270.73
10/10/2019,132.016,133.14,131.781,132.593,19298989.86
10/11/2019,133.57,134.449,132.973,133.149,26804385.04
10/14/2019,133.159,133.724,132.993,133.023,14258333.24
10/15/2019,133.521,135.161,133.275,134.946,20894761.83
10/16/2019,134.214,134.409,133.003,133.842,21864005.26
10/17/2019,134.369,134.799,132.514,133.159,23186976.82
10/18/2019,133.226,133.461,130.168,130.979,33868032.43
10/21/2019,131.977,132.026,130.599,131.958,21732195.86
10/22/2019,132.476,133.471,129.885,129.985,29305539.8
10/23/2019,130.482,131.019,129.282,130.815,32919564.31
10/24/2019,132.875,133.852,132.191,133.402,39106963.7
10/25/2019,132.827,134.555,132.689,134.155,27233090.43
10/28/2019,137.642,138.863,136.782,137.446,37010684.96
10/29/2019,137.338,137.738,135.98,136.156,21599415.87
10/30/2019,136.792,138.227,136.119,137.846,19403880.02
10/31/2019,138.131,138.157,136.315,136.666,25812056.56
11/1/2019,137.515,137.662,136.285,136.988,34753365.78
11/4/2019,138.063,138.227,137.416,137.787,17741558.85
11/5/2019,138.197,138.247,137.174,137.699,19145373.12
11/6/2019,137.614,137.758,136.498,137.319,17388867.86
11/7/2019,137.105,138.111,137.037,137.515,18659180.36
11/8/2019,137.241,139.165,137.027,139.145,17574699.03
11/11/2019,138.55,139.576,137.965,139.282,15075060.55
11/12/2019,139.44,140.678,139.233,140.189,19563461.51
11/13/2019,139.868,140.573,139.44,140.425,18299899.05
11/14/2019,140.141,141.472,140.123,141.138,20724120.02
11/15/2019,141.96,142.975,141.333,142.956,24661951.56
11/18/2019,143.053,143.514,142.008,143.316,22612057.93
11/19/2019,143.836,144.265,143.178,143.355,25135450.01
11/20/2019,143.776,144.285,141.999,143.112,26890170.76
11/21/2019,142.897,143.288,142.037,142.975,19421186.64
11/22/2019,143.541,143.766,142.329,143.083,16562381.52
11/25/2019,143.474,144.783,143.395,144.665,23448954.45
11/26/2019,144.793,145.778,144.753,145.416,25755852.02
11/27/2019,145.7,145.846,144.937,145.69,15866208.79
11/29/2019,145.485,145.67,144.714,144.81,12522196.84
12/2/2019,145.202,145.222,141.862,143.044,28723504.35
12/3/2019,141.071,142.927,140.269,142.807,26338239.66
12/4/2019,143.609,143.648,142.701,143.325,18380431.56
12/5/2019,143.523,143.786,142.975,143.404,18694062.86
12/6/2019,144.429,145.261,143.736,145.142,17156977.17
12/9/2019,144.507,145.582,144.353,144.793,17502982.62
12/10/2019,144.596,145.28,144.206,144.566,17230851.78
12/11/2019,144.957,145.261,143.796,145.104,19718020.16
12/12/2019,145.064,146.753,144.458,146.559,25766584.7
12/13/2019,146.344,148.16,146.168,147.809,24935097.01
12/16/2019,148.376,149.137,148.094,148.786,25251579.65
12/17/2019,148.706,148.953,147.731,147.966,26601055.8
12/18/2019,147.586,148.736,147.469,147.652,25230259.66
12/19/2019,147.291,149.012,147.049,148.953,26988201.34
12/20/2019,150.485,151.6,149.488,150.544,56038079.43
12/23/2019,151.239,151.239,150.407,150.544,18532723.47
12/24/2019,150.614,150.838,150.263,150.514,9398103.059
12/26/2019,150.691,151.834,150.534,151.776,15187816.7
12/27/2019,152.528,152.625,151.338,152.048,19252095.92
12/30/2019,152.068,152.108,149.899,150.72,17100853.51
12/31/2019,149.929,150.895,149.626,150.829,19230174.95
1/2/2020,151.872,153.708,151.441,153.613,23664284.89
1/3/2020,151.432,153.006,151.179,151.726,22082592.47
1/6/2020,150.224,152.185,149.685,152.118,21774192.87
1/7/2020,152.399,152.742,150.455,150.71,22877229.88
1/8/2020,152.019,153.777,151.071,153.142,29025034.13
1/9/2020,154.783,155.144,154.003,155.028,22373523.68
1/10/2020,155.741,156.132,154.148,154.304,21677217.85
1/13/2020,154.715,156.219,154.225,156.19,22621363.41
1/14/2020,156.286,156.494,154.675,155.068,24569929.77
1/15/2020,155.545,156.825,155.497,156.093,22392257.5
1/16/2020,157.196,159.003,156.915,158.934,24951093.14
1/17/2020,160.136,160.184,158.222,159.833,35935365.78
1/21/2020,159.432,160.867,159.189,159.257,30860048.83
1/22/2020,160.117,160.204,158.456,158.476,25236949.29
1/23/2020,158.953,159.55,158.066,159.471,20576125.08
1/24/2020,160.224,160.244,157.293,157.84,26051743.63
1/27/2020,154.121,156.276,153.239,155.213,33537429.29
1/28/2020,156.668,158.524,155.986,158.251,26032740.54
1/29/2020,160.546,161.416,158.466,160.722,36725877.2
1/30/2020,166.475,166.475,163.349,165.265,53944850.65
1/31/2020,164.718,164.902,162.194,162.823,37786969.41
2/3/2020,163.009,166.906,162.979,166.796,31520656.17
2/4/2020,169.445,172.785,168.633,172.286,38090840.65
2/5/2020,176.018,176.183,170.636,172.071,40969070.67
2/6/2020,173.106,175.812,172.228,175.627,29013905.22
2/7/2020,174.884,177.552,174.533,175.88,35054450.2
2/10/2020,175.578,180.628,175.275,180.491,37474969.04
2/11/2020,182.357,182.407,175.499,176.418,55578367.72
2/12/2020,177.503,177.765,173.937,176.681,49204006.87
2/13/2020,175.108,178.127,174.904,175.705,36901586.91
2/14/2020,175.275,177.346,174.69,177.296,24202684.19
2/18/2020,177.532,179.525,177.435,179.066,29120265.59
2/19/2020,180.373,180.482,178.831,179.613,31276753.02
2/20/2020,179.288,179.584,173.693,176.887,38434417.61
2/21/2020,175.667,175.988,170.011,171.28,50673009.69
2/24/2020,160.907,167.424,156.572,163.907,71224278.51
2/25/2020,167.08,167.695,160.789,161.199,70976367.11
2/26/2020,162.763,166.162,161.337,163.204,58791849.01
2/27/2020,156.658,160.204,151.521,151.716,97148467.71
2/28/2020,146.168,157.029,145.778,155.378,101213382.7
3/2/2020,158.534,165.85,155.673,165.722,74060008.81
3/3/2020,166.689,167.833,155.623,157.762,74733776.31
3/4/2020,161.602,163.721,158.837,163.575,51938780.52
3/5/2020,159.247,163.887,158.904,159.471,49856476.9
3/6/2020,155.966,156.455,149.606,154.958,75926603.18
3/9/2020,144.84,151.298,143.874,144.467,73422393.35
3/10/2020,151.697,154.432,146.334,154.324,68141506.02
3/11/2020,150.691,151.249,144.977,147.34,58914000.74
3/12/2020,139.36,147.183,132.913,133.373,97202120.9
3/13/2020,141.462,155.282,134.966,152.341,96681924.06
3/16/2020,134.28,143.248,129.496,129.875,91654724.51
3/17/2020,134.28,141.462,129.496,140.583,84516715.17
3/18/2020,132.367,140.025,129.516,134.663,85072816.28
3/19/2020,136.918,144.018,133.314,136.858,89586940.68
3/20/2020,140.025,141.081,130.298,131.732,88485441.45
3/23/2020,131.4,134.809,127.103,130.413,82343174.01
3/24/2020,137.866,143.484,135.493,142.261,86035757.1
3/25/2020,142.817,148.026,138.53,140.914,78863912.62
3/26/2020,142.319,150.233,142.289,149.715,67453402
3/27/2020,145.542,148.572,143.103,143.579,59474931.2
3/30/2020,146.198,154.013,143.883,153.651,66124964.28
3/31/2020,152.898,158.027,150.144,151.258,81250489.85
4/1/2020,146.734,151.298,144.665,145.876,60442125.98
4/2/2020,145.641,149.137,144.216,148.923,51747299.93
4/3/2020,148.776,150.934,145.954,147.537,43002156.29
4/6/2020,153.738,159.696,151.129,158.495,69973760.51
4/7/2020,162.635,163.038,156.599,156.825,65445902.62
4/8/2020,158.886,159.862,156.835,158.358,50378825.8
4/9/2020,159.56,160.536,156.668,158.367,53625148.1
4/13/2020,157.625,158.788,155.663,158.729,43692366.3
4/14/2020,162.081,166.64,161.132,166.593,55129231.02
4/15/2020,164.199,166.465,162.314,164.853,42686805.99
4/16/2020,167.176,170.04,165.831,169.806,52632376.3
4/17/2020,172.159,172.636,168.672,171.289,55015882.08
4/20/2020,169.415,171.437,167.823,167.893,38233416.53
4/21/2020,166.396,166.563,159.315,160.957,58600627.44
4/22/2020,164.374,166.886,163.838,166.416,36129364.97
4/23/2020,166.994,167.893,163.925,164.404,34189209.27
4/24/2020,165.029,167.434,163.73,167.424,35768314.51
4/27/2020,169.376,169.668,166.201,166.936,34610000.54
4/28/2020,168.4,168.476,162.463,162.861,35859414.86
4/29/2020,166.133,170.401,164.853,170.188,53473739.75
4/30/2020,172.636,173.029,169.025,171.878,56173460.94
5/1/2020,168.604,171.329,166.896,167.444,41049478.27
5/4/2020,167.365,171.681,166.689,171.524,31668150.47
5/5/2020,173.234,176.134,172.541,173.371,38410219.67
5/6/2020,174.622,176.671,174.212,175.071,33509920.32
5/7/2020,176.642,177.015,175.108,176.088,29523564.93
5/8/2020,177.425,177.445,175.851,177.141,32230946.33
5/11/2020,175.647,179.836,175.363,179.086,32210117.77
5/12/2020,179.143,179.376,174.834,175.041,33404506.99
5/13/2020,175.079,176.526,169.327,172.404,46618265.29
5/14/2020,170.284,173.304,168.486,173.145,43659675.79
5/15/2020,171.729,179.396,169.767,175.657,48598142.06
5/18/2020,178.157,178.586,176.438,177.356,36812316.11
5/19/2020,177.474,178.958,175.978,176.116,27941998.43
5/20/2020,177.746,178.742,176.916,178.569,32503987.34
5/21/2020,178.322,179.525,176.282,176.418,30277027.44
5/22/2020,176.183,177.415,175.549,176.496,21654777.81
5/26/2020,179.203,179.357,174.182,174.622,37507553.08
5/27/2020,173.314,175.033,169.854,174.854,41087971.78
5/28/2020,173.83,177.111,173.487,174.475,35176654.15
5/29/2020,175.735,177.228,173.507,176.242,43822072.79
6/1/2020,175.549,175.998,174.523,175.831,23569916.51
6/2/2020,177.208,177.932,174.425,177.844,32018685.3
6/3/2020,177.756,178.821,176.566,178.282,28396641.22
6/4/2020,177.257,178.733,175.334,175.918,29905106.08
6/5/2020,175.627,180.55,175.051,180.042,41479435.78
6/8/2020,178.821,181.351,177.396,181.165,34531767.53
6/9/2020,180.814,183.402,180.102,182.552,30967841.51
6/10/2020,183.81,190.933,183.703,189.32,45616274.01
6/11/2020,185.746,188.277,178.948,179.133,54955671.34
6/12/2020,183.245,184.388,178.108,180.559,45097709.14
6/15/2020,177.522,183.52,176.986,181.722,34072979.3
6/16/2020,185.513,188.098,184.134,186.175,44248304.63
6/17/2020,187.562,188.821,186.294,186.813,26708925.27
6/18/2020,186.585,188.99,186.585,188.821,23978359.51
6/19/2020,191.002,191.654,186.938,187.679,46207697.87
6/22/2020,188.307,193.091,187.758,192.906,34123498.58
6/23/2020,194.371,196.138,193.736,194.195,32146430.15
6/24/2020,193.903,195.494,189.057,190.276,38201105.86
6/25/2020,190.237,192.945,187.993,192.681,28909152.26
6/26/2020,192.084,192.242,187.417,188.831,56849169.6
6/29/2020,188.297,190.943,186.155,190.853,27762985.89
6/30/2020,190.316,196.578,190.181,195.719,35674134.51
7/1/2020,195.385,198.465,194.058,196.871,33335655.23
7/2/2020,197.809,200.066,197.163,198.375,30481077.46
7/6/2020,200.836,203.063,200.134,202.644,33165575.5
7/7/2020,202.398,206.453,200.036,200.289,34936378.38
7/8/2020,202.027,205.115,200.719,204.702,34935642.26
7/9/2020,208.075,208.122,203.395,206.112,34438284.75
7/10/2020,205.448,205.876,203.013,205.486,27218206.16
7/13/2020,206.266,207.556,198.609,199.166,39651516.14
7/14/2020,198.248,200.855,194.313,200.386,39086112.62
7/15/2020,201.53,203.258,197.193,200.086,33458556.4
7/16/2020,197.535,197.827,194.577,196.108,31130807.75
7/17/2020,196.647,197.203,193.696,195.132,32892799.66
7/20/2020,197.163,204.184,195.259,203.524,38351026.61
7/21/2020,205.486,205.749,200.076,200.758,39620500.6
7/22/2020,201.199,204.184,200.426,203.669,51577543.73
7/23/2020,199.282,202.858,194.427,194.801,70138484.64
7/24/2020,192.76,195.113,189.967,193.606,41410131.49
7/27/2020,193.775,196.158,193.188,196.04,31359775.45
7/28/2020,195.815,196.871,194.028,194.303,24175641.06
7/29/2020,194.761,196.823,194.293,196.247,20413008.33
7/30/2020,193.325,196.637,191.929,196.089,26076522.07
7/31/2020,196.578,197.262,191.382,197.173,53285100.25
8/3/2020,203.445,209.324,202.389,208.259,82122622.1
8/4/2020,205.964,206.551,202.263,205.135,51238961.97
8/5/2020,206.677,206.776,203.494,204.811,30005765.83
8/6/2020,204.223,208.113,203.475,208.093,33954968.91
8/7/2020,206.627,207.458,202.868,204.363,28926296.09
8/10/2020,203.591,203.794,198.465,200.289,38175959.86
8/11/2020,199.253,199.733,195.385,195.601,37895223.83
8/12/2020,197.437,202.233,196.919,201.189,29156021.41
8/13/2020,201.413,203.278,200.193,200.729,23486788.63
8/14/2020,200.767,201.559,199.596,200.905,18672813.52
8/17/2020,201.569,203.122,200.914,202.233,20987110.22
8/18/2020,202.476,204.243,201.209,203.415,22184290.36
8/19/2020,203.914,204.492,201.727,202.166,28656498.53
8/20/2020,202.007,207.285,201.393,206.871,27986355.35
8/21/2020,206.169,208.485,205.2,205.368,37599358.84
8/24/2020,207.078,207.791,204.811,206.004,26408363
8/25/2020,205.448,208.827,205.448,208.688,23901916.13
8/26/2020,210.067,214.119,209.56,213.202,41075688.01
8/27/2020,214.902,222.854,211.522,218.445,59747483.86
8/28/2020,219.991,222.353,218.445,220.703,27272126.56
8/31/2020,218.856,220.498,216.25,217.421,29845795.28
9/1/2020,217.401,219.297,216.367,219.121,26751783.32
9/2/2020,219.784,224.504,219.198,223.342,35350116.57
9/3/2020,221.037,221.075,207.245,209.502,60575301.16
9/4/2020,207.38,210.517,197.818,206.551,61886150.71
9/8/2020,199.097,202.486,194.946,195.395,54895400.19
9/9/2020,200.144,207.126,199.292,203.716,47380218.33
9/10/2020,205.73,207.029,196.773,197.995,36782213.82
9/11/2020,199.771,201.13,194.018,196.696,34872190.11
9/14/2020,196.9,201.677,196.696,198.034,31507057.82
9/15/2020,200.924,202.243,199.518,201.267,22636735.02
9/16/2020,203.063,203.092,197.292,197.681,27354656.54
9/17/2020,192.867,196.988,192.779,195.621,35277944.56
9/18/2020,195.533,196.324,189.204,193.198,57282092.09
9/21/2020,190.122,195.445,189.33,195.279,41323413.08
9/22/2020,197.691,200.632,194.829,199.967,34765346.5
9/23/2020,200.436,200.632,192.848,193.395,31951010.92
9/24/2020,192.671,198.189,192.036,195.884,32364574.04
9/25/2020,196.227,201.52,195.279,200.357,30533650.51
9/28/2020,203.317,204.94,200.592,201.91,33196900.24
9/29/2020,201.824,202.526,199.402,199.811,25375607.01
9/30/2020,200.269,204.373,199.136,202.781,35088989.73
10/1/2020,205.816,206.295,203.746,204.841,28169882.93
10/2/2020,200.535,203.425,198.159,198.794,34389571.49
10/5/2020,199.791,202.858,199.567,202.828,22126014.64
10/6/2020,201.305,202.634,197.466,198.522,29617710.12
10/7/2020,199.644,202.566,199.312,202.293,26637497.58
10/8/2020,202.957,203.62,200.827,203.023,20667938.01
10/9/2020,203.659,208.122,203.659,208.075,27443427.7
10/12/2020,210.927,215.831,209.023,213.448,41968278.19
10/13/2020,214.735,217.108,212.497,214.873,30029063.83
10/14/2020,215,216.162,211.258,212.917,24325129.76
10/15/2020,209.304,212.431,208.249,211.776,23579715.47
10/16/2020,212.255,214.315,211.444,211.776,27028360.6
10/19/2020,212.487,214.325,206.034,206.522,28654715.04
10/20/2020,208.065,209.57,205.438,206.94,23600924.89
10/21/2020,205.466,209.127,205.466,207.087,23571253.62
10/22/2020,206.237,208.288,204.097,207.176,23183890
10/23/2020,207.313,208.513,205.496,208.466,19582744.1
10/26/2020,206.159,208.563,200.632,202.536,38493713.06
10/27/2020,204.004,206.96,202.781,205.584,38067160.77
10/28/2020,200.212,201.324,194.849,195.415,53102279.1
10/29/2020,196.734,199.907,196.05,197.37,32603212.72
10/30/2020,196.178,196.948,192.446,195.211,38357369.16
11/2/2020,196.948,197.906,192.935,195.075,31990823.11
11/3/2020,196.558,200.651,195.815,199.032,28536666.77
11/4/2020,206.325,210.479,204.791,208.61,43887602.26
11/5/2020,214.071,216.064,213.202,215.282,37423874.38
11/6/2020,214.286,216.298,210.202,215.701,26171610.2
11/9/2020,216.377,219.932,210.067,210.544,46048359.01
11/10/2020,206.796,208.717,202.186,203.445,45685499.47
11/11/2020,204.771,210.212,204.588,208.767,30537256.4
11/12/2020,209.413,211.239,206.757,207.714,22421168.08
11/13/2020,208.591,209.615,206.463,208.727,19324158.38
11/16/2020,207.156,209.932,206.815,209.433,25882685.67
11/17/2020,208.338,209.872,206.384,206.757,25053687.9
11/18/2020,206.512,207.995,203.904,204.034,29352635.43
11/19/2020,204.323,205.906,202.928,205.33,25648956.2
11/20/2020,205.125,206.149,202.996,203.376,23631999.81
11/23/2020,203.924,205.2,201.199,203.102,26570479.47
11/24/2020,202.595,207.097,201.882,206.717,35153211.78
11/25/2020,207.937,208.113,205.368,206.727,21738561.96
11/27/2020,207.684,209.051,206.891,208.055,15013387.8
11/30/2020,206.95,207.595,203.804,206.921,34206634.66
12/1/2020,207.351,210.076,206.218,208.993,31999522.49
12/2/2020,207.714,208.269,205.691,208.182,24543827.53
12/3/2020,207.448,209.156,206.512,207.087,25988466.55
12/4/2020,207.068,208.192,206.054,207.205,25517873.7
12/7/2020,207.215,208.338,205.866,207.136,25452748.63
12/8/2020,206.825,209.664,205.777,208.797,24071774.72
12/9/2020,207.985,208.045,204.166,204.732,33539552.69
12/10/2020,204.702,205.955,203.347,203.504,27380838.63
12/11/2020,203.043,206.188,202.126,206.131,32049306.67
12/14/2020,205.866,208.993,205.767,207.048,29792922.24
12/15/2020,207.985,208.222,205.152,206.98,27951168.77
12/16/2020,207.585,212.753,207.556,211.962,36232771.62
12/17/2020,212.517,213.514,210.643,212.097,33638707.42
12/18/2020,211.286,212.363,208.807,211.286,65542866.38
12/21/2020,210.292,216.523,210.038,215.164,38465951.21
12/22/2020,215.262,218.094,214.453,216.463,23425380.02
12/23/2020,215.672,216.092,213.428,213.641,19345425.13
12/24/2020,214.032,216.142,213.817,215.322,10914932.51
12/28/2020,216.943,218.485,215.585,217.441,18552823.07
12/29/2020,218.759,219.609,216.112,216.65,18004227.56
12/30/2020,217.705,218.094,214.08,214.286,20972435.83
12/31/2020,214.305,215.567,212.353,215,21665363.06
1/4/2021,215.107,215.567,207.644,210.429,38412417.81
1/5/2021,210.019,211.221,208.495,210.623,24645671.83
1/6/2021,205.096,209.266,204.871,205.161,37171507.32
1/7/2021,206.891,212.021,206.57,210.996,28650901.32
1/8/2021,211.376,213.212,209.793,212.294,23748991.5
1/11/2021,211.171,211.6,209.502,210.232,23842951.38
1/12/2021,209.276,209.862,206.188,207.762,24052245.39
1/13/2021,206.871,209.532,206.786,209.119,20780782.21
1/14/2021,208.698,210.202,205.633,205.896,30360217.78
1/15/2021,206.384,207.351,204.96,205.545,32842869.07
1/19/2021,206.608,209.743,205.525,209.216,31533508.16
1/20/2021,210.439,218.253,210.047,216.835,39081888.34
1/21/2021,217.187,218.749,215,217.451,31811479.88
1/22/2021,219.514,222.382,218.262,218.407,31214667.67
1/25/2021,221.456,222.1,216.719,221.855,34296992.74
1/26/2021,224.131,226.357,222.392,224.58,50867657.97
1/27/2021,230.051,232.414,222.452,225.116,72283601.55
1/28/2021,227.745,234.533,227.236,230.959,50807198.45
1/29/2021,228.117,230.069,223.632,224.23,43970971.77
2/1/2021,227.207,234.399,224.677,231.653,34464689.02
2/2/2021,233.254,234.21,230.724,231.516,26811350.08
2/3/2021,231.574,236.916,231.273,234.887,28096003.19
2/4/2021,234.553,235.119,232.344,233.92,26169692.59
2/5/2021,234.132,235.158,232.394,234.104,18678268.42
2/8/2021,235.032,235.551,232.775,234.369,22979012.75
2/9/2021,233.791,236.594,233.333,235.636,24378762.47
2/10/2021,236.831,237.699,232.853,234.71,22952916.65
2/11/2021,236.614,236.975,234.056,236.332,16295016.55
2/12/2021,235.795,237.113,234.621,236.821,17133010.61
2/16/2021,236.831,237.905,234.807,235.569,27651548.42
2/17/2021,233.801,236.703,233.43,236.594,22370061.13
2/18/2021,234.26,236.332,233.362,236.203,17469845.73
2/19/2021,236.164,236.272,232.697,233.46,26074980.2
2/22/2021,230.022,230.521,225.156,227.197,37618976.22
2/23/2021,223.145,227.512,221.602,226.008,31141852.7
2/24/2021,222.844,227.871,221.855,227.236,27186764.71
2/25/2021,224.855,227.266,220.791,221.845,40813810.71
2/26/2021,224.317,228.04,222.382,225.136,39035396.77
3/1/2021,228.557,230.069,225.889,229.551,26147475.73
3/2/2021,229.619,229.905,226.174,226.575,23546049.26
3/3/2021,224.924,226.299,220.185,220.478,35123829.23
3/4/2021,219.666,225.245,217.267,219.666,46166117.54
3/5/2021,222.362,226.008,219.415,224.386,43219290.69
3/8/2021,224.171,226.106,220.06,220.312,36401552.12
3/9/2021,225.626,228.05,224.455,226.486,34144316.9
3/10/2021,229.609,229.609,224.815,225.176,30703394.43
3/11/2021,227.638,231.722,227.005,229.738,30869336.91
3/12/2021,226.711,228.479,225.968,228.41,23382145.21
3/15/2021,227.638,227.851,224.59,227.492,26880135.29
3/16/2021,228.929,232.571,228.593,230.305,28995569.67
3/17/2021,228.802,231.125,225.968,229.649,30512741.08
3/18/2021,225.314,226.885,223.154,223.535,35973010.55
3/19/2021,223.831,225.235,222.199,223.174,47923823.74
3/22/2021,223.095,229.512,222.969,228.642,31095811.6
3/23/2021,230.089,233.538,229.679,230.176,32655784.75
3/24/2021,230.441,230.586,227.991,228.126,26444004.16
3/25/2021,227.971,229.551,224.366,225.096,35157196.48
3/26/2021,224.346,229.329,224.346,229.112,26299219.9
3/29/2021,229.21,229.417,224.658,227.911,26038705.3
3/30/2021,226.249,226.556,223.908,224.63,25589259.41
3/31/2021,225.655,231.653,225.146,228.43,45026290.66
4/1/2021,231.047,235.276,230.634,234.797,31313573.61
4/5/2021,235.197,242.172,235.138,241.322,38097561
4/6/2021,239.896,241.636,239.184,240.139,23669354.84
4/7/2021,240.091,243.11,239.485,242.114,23450447.18
4/8/2021,244.898,246.225,244.145,245.366,24384922.78
4/9/2021,244.994,248.004,244.573,247.876,25109122.53
4/12/2021,246.771,249.644,246.683,247.935,28021700.62
4/13/2021,249.234,251.119,248.823,250.436,24604021.89
4/14/2021,249.448,250.766,247.211,247.632,23812840.89
4/15/2021,249.897,251.832,249.703,251.423,26451595.77
4/16/2021,251.393,252.868,249.575,252.621,25678614.16
4/19/2021,252.086,253.326,249.791,250.679,23955610.27
4/20/2021,249.791,252.096,248.833,250.221,20357112.99
4/21/2021,250.874,252.565,249.234,252.468,24803139.15
4/22/2021,252.105,253.619,247.682,249.155,26429581.63
4/23/2021,249.849,253.355,249.253,253.013,22190648.27
4/26/2021,253.503,254.255,252.067,253.395,20398884.76
4/27/2021,253.424,254.986,252.018,253.805,32011551.33
4/28/2021,248.091,248.541,245.072,246.626,48411403.78
4/29/2021,247.506,248.111,241.252,244.643,41894263.31
4/30/2021,241.958,245.2,241.82,244.322,31940212.71
5/3/2021,245.513,246.431,243.287,244.007,20257708.44
5/4/2021,243.15,243.372,238.098,240.071,33809403.49
5/5/2021,241.312,241.731,238.157,238.784,22605616.07
5/6/2021,238.764,242.075,237.073,241.948,27342970.68
5/7/2021,244.292,246.381,243.334,244.593,27902221.05
5/10/2021,243.051,243.881,239.418,239.476,30242099.89
5/11/2021,236.936,238.91,235.013,238.547,34723417.06
5/12/2021,234.621,236.771,230.654,231.556,37864045.5
5/13/2021,234.26,237.942,233.891,235.464,30576940.61
5/14/2021,237.922,241.42,237.835,240.423,24669679.34
5/17/2021,238.862,238.9,235.942,237.543,25773144.3
5/18/2021,238.586,238.725,235.335,235.511,20816525.75
5/19/2021,232.384,236.203,231.702,236.096,26506328.06
5/20/2021,236.906,240.784,236.811,239.35,22449932.24
5/21/2021,240.404,241.156,237.659,238.078,22514131.78
5/24/2021,240.619,243.891,240.356,243.52,22049174.02
5/25/2021,244.485,245.445,243.557,244.437,18231529.51
5/26/2021,244.155,245.629,243.492,244.214,18300830.73
5/27/2021,243.901,244.204,242.046,242.105,25153647.35
5/28/2021,243.736,244.79,242.347,242.455,18819163.19
6/1/2021,243.958,244.016,239.818,240.248,23904593.42
6/2/2021,240.952,242.065,238.725,240.149,19984629.55
6/3/2021,238.127,239.213,235.98,238.596,26061364.44
6/4/2021,240.599,244.371,240.356,243.529,26033954.79
6/7/2021,242.749,246.741,242.583,246.481,23766455.79
6/8/2021,247.778,248.6,245.21,245.268,23123698.72
6/9/2021,246.481,248.131,245.894,246.264,18471810.39
6/10/2021,246.761,250.015,246.341,249.801,25295114.44
6/11/2021,250.524,251.013,249.184,250.436,19565535.77
6/14/2021,250.446,252.438,249.371,252.38,19720801.87
6/15/2021,252.27,252.477,250.231,250.894,18576123.12
6/16/2021,251.901,253.043,247.066,249.936,28030555.62
6/17/2021,248.659,254.176,248.6,253.346,28386427.61
6/18/2021,252.125,254.713,251.274,251.931,38310084.12
6/21/2021,252.31,255.905,250.466,255.034,27491118.17
6/22/2021,255.123,258.103,254.811,257.829,25429469.06
6/23/2021,258.299,259.108,256.782,257.604,20099940.13
6/24/2021,258.455,260.103,257.79,258.97,22085546.18
6/25/2021,258.521,259.519,257.105,257.36,26373801.98
6/28/2021,258.484,261.129,258.219,260.955,20173407.27
6/29/2021,261.09,263.786,260.232,263.553,20531551.11
6/30/2021,262.858,263.514,261.814,263.064,22301377.27
7/1/2021,261.814,263.973,261.804,263.739,17223397.36
7/2/2021,264.93,269.96,264.616,269.62,27262805.72
7/6/2021,269.99,271.298,266.377,269.63,32505570.17
7/7/2021,271.328,272.577,269.132,271.835,23952705.7
7/8/2021,268.894,270.673,266.914,269.392,25351723.39
7/9/2021,267.743,270.01,267.353,269.902,24628893.5
7/12/2021,271.083,271.678,268.584,269.294,19495473.85
7/13/2021,269.492,274.668,269.363,272.852,26897974.3
7/14/2021,274.191,275.46,272.432,274.345,23801977.16
7/15/2021,273.849,274.345,271.738,272.901,23277372.78
7/16/2021,273.915,275.889,271.387,272.626,26966681.71
7/19/2021,270.869,272.255,266.522,269.003,33916443.66
7/20/2021,269.99,272.842,268.271,271.249,27041746
7/21/2021,270.839,273.38,269.265,273.261,25089879.87
7/22/2021,275.633,278.135,275.225,277.861,24080425.98
7/23/2021,279.063,281.601,278.213,281.291,23446094.93
7/26/2021,280.644,281.311,278.35,280.694,23866247.34
7/27/2021,281.063,281.193,274.766,278.252,34604789.31
7/28/2021,280.634,281.759,275.623,277.941,34566459.61
7/29/2021,277.961,280.275,277.803,278.213,18709338.23
7/30/2021,276.926,278.37,275.703,276.668,21568575.4
8/2/2021,278.076,278.487,275.537,276.582,16751791.96
8/3/2021,277.158,278.927,275.792,278.818,18411478.84
8/4/2021,277.941,279.279,276.417,278.223,16673471.92
8/5/2021,278.585,281.251,277.822,281.143,14314107.78
8/6/2021,280.158,281.123,279.309,281.083,17083359.53
8/9/2021,281.37,283.116,279.492,279.991,16597605.98
8/10/2021,280.452,280.891,276.955,278.154,19170972.67
8/11/2021,278.907,280.314,277.588,278.652,14371535.78
8/12/2021,278.34,281.581,278.057,281.427,15004292.2
8/13/2021,281.103,284.435,280.941,284.385,18792495.8
8/16/2021,284.718,286.293,281.631,286.076,23186545.79
8/17/2021,283.938,284.952,282.657,284.612,20673082.69
8/18/2021,284.143,286.839,282.414,282.863,22419646.68
8/19/2021,280.891,289.426,280.833,288.743,30680660.55
8/20/2021,291.604,297.563,290.004,296.116,41952864.61
8/23/2021,295.042,297.131,293.684,296.4,23465108.25
8/24/2021,296.762,297.378,293.831,294.438,18681278.45
8/25/2021,296.057,296.342,292.289,293.841,20562464.27
8/26/2021,292.843,294.251,290.852,290.988,18157412.25
8/27/2021,290.892,292.728,288.801,291.604,23234434.88
8/30/2021,292.973,295.98,292.913,295.376,16802744.31
8/31/2021,296.175,296.254,293.342,293.714,27016385
9/1/2021,294.67,296.928,293.333,293.666,19511803.75
9/2/2021,294.028,295.159,292.053,293.002,16743617.79
9/3/2021,292.823,294.418,292.132,292.993,15161881.35
9/7/2021,292.863,292.943,290.139,292.053,17662006.14
9/8/2021,291.664,292.473,289.416,292.082,15465300.07
9/9/2021,292.68,293.969,288.968,289.212,20481207.93
9/10/2021,290.344,291.8,287.385,287.708,20179404.79
9/13/2021,289.506,290.462,286.113,288.958,24310784.02
9/14/2021,291.448,293.234,290.041,291.674,22461219.84
9/15/2021,295.062,297.055,293.656,296.565,29144948.82
9/16/2021,295.539,297.045,292.622,296.958,20094560.99
9/17/2021,295.932,296.254,291.42,291.75,42523105.67
9/20/2021,288.312,290.629,281.681,286.332,39343266.02
9/21/2021,287.688,289.496,286.103,286.82,22986092.45
9/22/2021,288.694,292.092,286.534,290.501,27366872.73
9/23/2021,290.755,292.758,289.486,291.448,19122031.1
9/24/2021,290.169,291.683,288.899,291.243,15416129.16
9/27/2021,288.128,288.45,285.021,286.203,24227318.27
9/28/2021,281.954,282.912,275.097,275.85,44387330.93
9/29/2021,277.384,279.014,275.351,276.319,27086643.49
9/30/2021,277.981,280.039,274.003,274.296,33243174.77
10/1/2021,274.493,282.13,273.681,281.271,30923038.21
10/4/2021,279.63,279.962,272.665,275.451,32222672.85
10/5/2021,276.358,282.541,276.358,280.951,25688129.52
10/6/2021,278.048,285.686,277.783,285.178,28781365.43
10/7/2021,287.19,288.615,285.96,286.869,20998682.43
10/8/2021,288.204,288.615,285.804,286.869,18177574.29
10/11/2021,285.002,289.915,284.826,286.263,19835367.11
10/12/2021,287.346,287.444,284.445,284.962,18474039.24
10/13/2021,286.925,289.24,285.548,288.292,24075492.2
10/14/2021,291.106,295.072,289.778,294.564,28021137.52
10/15/2021,294.162,296.205,292.385,295.97,26090804.33
10/18/2021,295.356,299.877,294.506,298.981,23361442.58
10/19/2021,299.996,300.933,298.911,299.897,18173914.15
10/20/2021,300.845,301.314,297.826,299.095,16996997.41
10/21/2021,298.861,302.601,298.07,302.35,17388626.24
10/22/2021,301.998,302.67,299.478,300.795,17934632.51
10/25/2021,300.992,301.02,298.17,299.799,18042693.43
10/26/2021,302.582,303.94,300.239,301.714,28889069.04
10/27/2021,307.447,317.273,307.447,314.422,54051284.73
10/28/2021,315.544,316.081,312.664,315.574,27029340.39
10/29/2021,315.36,323.017,315.133,322.644,35732891.43
11/1/2021,322.391,322.519,317.537,320.458,27826140.11
11/2/2021,321.375,324.425,321.072,324.11,27223767.54
11/3/2021,324.863,325.841,321.708,324.961,22098040.86
11/4/2021,323.877,327.441,320.594,327.343,24659471.88
11/5/2021,329.347,329.619,325.371,326.972,23197817
11/8/2021,328.174,328.504,325.391,327.871,21478187.62
11/9/2021,327.988,329.55,325.478,326.865,21899969.94
11/10/2021,325.517,325.575,320.995,321.854,26210169.23
11/11/2021,322.294,324.745,321.57,323.439,17318471.16
11/12/2021,324.883,328.104,324.754,327.617,24493837.57
11/15/2021,328.397,328.73,324.989,326.982,17188108.4
11/16/2021,326.601,331.456,326.434,330.322,21467736.48
11/17/2021,330.371,333.536,329.452,330.548,19547529.88
11/18/2021,329.629,333.79,328.594,332.646,23046125.05
11/19/2021,333.974,336.377,333.545,334.433,22533024.29
11/22/2021,335.909,340.832,330.969,331.24,31835905.11
11/23/2021,328.524,330.869,325.126,329.141,31216701.99
11/24/2021,327.783,329.61,325.468,329.366,22223093.07
11/26/2021,325.897,329.385,319.822,321.347,24845316.36
11/29/2021,326.474,330.459,326.278,328.124,29304275.38
11/30/2021,326.845,329.239,320.672,322.235,43997848.02
12/1/2021,326.66,330.704,321.062,321.736,34267405.42
12/2/2021,321.952,325.058,319.52,321.161,31563896.1
12/3/2021,323.591,324.286,309.987,314.841,42862824.89
12/6/2021,315.76,319.167,311.16,317.948,30811450.23
12/7/2021,323.261,327.313,321.756,326.454,31826490.08
12/8/2021,326.835,327.02,322.44,326.503,25403164.1
12/9/2021,325.956,327.979,323.72,324.678,22790282.13
12/10/2021,326.513,334.327,326.328,333.878,39083705.62
12/13/2021,332.071,335.099,330.508,330.821,29648937.59
12/14/2021,324.794,326.181,315.916,320.038,45591217.08
12/15/2021,320.302,326.717,316.297,326.191,36298732.12
12/16/2021,327.227,328.252,314.85,316.688,35943460.09
12/17/2021,312.769,316.708,309.235,315.613,49228171.02
12/20/2021,311.96,314.636,309.536,311.822,29061181.05
12/21/2021,315.113,319.443,311.716,319.011,25382244.43
12/22/2021,319.998,325.174,317.518,324.774,25475497.87
12/23/2021,324.335,327.891,324.315,326.231,20126637.21
12/27/2021,326.982,333.82,326.953,333.79,20464354.86
12/28/2021,334.473,335.119,331.719,332.626,16067647.04
12/29/2021,332.676,335.598,331.094,333.302,15432068.98
12/30/2021,333.263,334.453,330.254,330.743,16409287.96
12/31/2021,329.951,330.772,327.363,327.822,18467647.55
1/3/2022,326.875,329.452,321.444,326.288,29668002.11
1/4/2022,326.367,326.727,317.879,320.692,33521714.71
1/5/2022,317.624,317.831,307.995,308.386,41093135.92
1/6/2022,305.231,310.641,303.618,305.942,40674370.79
1/7/2022,306.209,308.502,302.251,306.1,33568611.72
1/10/2022,301.664,306.764,296.986,306.324,45438114.31
1/11/2022,305.453,308.608,302.053,307.018,30148920.16
1/12/2022,311.589,315.231,309.067,310.221,35263660.25
1/13/2022,312.359,312.769,296.314,297.093,46542545.75
1/14/2022,296.556,302.964,296.067,302.36,40879830.59
1/18/2022,296.382,301.969,294.115,295.004,43534640.99
1/19/2022,298.55,305.972,295.052,295.657,47125149.42
1/20/2022,301.255,303.775,293.53,293.979,36298273.45
1/21/2022,295.033,296.42,288.138,288.547,59488228.55
1/24/2022,284.816,289.602,269.072,288.88,88266721.15
1/25/2022,284.153,287.53,277.961,281.193,74737967.82
1/26/2022,300.2,300.698,285.627,289.212,92774126.22
1/27/2022,295.013,299.535,290.404,292.26,54868355.02
1/28/2022,292.641,300.678,287.004,300.464,51033801.12
1/31/2022,301.136,304.489,298.629,303.12,47649075
2/1/2022,302.562,302.779,297.417,300.952,42012444.68
2/2/2022,301.804,307.154,301.069,305.532,37586143.4
2/3/2022,301.664,303.366,292.376,293.636,44864108.67
2/4/2022,292.622,300.992,292.385,298.207,36006715.66
2/7/2022,298.432,300.053,292.319,293.342,29273296.7
2/8/2022,293.636,297.836,292.366,296.861,33262031.45
2/9/2022,302.035,304.048,299.624,303.346,32096038.85
2/10/2022,296.352,301.304,293.1,294.74,46563290.35
2/11/2022,295.52,296.594,286.782,287.58,40191639.55
2/14/2022,286.341,289.26,283.987,287.54,37302471.06
2/15/2022,292.424,293.195,289.515,292.873,28089575.66
2/16/2022,291.423,293.871,286.849,292.532,30696236.92
2/17/2022,289.466,289.895,283.254,283.967,33234751.82
2/18/2022,286.233,287.023,279.645,281.232,35080110.15
2/22/2022,278.37,284.757,277.881,281.023,42730190.28
2/23/2022,283.429,284.913,273.583,273.751,38711755.59
2/24/2022,266.17,288.292,265.203,287.736,58347069.68
2/25/2022,288.273,290.706,284.87,290.394,33321920.71
2/28/2022,287.464,292.182,286.183,291.84,35452215.8
3/1/2022,289.506,292.993,285.353,288.088,31961324.87
3/2/2022,288.49,294.457,286.867,293.205,32632160.15
3/3/2022,295.845,296.077,287.21,289.035,27965046.62
3/4/2022,287.444,288.781,280.485,283.116,33140637.34
3/7/2022,281.819,282.951,272.05,272.423,44185098.2
3/8/2022,271.337,277.355,263.72,269.432,49306540.2
3/9/2022,276.846,282.863,274.248,281.789,36042982.37
3/10/2022,276.436,279.932,274.052,278.946,31357511.79
3/11/2022,281.261,282.775,272.93,273.553,27857403.42
3/14/2022,273.819,278.761,269.402,270.01,31391026.47
3/15/2022,273.829,281.123,272.24,280.47,35060736.44
3/16/2022,282.384,287.718,276.612,287.54,38727278.72
3/17/2022,286.466,288.733,282.637,288.352,31550625.37
3/18/2022,288.499,293.999,285.92,293.441,44424105.45
3/21/2022,291.936,293.159,288.039,292.2,29026516.62
3/22/2022,292.823,297.904,291.82,296.986,28257060.01
3/23/2022,293.52,296.175,290.793,292.522,26327867.36
3/24/2022,292.182,297.121,291.375,297.025,25067628.21
3/25/2022,298.13,298.392,292.324,296.613,23103942.1
3/28/2022,297.251,303.568,297.251,303.472,30282683.02
3/29/2022,306.608,308.473,301.86,308.073,31117314.85
3/30/2022,306.461,308.599,304.332,306.559,28834356.2
3/31/2022,306.598,307.809,300.728,301.136,34218118.82
4/1/2022,302.172,302.917,298.432,302.222,27756249.17
4/4/2022,302.877,307.779,302.503,307.642,24915501.13
4/5/2022,305.982,307.54,302.66,303.647,23708267.09
4/6/2022,298.09,299.858,289.808,292.532,41065723.19
4/7/2022,289.758,296.584,289.456,294.359,32159307.73
4/8/2022,293.451,294.115,289.387,290.061,24942170.57
4/11/2022,285.002,285.804,278.37,278.623,35392636.76
4/12/2022,282.507,283.976,273.964,275.499,31704288.18
4/13/2022,276.152,281.868,274.756,280.931,22428962.4
4/14/2022,281.39,281.596,272.823,273.321,28893790.89
4/18/2022,272.423,275.889,271.865,273.993,21272891.62
4/19/2022,272.882,279.512,271.934,278.662,22828808.4
4/20/2022,282.666,282.96,278.732,279.699,23452259.34
4/21/2022,281.868,286.476,273.543,274.276,30156138.08
4/22/2022,275.126,276.612,267.02,267.654,30106187.02
4/25/2022,266.932,274.571,264.47,274.191,36528652.99
4/26/2022,271.045,271.885,263.72,263.933,47626424.05
4/27/2022,275.537,284.2,272.665,276.631,64989609.44
4/28/2022,278.55,284.21,274.909,282.893,34447965.98
4/29/2022,281.897,283.135,270.068,271.065,37956951.87
5/2/2022,271.249,278.31,269.793,277.852,35988336.08
5/3/2022,277.355,277.522,273.632,275.225,26597364.94
5/4/2022,276.017,284.114,270.292,283.234,34399590.57
5/5/2022,278.898,279.689,267.958,270.899,44290764.41
5/6/2022,268.41,272.753,264.959,268.338,38680175.92
5/9/2022,263.776,266.023,257.194,258.425,48862691.52
5/10/2022,265.371,267.383,258.904,263.23,40273341.25
5/11/2022,259.499,265.046,253.268,254.489,50142408.81
5/12/2022,251.693,253.834,244.204,249.41,52249328.09
5/13/2022,251.364,256.922,249.41,255.043,35756940.91
5/16/2022,253.907,259.635,249.829,255.416,33326233.03
5/17/2022,259.92,262.086,256.354,260.611,29515445.02
5/18/2022,257.48,258.067,247.466,248.746,32028227.52
5/19/2022,248.571,252.26,246.594,247.826,33393177.54
5/20/2022,251.841,253.112,241.266,247.258,40039674.28
5/23/2022,250.128,256.012,248.111,255.179,33886627.59
5/24/2022,252.478,255.844,248.18,254.171,29666577.7
5/25/2022,252.721,259.026,251.727,257.011,29159987.85
5/26/2022,256.765,261.505,255.944,260.32,25538126.37
5/27/2022,262.845,267.601,261.945,267.506,27487748.1
5/31/2022,266.81,269.003,263.285,266.163,38638684.83
6/1/2022,269.418,271.862,264.372,266.702,25834414.17
6/2/2022,258.9,268.884,256.109,268.815,44951703.17
6/3/2022,264.636,267.711,262.775,264.352,28660515.39
6/6/2022,266.351,268.424,261.611,263.11,22880584.04
6/7/2022,261.038,267.397,260.36,266.781,23350788.19
6/8/2022,266.006,267.269,263.951,264.736,17744787.48
6/9/2022,262.159,266.985,259.074,259.233,27006570.64
6/10/2022,255.11,255.11,247.229,247.681,32120009.94
6/13/2022,239.967,243.799,236.461,237.176,47124895.44
6/14/2022,238.742,240.582,236.442,239.359,29265747.65
6/15/2022,243.098,249.941,241.246,246.477,33821613
6/16/2022,240.816,242.224,237.918,239.829,33880275.26
6/17/2022,239.563,245.243,238.908,242.452,44008476.73
6/21/2022,245.002,249.403,244.274,248.414,30569931.24
6/22/2022,246.604,251.772,245.115,247.816,26517798.77
6/23/2022,250.206,253.926,248.306,253.427,26415893.89
6/24/2022,256.312,262.356,256.226,262.08,34650512.83
6/27/2022,262.576,262.67,257.753,259.33,25142838.65
6/28/2022,258.44,261.307,250.941,251.097,27967253.47
6/29/2022,252.183,256.473,250.392,254.797,20500117.27
6/30/2022,251.654,254.081,247.592,251.44,32411147.65
7/1/2022,251.011,254.319,249.266,254.131,23327310.41
7/5/2022,250.783,257.462,249.393,257.333,23464124
7/6/2022,258.213,262.365,256.893,260.621,24335191.9
7/7/2022,259.554,263.406,259.457,262.765,21307089.87
7/8/2022,259.233,262.473,257.758,262.042,20080215.94
7/11/2022,260.073,260.936,256.676,258.957,19937579.12
7/12/2022,260.3,260.36,246.748,248.345,36637435.48
7/13/2022,244.939,248.228,242.901,247.416,30129819.71
7/14/2022,245.31,249.783,240.778,248.746,25641003.67
7/15/2022,250.352,254.905,249.426,251.332,30412377.33
7/18/2022,254.299,255.367,247.984,248.913,21424718.79
7/19/2022,252.168,254.27,248.355,254.081,25548807.56
7/20/2022,254.444,259.311,253.476,256.765,23276841.11
7/21/2022,254.338,259.33,251.634,259.283,22885009.94
7/22/2022,259.673,259.762,253.631,254.896,22350404.06
7/25/2022,255.518,256.012,251.421,253.398,21507418.58
7/26/2022,254.406,254.426,244.333,246.613,40191539.8
7/27/2022,255.68,264.382,253.417,263.1,46980117.7
7/28/2022,264.089,272.009,262.247,270.61,34176663.17
7/29/2022,271.872,276.08,270.823,274.848,32842076.44
8/1/2022,271.99,275.376,270.05,272.173,22001368.12
8/2/2022,270.206,272.057,266.662,269.052,23242012.08
8/3/2022,270.952,277.549,270.803,276.542,24023096.3
8/4/2022,275.885,277.843,274.286,277.696,18486686.24
8/5/2022,273.291,277.696,272.831,276.974,17134237.61
8/8/2022,278.088,279.918,273.458,274.436,19159967.79
8/9/2022,273.772,277.137,271.783,276.375,23907024.06
8/10/2022,282.121,283.727,280.919,283.091,25217128.93
8/11/2022,284.744,285.097,280.496,280.995,20496132.64
8/12/2022,282.425,285.784,280.919,285.784,23104619.33
8/15/2022,284.892,288.006,284.021,287.31,18473393.23
8/16/2022,285.861,287.868,284.325,286.565,18490990.58
8/17/2022,284.26,287.803,283.997,285.811,18605200.63
8/18/2022,284.701,286.39,283.614,284.684,17517464.47
8/19/2022,283.436,283.778,280.16,280.739,20966530.7
8/22/2022,276.744,277.118,271.979,272.498,25544134.69
8/23/2022,271.211,273.586,270.193,271.211,17865258.6
8/24/2022,270.201,271.988,269.908,270.575,18486619.13
8/25/2022,272.085,273.744,269.328,273.576,16903060.48
8/26/2022,273.803,275.039,262.912,263.021,28080333.7
8/29/2022,260.824,262.344,258.862,260.215,20730579.63
8/30/2022,261.626,262.002,255.729,257.997,23205917.71
8/31/2022,260.372,262.059,256.389,256.527,25269709.03
9/1/2022,253.975,255.958,250.579,255.476,23711845.3
9/2/2022,256.746,259.734,249.657,251.216,23295928.91
9/6/2022,251.356,252.955,247.175,248.461,21739354.56
9/7/2022,249.883,253.935,248.431,253.21,24591754.24
9/8/2022,252.639,255.506,249.972,253.63,20711587.47
9/9/2022,255.573,260.215,255.369,259.458,22519047.31
9/12/2022,260.754,262.392,260.145,261.608,19109061.12
9/13/2022,253.945,255.476,246.831,247.224,33996219.93
9/14/2022,248.735,249.423,245.134,247.451,24373888.18
9/15/2022,245.046,246.646,239.406,240.739,32138722.83
9/16/2022,239.64,240.661,237.484,240.11,40558774.28
9/19/2022,237.881,240.505,236.295,239.896,27344033.54
9/20/2022,237.487,238.905,235.107,237.866,27174189.63
9/21/2022,239.65,242.977,234.384,234.433,29177328.96
9/22/2022,233.372,239.249,233.077,236.424,31659881.47
9/23/2022,235.01,236.569,230.752,233.42,34834808.46
9/26/2022,232.562,236.883,232.42,232.96,28228009.4
9/27/2022,235.443,237.227,230.064,231.94,27539531.6
9/28/2022,232.331,237.748,230.291,236.511,29589240.62
9/29/2022,234.344,235.413,229.977,233.01,28014005.37
9/30/2022,233.783,235.992,228.329,228.496,36382867.78
10/3/2022,230.958,237.041,230.222,236.186,29437040.36
10/4/2022,240.455,245.624,240.343,244.174,35560907.71
10/5/2022,241.338,245.842,239.483,244.486,20739337.25
10/6/2022,243.242,245.604,241.426,242.123,20630019.95
10/7/2022,236.346,236.756,228.761,229.811,38497630.01
10/10/2022,228.641,230.122,222.442,224.916,30316930.96
10/11/2022,223.316,224.727,219.872,221.148,31061354.74
10/12/2022,221.138,223.551,219.724,221.482,22326146.37
10/13/2022,215.691,231.635,214.986,229.811,43372025.62
10/14/2022,231.085,232.754,224.021,224.238,30780680.92
10/17/2022,231.36,234.443,230.687,233.038,28684724.32
10/18/2022,238.639,239.317,230.92,233.991,26837107.07
10/19/2022,232.558,235.078,229.861,232.009,20370932.35
10/20/2022,231.311,236.746,230.428,231.685,22231433.25
10/21/2022,230.301,238.405,230.064,237.542,26806673.54
10/24/2022,239.15,243.154,236.731,242.575,25391388.1
10/25/2022,242.585,246.293,241.181,245.921,35445820.29
10/26/2022,226.796,233.793,225.708,226.946,84278637.86
10/27/2022,226.671,229.271,221.51,222.462,41203850.3
10/28/2022,221.961,232.126,221.776,231.409,41431229.26
10/31/2022,229.341,230.478,226.776,227.74,28903865.5
11/1/2022,230.163,231.283,223.026,223.857,31181952.36
11/2/2022,225.119,226.926,215.881,215.936,39147322.33
11/3/2022,215.926,216.242,209.935,210.197,37340059.21
11/4/2022,213.438,217.398,209.395,217.204,37498190.63
11/7/2022,217.793,224.089,217.095,223.561,34143669.34
11/8/2022,224.375,227.269,221.568,224.541,28735973.5
11/9/2022,223.07,224.309,220.089,220.264,28389788.8
11/10/2022,230.977,238.729,230.558,238.385,47159860.3
11/11/2022,238.395,243.3,237.355,242.437,35287568.6
11/14/2022,237.41,239.299,234.686,236.981,31723257.98
11/15/2022,241.016,242.328,235.491,237.395,31995177.24
11/16/2022,238.871,239.865,236.538,237.827,24488668.28
11/17/2022,233.941,239.323,233.793,237.778,23503026.01
11/18/2022,239.577,239.805,235.17,237.325,28066690.36
11/21/2022,237.532,240.719,237.295,238.141,26827865.17
11/22/2022,239.656,241.348,236.824,241.075,19988434.09
11/23/2022,241.148,244.273,240.327,243.581,19828616.66
11/25/2022,243.317,244.685,242.747,243.494,9351766.479
11/28/2022,242.108,242.668,236.912,237.857,25217434
11/29/2022,237.502,238.871,234.365,236.45,18250995.24
11/30/2022,236.686,251.206,235.988,251.022,48375311.21
12/1/2022,249.772,251.985,246.864,250.577,26468893.18
12/2/2022,245.786,251.927,245.658,250.903,21881825.97
12/5/2022,247.941,249.721,244.053,246.16,23819892.16
12/6/2022,246.769,247.792,239.845,241.163,22832380.71
12/7/2022,240.876,242.186,238.296,240.424,20817645.62
12/8/2022,240.886,244.725,239.135,243.405,22982840.04
12/9/2022,240.744,244.302,240.218,241.458,20947970.86
12/12/2022,243.45,248.463,243.179,248.433,31168315.48
12/13/2022,257.466,259.654,248.984,252.771,42889379.86
12/14/2022,252.98,258.349,250.204,253.066,35992064.17
12/15/2022,249.623,250.095,243.346,244.989,36151803.33
12/16/2022,244.536,245.806,239.577,240.739,87515019.53
12/19/2022,240.906,241.249,234.857,236.567,30183786.18
12/20/2022,235.536,238.987,234.569,237.897,25563553.48
12/21/2022,237.788,241.65,236.233,240.484,24079395.12
12/22/2022,237.36,238.081,230.092,234.345,29121868.36
12/23/2022,232.296,235.013,230.164,234.877,21555011.19
12/27/2022,234.847,235.071,232.024,233.133,16962526.51
12/28/2022,233.065,235.849,230.39,230.743,17743593.69
12/29/2022,231.844,238.014,231.844,237.119,20095151.15
12/30/2022,234.365,236.085,232.838,235.949,22298505.72
1/3/2023,239.155,241.781,233.566,235.711,26162457.44
1/4/2023,228.526,229.109,222.311,225.402,51454177.87
1/5/2023,223.531,223.876,218.179,218.721,40235265.28
1/6/2023,219.4,222.115,215.809,221.297,44329319.25
1/9/2023,222.794,227.504,222.755,223.452,27818951.34
1/10/2023,224.076,227.576,223.659,225.154,27477535.81
1/11/2023,227.557,232.14,227.378,231.964,29139825.29
1/12/2023,231.462,236.028,229.789,234.658,27717007.34
1/13/2023,233.175,235.506,231.127,235.367,21683366.63
1/17/2023,234.127,237.02,233.262,236.47,30320819.74
1/18/2023,237.664,238.466,231.718,232.004,30521494.86
1/19/2023,230.006,231.718,226.956,228.185,29092767.49
1/20/2023,231.063,236.854,230.723,236.341,35970593.5
1/23/2023,237.208,241.205,235.781,238.663,32458021.19
1/24/2023,238.583,240.012,236.557,238.131,40894734.13
1/25/2023,230.693,239.373,227.172,236.724,67618414.12
1/26/2023,239.716,244.302,238.091,243.994,34003514.87
1/27/2023,244.969,245.796,242.843,244.153,26933814.84
1/30/2023,240.562,241.636,238.291,238.793,26291876.04
1/31/2023,239.519,243.946,239.022,243.81,26976639.29
2/1/2023,243.994,251.059,241.508,248.671,31772920.49
2/2/2023,254.64,260.416,253.095,260.329,40595902.16
2/3/2023,255.352,259.934,252.95,254.179,29554444.78
2/6/2023,253.284,254.129,250.665,252.623,22887541.34
2/7/2023,256.323,264.434,255.881,263.24,51675726.01
2/8/2023,268.789,272.292,261.912,262.424,55583505.38
2/9/2023,269.378,269.556,258.555,259.364,43070522.61
2/10/2023,257.308,259.827,256.455,258.854,26242197.93
2/13/2023,263.318,270.168,262.837,266.94,45363362
2/14/2023,268.268,270.53,264.932,267.775,37655919.94
2/15/2023,264.649,267.026,262.538,265.635,29363915.29
2/16/2023,260.409,263.091,258.317,258.562,30014266.28
2/17/2023,255.841,256.533,252.498,254.53,30416204.54
2/21/2023,251,251.995,248.149,249.213,28791362.72
2/22/2023,250.613,250.86,246.915,248.069,22803043.51
2/23/2023,252.064,253.326,247.054,251.284,29624411.35
2/24/2023,246.542,247.566,244.706,245.81,25337569.48
2/27/2023,249.006,249.362,245.979,246.736,21483982.33
2/28/2023,245.662,248.049,245.327,246.009,22802936.04
3/1/2023,247.328,247.498,242.427,242.9,27947633.96
3/2/2023,243.177,247.961,242.249,247.675,25178129.04
3/3/2023,248.739,252.122,247.951,251.797,31186829.1
3/6/2023,252.917,256.561,252.478,253.355,24444291.8
3/7/2023,252.793,254.164,249.923,250.672,21771046.9
3/8/2023,250.563,251.058,247.378,250.229,17580754
3/9/2023,252.32,256.01,248.139,248.868,27023112.81
3/10/2023,247.645,249.332,244.213,245.189,28726967.67
3/13/2023,244.014,254.381,242.367,250.447,33802197.13
3/14/2023,253.237,257.499,252.36,257.221,34086661.12
3/15/2023,256.424,262.834,255.664,261.808,46666530.84
3/16/2023,261.577,272.776,259.678,272.422,55592750.93
3/17/2023,274.453,279.454,272.539,275.605,70491828.67
3/20/2023,273.19,273.683,266.157,268.506,44069602.09
3/21/2023,271.119,271.237,265.832,270.034,35038089.41
3/22/2023,269.661,277.195,268.456,268.565,35357079.78
3/23/2023,274.137,277.213,271.436,273.861,37118731.41
3/24/2023,273.447,276.79,271.515,276.731,28591141.32
3/27/2023,276.662,277.608,271.75,272.598,27212529.38
3/28/2023,272.017,272.363,268.322,271.465,22182139.4
3/29/2023,275.143,277.293,274.6,276.671,25435029.92
3/30/2023,280.342,280.567,277.629,280.163,25400941.53
3/31/2023,279.849,285.312,279.128,284.355,33220493.36
4/3/2023,282.599,284.326,280.064,283.299,25228514.41
4/4/2023,283.299,286.476,281.762,283.251,26182524.01
4/5/2023,281.939,283.221,279.049,280.451,22370844.23
4/6/2023,279.336,288.083,278.171,287.61,30183296.93
4/10/2023,285.252,285.637,280.816,285.431,23423470.09
4/11/2023,281.842,282.066,277.786,278.961,27654959.64
4/12/2023,280.895,283.083,278.102,279.611,27783562.15
4/13/2023,279.71,285.934,279.296,285.874,24558685.92
4/14/2023,283.073,284.533,279.809,282.225,21279053.53
4/17/2023,285.964,287.61,282.245,284.849,24166870.17
4/18/2023,287.58,287.764,283.083,284.424,20441522.57
4/19/2023,282.076,285.095,280.646,284.504,17388173.14
4/20/2023,281.349,285.076,281.179,282.195,23566800.11
4/21/2023,281.109,282.355,279.188,281.852,21977073.73
4/24/2023,278.231,281.049,274.907,277.915,26980152.03
4/25/2023,275.685,277.746,271.601,271.651,46407171.33
4/26/2023,292.641,295.472,288.725,291.329,65495277.68
4/27/2023,291.92,301.023,291.211,300.659,47107150.33
4/28/2023,299.85,304.703,299.16,303.055,36975505.82
5/1/2023,302.77,304.378,300.975,301.38,21589498.99
5/2/2023,303.549,304.95,299.752,301.232,26770703.39
5/3/2023,302.426,304.388,299.93,300.235,22670934.01
5/4/2023,302.048,303.551,299.249,301.232,22832294.72
5/5/2023,301.536,307.701,300.107,306.399,28588190.95
5/8/2023,305.888,305.955,301.903,304.427,21614336.82
5/9/2023,303.786,305.798,302.118,302.8,21636860.99
5/10/2023,304.398,308.717,303.461,308.037,30495275.37
5/11/2023,305.858,306.863,302.068,305.868,32119634.59
5/12/2023,306.301,306.399,302.406,304.743,20049003.18
5/15/2023,304.866,305.666,303.383,305.226,16563161.47
5/16/2023,305.591,309.419,305.591,307.475,27101140.37
5/17/2023,308.69,310.806,307.158,310.381,24598526.56
5/18/2023,310.905,315.363,310.104,314.848,27594030.76
5/19/2023,313.09,315.077,312.724,314.671,27867897.26
5/22/2023,314.928,318.872,314.344,317.479,24396854.15
5/23/2023,316.342,319,311.617,311.626,31156269.97
5/24/2023,311.102,312.852,309.007,310.233,23657556.25
5/25/2023,319.514,323.131,316.312,322.163,43806644.04
5/26/2023,320.285,329.557,320.147,329.053,37057748.47
5/30/2023,331.367,331.871,326.71,327.393,29847077.64
5/31/2023,328.46,332.067,323.556,324.604,46486339.33
6/1/2023,322.173,329.686,320.978,328.747,27086035.78
6/2/2023,330.395,333.61,328.717,331.533,26175458.77
6/5/2023,331.357,334.659,330.804,332.067,21555494.57
6/6/2023,331.466,331.504,328.342,329.835,20634044.24
6/7/2023,327.827,330.634,318.783,319.653,41191893.27
6/8/2023,320.202,322.876,319.623,321.511,23549127.53
6/9/2023,321.244,326.186,320.671,323.023,22791638.97
6/12/2023,324.793,328.273,321.413,328.025,24590171.26
6/13/2023,330.609,333.096,326.582,330.438,23218892.35
6/14/2023,330.486,335.133,328.974,333.452,26306996.83
6/15/2023,333.591,345.808,333.314,344.088,39352640.65
6/16/2023,347.271,347.42,338.009,338.385,47094784.06
6/20/2023,335.399,338.137,331.988,334.155,26682945.9
6/21/2023,332.493,333.837,328.243,329.716,25410674.11
6/22/2023,330.27,336.2,329.497,335.795,23831437.34
6/23/2023,330.506,334.065,329.607,331.158,23416795.32
6/26/2023,330.774,332.236,324.704,324.813,21771513.33
6/27/2023,328.035,332.276,325.504,330.714,24638080.45
6/28/2023,330.804,334.085,329.963,331.978,20495750.31
6/29/2023,330.852,332.236,328.787,331.188,17195228.57
6/30/2023,333.857,338.78,333.314,336.616,27145627.62
7/3/2023,335.28,336.971,332.692,334.095,12654544.13
7/5/2023,331.228,337.712,330.869,334.253,18384269.07
7/6/2023,333.412,339.037,331.633,337.337,28524295.69
7/7/2023,335.409,337.851,333.116,333.333,21462190.18
7/10/2023,330.744,331.367,323.815,328.005,33173799.35
7/11/2023,327.244,329.023,323.231,328.638,27009520.89
7/12/2023,332.721,337.714,331.802,333.314,30345008.63
7/13/2023,335.647,339.778,335.113,338.71,20806973.36
7/14/2023,343.583,347.381,340.342,341.261,28683323.6
7/17/2023,341.694,342.991,338.256,341.745,20601371.66
7/18/2023,341.844,362.553,338.226,355.346,65629124.8
7/19/2023,357.581,358.282,348.373,350.987,40196189.11
7/20/2023,349.494,353.844,341.389,342.872,34172253.2
7/21/2023,345.125,346.263,335.913,339.808,70214653.1
7/24/2023,341.864,342.922,338.365,341.132,27030754.63
7/25/2023,343.109,347.835,341.093,346.935,42123237.64
7/26/2023,337.504,340.697,329.271,333.876,59064459.62
7/27/2023,336.556,337.397,325.258,326.909,40097411.64
7/28/2023,329.825,336.091,329.331,334.47,28817003.34
7/31/2023,333.037,333.803,329.517,332.048,25742724.21
8/1/2023,331.327,334.639,329.855,332.464,18595579.56
8/2/2023,329.785,329.785,322.593,323.725,28084955
8/3/2023,322.243,326.078,322.193,322.896,18574434.85
8/4/2023,328.055,331.278,323.469,324,24018311.19
8/7/2023,324.584,327.293,323.745,326.306,17948393.3
8/8/2023,323.191,324.962,319.277,322.292,22587914.91
8/9/2023,322.707,323.341,317.35,318.516,22634141.71
8/10/2023,322.258,324.477,317.479,319.208,20348252.29
8/11/2023,316.568,318.693,315.531,317.31,24639477.55
8/14/2023,317.685,320.324,316.392,320.305,19055769.56
8/15/2023,319.277,321.343,317.204,318.149,17164112.95
8/16/2023,317.774,321.36,316.787,317.378,20895973.24
8/17/2023,317.517,318.834,313.228,313.891,21459586.74
8/18/2023,311.523,315.377,308.612,313.494,24990746.76
8/21/2023,314.931,319.725,314.049,318.844,24268881.49
8/22/2023,322.43,322.999,318.428,319.419,16255358.88
8/23/2023,320.765,326.095,320.409,323.917,21367943.28
8/24/2023,329.711,329.84,316.943,316.953,23503136.31
8/25/2023,318.438,322.291,315.793,319.934,21890595.4
8/28/2023,322.587,323.073,318.686,320.646,14949498.85
8/29/2023,318.844,325.88,318.844,325.312,19468231.53
8/30/2023,325.57,326.698,323.367,325.688,15367065.71
8/31/2023,326.095,327.789,323.697,324.668,26662457.81
9/1/2023,328.185,328.859,323.697,325.56,15084312.54
9/5/2023,325.897,331.691,325.56,330.404,18730541.99
9/6/2023,330.236,331.306,327.065,329.74,17702761.05
9/7/2023,328.165,329.938,325.927,326.798,18556031.85
9/8/2023,326.976,332.989,326.353,331.116,19734316.47
9/11/2023,334.059,335.229,332.266,334.751,16741242.16
9/12/2023,332.647,333.613,328.353,328.64,17732752.96
9/13/2023,328.185,333.672,328.046,332.89,16701959.61
9/14/2023,335.949,337.645,333.395,335.505,20460045.19
9/15/2023,333.742,334.214,326.54,327.105,38038605.67
9/18/2023,324.708,327.283,323.282,325.956,16994515.25
9/19/2023,323.092,326.283,321.449,325.55,16671749.64
9/20/2023,326.403,326.481,317.488,317.744,21640658.77
9/21/2023,316.248,322.281,312.028,316.515,35898992.96
9/22/2023,318.289,318.418,313.168,314.019,21652128.97
9/25/2023,313.604,314.674,312.028,314.544,18005810.68
9/26/2023,312.157,312.9,307.095,309.196,26547997.12
9/27/2023,309.354,311.334,306.77,309.839,19594918.55
9/28/2023,308.056,312.504,306.53,310.681,19871004.84
9/29/2023,314.753,316.457,312.009,312.771,24377245.68
10/2/2023,313.296,318.852,312.207,318.764,20765888.17
10/3/2023,317.804,318.359,308.28,310.434,21233787.81
10/4/2023,311.068,317.02,311.038,315.946,20917455.89
10/5/2023,316.08,316.963,311.93,316.348,17127187.74
10/6/2023,313.564,326.085,313.316,324.173,25918112.49
10/9/2023,321.687,327.185,320.131,326.708,20080597.91
10/10/2023,327.838,327.977,324.578,325.293,20752853.21
10/11/2023,328.085,329.681,326.035,329.285,20254302.44
10/12/2023,327.447,330.482,325.618,328.036,19497011
10/13/2023,329.245,330.681,323.282,324.638,21286487.92
10/16/2023,327.927,332.97,327.481,329.501,22369052.63
10/17/2023,326.481,330.315,324.322,328.927,18513155.41
10/18/2023,329.355,332.425,325.203,326.995,23374087
10/19/2023,329.016,333.702,327.789,328.195,25290634.56
10/20/2023,328.591,328.79,322.38,323.588,25266046.63
10/23/2023,322.4,329.586,321.33,326.213,24606861.62
10/24/2023,328.175,328.71,324.509,327.412,31450237.37
10/25/2023,341.765,342.935,334.435,337.457,55578089.55
10/26/2023,337.328,338.408,323.857,324.797,38188773.18
10/27/2023,327.308,333.544,325.303,326.698,30140836.95
10/30/2023,330.266,336.248,328.7,334.129,23045467.17
10/31/2023,335.654,335.803,331.532,334.921,20458262.37
11/1/2023,336.585,344.142,336.446,342.806,28426967.22
11/2/2023,343.965,345.538,341.518,345.033,24579931.59
11/3/2023,346.333,351.046,344.053,349.471,23862767.67
11/6/2023,350.116,354.167,350.016,353.167,24055210.96
11/7/2023,356.009,359.041,354.257,357.129,26079939.99
11/8/2023,358.268,360.438,357.149,359.774,27022730.22
11/9/2023,358.883,361.349,356.962,357.288,25083944.89
11/10/2023,358.08,366.608,357.664,366.183,28332420.37
11/13/2023,364.747,364.994,362.449,363.221,20176831.67
11/14/2023,367.511,368.443,363.88,366.778,27947487.34
11/15/2023,368.524,370.36,364.385,366.927,27060951.32
11/16/2023,368.206,373.556,367.433,373.379,27385580.84
11/17/2023,370.837,371.591,364.276,367.104,40626918.91
11/20/2023,368.465,376.058,368.246,374.638,52921768.8
11/21/2023,372.883,373.43,368.366,370.301,28635689.6
11/22/2023,375.194,376.97,372.182,375.046,23535875.91
11/24/2023,374.53,375.164,372.352,374.628,10252748.67
11/27/2023,373.984,377.815,373.409,375.8,22345081.4
11/28/2023,375.542,380.157,375.353,379.86,20606057.73
11/29/2023,380.912,381.447,374.638,376.038,29179983.55
11/30/2023,375.681,377.269,372.683,376.098,30782896.96
12/1/2023,373.964,375.353,368.554,371.731,33287544.38
12/4/2023,366.361,366.778,360.206,366.401,32303070.25
12/5/2023,363.73,370.306,362.908,369.755,23237512.35
12/6/2023,370.768,371.403,365.299,366.062,21340468.8
12/7/2023,365.496,368.695,363.601,368.196,23291743.88
12/8/2023,366.459,371.681,365.496,371.451,20305077.74
12/11/2023,365.745,368.842,363.383,368.544,27915959.5
12/12/2023,368.097,371.641,367.71,371.601,25023990.24
12/13/2023,373.229,374.833,368.018,371.591,31187012.46
12/14/2023,370.539,370.985,361.428,363.214,43601084.26
12/15/2023,364.127,369.636,363.561,367.978,79089354.23
12/18/2023,366.708,370.232,365.943,369.884,21965917.1
12/19/2023,368.732,370.489,367.094,370.489,20757729.49
12/20/2023,372.217,373.239,367.78,367.87,26513442.51
12/21/2023,369.794,371.631,367.294,370.768,17840424.18
12/22/2023,370.906,372.395,369.944,371.801,17235411.55
12/26/2023,372.217,374.142,370.728,371.879,12767817.43
12/27/2023,370.916,372.277,370.044,371.294,15016872.74
12/28/2023,372.583,373.663,371.383,372.494,14434148.55
12/29/2023,373.209,374.361,370.708,373.249,18870904.78
1/2/2024,371.085,373.109,364.049,368.116,25447513.79
1/3/2024,366.272,370.485,365.775,367.85,23256080.17
1/4/2024,367.915,370.33,364.445,365.209,21057800.73
1/5/2024,366.232,369.298,363.78,365.02,21161644.5
1/8/2024,366.558,372.415,366.272,371.909,23306959.81
1/9/2024,369.248,373.199,368.436,373,20985716.69
1/10/2024,373.576,381.319,373.526,379.929,25705037.22
1/11/2024,383.135,387.781,377.556,381.776,28059111.02
1/12/2024,382.628,385.795,381.795,385.587,21823132.3
1/16/2024,390.738,391.106,384.745,387.374,27405683.04
1/17/2024,385.101,387.215,381.953,386.579,22400371.78
1/18/2024,388.813,391.066,387.225,390.946,23566990.86
1/19/2024,392.823,395.711,390.58,395.711,29550470.44
1/22/2024,397.051,397.647,390.668,393.566,27218930.9
1/23/2024,392.814,396.416,391.006,395.939,20679371.89
1/24/2024,398.559,402.619,397.477,399.572,25052904.86
1/25/2024,401.319,403.989,399.541,401.865,21178348.48
1/26/2024,401.369,403.155,399.443,400.931,17936401.56
1/29/2024,403.045,406.936,401.329,406.68,24693520.38
1/30/2024,409.2,409.985,403.433,405.558,33727951.24
1/31/2024,403.939,412.237,394.262,394.628,48229070.87
2/1/2024,398.848,404.972,398.818,400.783,30886980.51
2/2/2024,400.813,409.586,400.565,408.168,28467969.72
2/5/2024,406.857,408.108,400.991,402.639,25541867.12
2/6/2024,402.868,404.942,399.92,402.48,18520086.89
2/7/2024,404.417,411.224,404.377,410.977,22507585.56
2/8/2024,410.977,412.475,409.468,411.037,21383976.73
2/9/2024,412.169,417.697,412.009,417.428,22197602.76
2/12/2024,417.433,417.617,411.672,412.178,21361473.7
2/13/2024,401.934,407.027,400.396,403.305,28033007.27
2/14/2024,405.79,407.55,402.31,407.203,20515808.62
2/15/2024,405.86,406.844,402.031,404.289,21948145.86
2/16/2024,405.68,406.009,401.186,401.803,22421761.88
2/20/2024,400.987,402.231,395.786,400.54,24444482.51
2/21/2024,397.934,400.043,395.001,399.933,18735745.68
2/22/2024,407.898,410.524,406.287,409.351,27161616.71
2/23/2024,413.348,413.536,406.686,408.047,16387433.03
2/26/2024,409.156,409.858,405.084,405.263,16284483.87
2/27/2024,405.71,406.039,401.594,405.203,14919178.12
2/28/2024,405.895,407.013,403.055,405.442,13257190.85
2/29/2024,406.357,411.886,403.652,411.329,32126750.13
3/1/2024,408.972,413.546,408.584,413.179,17923581.25
3/4/2024,411.13,415.018,410.017,412.602,17694814.16
3/5/2024,411.648,411.935,398.402,400.401,27070415.18
3/6/2024,400.718,402.897,396.165,399.844,22469683.61
3/7/2024,403.852,407.49,399.993,406.854,18823643.76
3/8/2024,405.68,408.127,402.071,403.95,18103326.46
3/11/2024,401.506,403.414,399.018,402.261,16211322.12
3/12/2024,405.343,413.249,404.517,412.959,22583171.65
3/13/2024,415.764,415.844,409.151,412.782,17212092.27
3/14/2024,417.892,425.43,415.654,422.844,34349202.63
3/15/2024,416.947,420.239,410.484,414.093,45333172.35
3/18/2024,411.935,418.379,411.468,414.989,20218937.04
3/19/2024,415.496,419.31,413.229,419.055,19949369.01
3/20/2024,419.642,423.58,418.311,422.854,17960427.1
3/21/2024,427.428,428.412,424.774,426.971,21415869.12
3/22/2024,427.299,427.458,423.69,426.345,17747626.22
3/25/2024,422.864,425.021,419.255,420.498,18161917.8
3/26/2024,423.233,423.61,418.995,419.295,16819615.56
3/27/2024,422.069,422.079,416.669,419.075,16798830.44
3/28/2024,418.608,419.512,416.778,418.37,21994038.26
4/1/2024,421.582,425.5,419.862,422.199,16407627.85
4/2/2024,417.764,420.02,415.506,419.085,18012625.73
4/3/2024,417.385,420.896,416.743,418.101,16594977.55
4/4/2024,422.616,426.275,415.237,415.546,19479705.07
4/5/2024,417.664,424.127,415.983,423.143,16647769.49
4/8/2024,422.794,424.894,420.935,422.287,14341271.44
4/9/2024,424.057,425.351,419.265,423.898,12582585.94
4/10/2024,419.832,421.661,417.355,420.896,16307689.51
4/11/2024,423.44,426.971,420,425.539,18067362.53
4/12/2024,421.681,422.804,417.424,419.542,19361922.03
4/15/2024,424.217,424.435,411.121,411.329,20387439.44
4/16/2024,412.254,416.063,411.418,412.264,16859809.12
4/17/2024,414.919,416.54,408.037,409.538,15944564.79
4/18/2024,408.337,409.588,401.694,402.011,21148067.95
4/19/2024,401.773,403.125,395.548,396.89,30167538.32
4/22/2024,397.845,400.6,393.538,398.72,20400851.37
4/23/2024,401.976,405.919,400.808,405.293,15822901.08
4/24/2024,407.272,410.165,404.507,406.775,15149970.52
4/25/2024,391.829,397.656,385.862,396.811,40814474.09
4/26/2024,409.868,410.692,403.493,404.049,29861485.45
4/29/2024,402.985,404.049,396.959,400.003,19692107.73
4/30/2024,399.247,399.914,386.995,387.155,28943074.44
5/1/2024,390.417,399.476,388.129,392.734,23694860.48
5/2/2024,395.438,397.696,392.446,395.618,17808859.32
5/3/2024,400.033,404.876,399.614,404.389,17544743.74
5/6/2024,406.476,411.618,404.099,411.229,17092130.06
5/7/2024,412.343,412.353,406.804,407.053,20130695.05
5/8/2024,405.89,409.927,404.441,408.247,11858559.92
5/9/2024,408.277,410.414,406.814,410.017,14772257.29
5/10/2024,410.628,413.059,409.499,412.422,13477578.12
5/13/2024,415.674,416.011,408.524,411.409,15526972.77
5/14/2024,409.718,415.157,409.251,414.233,15194193.59
5/15/2024,416.315,422.202,415.687,421.475,22324213.48
5/16/2024,420.2,423.807,418.756,419.394,17596798.39
5/17/2024,420.937,421.316,416.439,418.616,15410695.04
5/20/2024,418.616,425.151,418.397,423.727,16334095.69
5/21/2024,425.206,431.328,423.239,427.412,21534941.61
5/22/2024,428.458,430.77,425.51,428.887,18142516.42
5/23/2024,431.328,431.955,423.811,425.381,17277225.19
5/24/2024,425.569,429.419,422.8,428.528,11900425.84
5/28/2024,428,429.186,424.981,428.688,15777872.82
5/29/2024,424.075,429.306,424.075,427.542,15576213.89
5/30/2024,422.691,422.691,412.669,413.097,28533079.03
5/31/2024,415.169,415.169,402.975,413.555,48177999.39
6/3/2024,413.948,414.851,407.373,411.951,17551250.62
6/4/2024,410.866,414.861,408.121,414.491,14403552.74
6/5/2024,416.225,422.471,414.721,422.402,17052722.6
6/6/2024,422.402,423.697,418.984,422.909,14917837.53
6/7/2024,424.583,424.663,421.396,422.242,13673516.55
6/10/2024,423.089,426.456,422.282,426.247,14056352.73
6/11/2024,423.862,431.178,423.637,431.039,14606506.58
6/12/2024,433.669,441.718,431.607,439.387,22451395.91
6/13/2024,439.178,441.708,437.704,439.905,16021337.34
6/14/2024,436.612,441.456,435.064,440.891,13633700.52
6/17/2024,440.906,449.23,439.048,446.669,20869191.28
6/18/2024,447.999,448.432,443.203,444.647,17177662.52
6/20/2024,444.607,444.837,439.596,444.009,19953064.21
6/21/2024,445.683,448.871,444.817,448.074,34617483.47
6/24/2024,448.094,451.032,444.717,445.972,15974312.96
6/25/2024,446.55,449.708,445.055,449.24,16811297.82
6/26/2024,447.297,451.879,446.49,450.444,16569883.09
6/27/2024,450.459,454.439,450.056,451.132,14862701.38
6/28/2024,451.352,453.653,444.717,445.255,28470264.76
7/1/2024,446.958,455.635,443.969,454.997,17730071.93
7/2/2024,451.481,457.847,451.394,457.538,14033009.18
7/3/2024,456.452,459.272,456.143,459.022,9970650.796
7/5/2024,457.867,466.573,457.224,465.787,16061213.59
7/8/2024,464.781,465.926,462.698,464.471,13011677.06
7/9/2024,465.229,465.557,456.263,457.797,17294107.22
7/10/2024,459.47,464.691,457.114,464.481,18265384.48
7/11/2024,461.224,463.017,449.838,452.975,23199174.4
7/12/2024,452.602,454.629,448.935,451.83,16386431.21
7/15/2024,451.58,455.525,449.718,452.238,14484389.37
7/16/2024,452.497,452.577,444.965,447.815,17241078.07
7/17/2024,440.911,443.163,437.514,441.838,21836852.82
7/18/2024,442.655,442.963,432.752,438.7,20874001.52
7/19/2024,431.457,439.466,430.362,435.452,21020150.9
7/22/2024,440.114,442.913,437.248,441.26,15868949.3
7/23/2024,442.211,446.689,441.419,443.163,13156957.13
7/24/2024,438.78,439.806,425.963,427.273,26907867.26
7/25/2024,427.174,428.17,415.926,416.813,30057810.66
7/26/2024,416.614,427.288,415.687,423.657,23673638.14
7/29/2024,429.943,430.51,423.093,425.111,15183429.98
7/30/2024,426.097,427.422,415.777,421.316,32812041.04
7/31/2024,418.9,420.175,410.646,416.763,43054681.55
8/1/2024,419.189,425.839,411.523,415.528,30411758.26
8/2/2024,410.925,413.425,402.807,406.94,29549989.39
8/5/2024,387.694,399.518,384.117,393.651,40864244.76
8/6/2024,398.482,404.131,396.988,398.094,25041512.78
8/7/2024,407.085,408.524,395.962,396.919,20729537.54
8/8/2024,400.914,404.321,398.423,401.162,20279956.18
8/9/2024,402.497,406.502,400.737,404.48,19350064.91
8/12/2024,405.516,407.21,402.71,405.267,16826710.29
8/13/2024,408.036,413.376,408.016,412.439,19488193.86
8/14/2024,413.227,416.135,410.882,415.279,18336534.37
8/15/2024,418.961,420.269,416.826,420.189,20793682.32
8/16/2024,419.76,420.498,416.466,417.634,22821181.54
8/19/2024,418.123,420.907,415.628,420.688,15264449.9
8/20/2024,420.858,425.009,420.798,423.951,16420383.04
8/21/2024,423.228,425.548,420.878,423.293,16099458.94
8/22/2024,423.512,425.937,413.782,414.72,19400656.55
8/23/2024,416.147,418.422,411.267,415.957,18530801.9
8/26/2024,415.533,416.446,410.518,412.664,13179157.23
8/27/2024,412.035,413.532,409.43,413.013,13519918.95
8/28/2024,414.051,414.171,406.496,409.78,14912449.73
8/29/2024,414.111,421.207,409.78,412.295,17079359.43
8/30/2024,414.77,416.656,411.307,416.307,24356980.51
9/3/2024,417.075,419.041,406.217,408.622,20354263.52
9/4/2024,405.099,410.418,403.562,408.083,15166102.43
9/5/2024,406.806,412.275,405.319,407.574,14223930.31
9/6/2024,408.243,409.83,399.999,400.898,19648777.21
9/9/2024,406.426,407.834,401.347,404.91,15325749.35
9/10/2024,407.385,415.498,406.886,413.373,19633507.71
9/11/2024,414.67,423.143,408.762,422.195,19305488.44
9/12/2024,422.464,426.515,418.911,426.147,17453625.08
9/13/2024,424.974,430.967,424.61,429.73,15906330.14
9/16/2024,429.74,432.664,427.365,430.478,13862389.08
9/17/2024,439.351,440.967,431.406,434.281,18912010.41
9/18/2024,434.131,435.159,429.55,429.949,18935869.07
9/19/2024,440.344,440.618,436.027,437.814,21750007.71
9/20/2024,436.347,438.363,433.353,434.4,55277530.68
9/23/2024,433.412,435.588,429.529,432.644,15159173.59
9/24/2024,432.135,432.484,425.249,428.313,17049813.41
9/25/2024,428.971,432.254,427.714,431.247,13423178.7
9/26/2024,434.216,434.43,428.273,430.448,14521051.85
9/27/2024,430.658,430.987,426.616,427.165,14925947.69
9/30/2024,427.355,429.56,424.52,429.44,16888342.85
10/1/2024,427.594,427.624,417.973,419.85,19131162.2
10/2/2024,421.736,421.975,415.878,416.297,16615448.71
10/3/2024,416.796,418.712,413.462,415.708,13713816.29
10/4/2024,417.405,418.911,414.141,415.229,19229326.3
10/7/2024,415.169,416.277,408.183,408.722,20961634.83
10/8/2024,410.079,414.83,407.355,413.882,19267751.06
10/9/2024,415.029,419.54,413.472,416.626,15004230.07
10/10/2024,414.396,416.516,412.325,415.009,13876095.46
10/11/2024,415.304,416.297,412.424,415.488,14173257.08
10/14/2024,416.935,423.193,416.686,418.303,16686419.48
10/15/2024,421.337,421.636,414.43,417.904,18938032.4
10/16/2024,414.341,415.528,409.66,415.289,15539975.3
10/17/2024,421.516,421.656,414.76,415.888,14849668.31
10/18/2024,416.307,418.812,415.429,417.325,17179635.75
10/21/2024,415.289,418.123,412.924,417.943,14234550.53
10/22/2024,417.654,429.719,417.205,426.656,25533203.18
10/23/2024,429.994,430.219,421.686,423.752,19693719.99
10/24/2024,424.475,425.127,421.556,423.882,13608816.53
10/25/2024,425.907,431.656,425.713,427.295,16932889.84
10/28/2024,430.793,431.077,425.448,425.738,14912233.29
10/29/2024,427.145,432.305,424.95,431.087,17679397.09
10/30/2024,436.561,437.624,431.237,431.666,29808696.08
10/31/2024,414.53,415.329,405.488,405.538,54079011.47
11/1/2024,408.193,414.67,406.686,409.55,24278942.62
11/4/2024,408.971,409.595,404.761,407.644,19711662.83
11/5/2024,407.554,414.071,407.265,410.638,17661291.93
11/6/2024,411.596,419.61,409.7,419.341,26735249.44
11/7/2024,420.438,425.997,419.041,424.58,19941618.2
11/8/2024,424.47,425.648,420.937,421.696,16925224.53
11/11/2024,421.671,423.961,415.169,417.175,24552367.82
11/12/2024,417.414,423.592,416.367,422.185,19440038.22
11/13/2024,420.798,428.467,417.375,424.351,21545224.63
11/14/2024,424.151,427.315,419.161,426.037,30307424.36
11/15/2024,418.981,421.955,412.814,414.171,28304185.61
11/18/2024,414.041,417.568,411.277,414.929,24791537.6
11/19/2024,412.285,417.105,410.728,416.955,18169825.8
11/20/2024,416.037,416.456,409.76,414.66,19230069.78
11/21/2024,419.5,419.78,410.2887,412.87,20780162
11/22/2024,411.365,417.4,411.06,417,24814626
11/25/2024,418.38,421.08,414.85,418.79,27691090
11/26/2024,419.585,429.0414,418.85,427.99,23458889
11/27/2024,425.105,427.2299,422.02,422.99,18332444
11/29/2024,420.09,424.8849,417.8,423.46,16271921
12/2/2024,421.57,433,421.31,430.98,20207223
12/3/2024,429.84,432.47,427.74,431.2,18301987
12/4/2024,433.03,439.67,432.63,437.42,26009429
12/5/2024,437.92,444.66,436.171,442.62,21697775
12/6/2024,442.3,446.1,441.7703,443.57,18821002
12/9/2024,442.6,448.33,440.5,446.02,19144388
12/10/2024,444.39,449.62,441.6,443.33,18469459
12/11/2024,444.05,450.35,444.05,448.99,19200208
12/12/2024,449.11,456.1648,449.11,449.56,20834779
12/13/2024,448.435,451.43,445.58,447.27,20177833
12/16/2024,447.27,452.18,445.28,451.59,23598834
12/17/2024,451.01,455.29,449.57,454.46,22733494
12/18/2024,451.32,452.65,437.02,437.39,24444545
12/19/2024,441.62,443.1834,436.32,437.03,22963681
12/20/2024,433.11,443.74,428.63,436.6,64263694
12/23/2024,436.74,437.65,432.83,435.25,19152519
12/24/2024,434.65,439.6,434.19,439.33,7164543
12/26/2024,439.08,440.94,436.63,438.11,8199927
12/27/2024,434.6,435.22,426.35,430.53,18117713
12/30/2024,426.06,427.55,421.9,424.83,13158703
12/31/2024,426.1,426.73,420.66,421.5,13246509
1/2/2025,425.53,426.07,414.85,418.58,16896469
1/3/2025,421.08,424.03,419.54,423.35,16662943
1/6/2025,428,434.32,425.4774,427.85,20573648
1/7/2025,429,430.65,420.8,422.37,18139065
1/8/2025,423.46,426.97,421.54,424.56,15054575
1/10/2025,424.63,424.71,415.02,418.95,20201132
1/13/2025,415.235,418.5,412.29,417.19,17604780
1/14/2025,417.81,419.74,410.72,415.67,16935856
1/15/2025,419.13,428.15,418.265,426.31,19637838
1/16/2025,428.695,429.49,424.39,424.58,15300023
1/17/2025,434.085,434.48,428.17,429.03,26197507
1/21/2025,430.2,430.8999,425.595,428.5,26085703
1/22/2025,437.56,447.27,436,446.2,27803811
1/23/2025,442,446.75,441.5048,446.71,18389270
1/24/2025,445.16,446.65,441.4,444.06,15549453
1/27/2025,424.01,435.2,423.5,434.56,35647805
1/28/2025,434.6,448.38,431.38,447.2,23491703
1/29/2025,446.69,446.88,440.4,442.33,23581370
1/30/2025,418.77,422.86,413.16,414.99,54586260
1/31/2025,418.98,420.69,414.91,415.06,34223388
2/3/2025,411.6,415.41,408.66,410.92,25679149
2/4/2025,412.685,413.9199,409.74,412.37,20532096
2/5/2025,412.35,413.827,410.4,413.29,16336188
2/6/2025,414,418.2,414,415.82,16309755
2/7/2025,416.48,418.65,408.1,409.75,22886844
2/10/2025,413.71,415.4624,410.92,412.22,20817919
2/11/2025,409.64,412.49,409.3,411.44,18140592
2/12/2025,407.21,410.75,404.3673,409.04,19121734
2/13/2025,407,411,406.36,410.54,23891731
2/14/2025,407.79,408.91,405.88,408.43,22758464
2/18/2025,408,410.597,406.5,409.64,21423051
2/19/2025,407.88,415.49,407.65,414.77,24114197
2/20/2025,415.29,419.31,412.54,416.13,23508728
2/21/2025,417.335,418.048,407.89,408.21,27524799
2/24/2025,408.51,409.37,399.32,404,26443656
2/25/2025,401.1,401.915,396.7,397.9,29387402
2/26/2025,398.01,403.6,394.245,399.73,19618954
2/27/2025,401.265,405.74,392.17,392.53,21127406
2/28/2025,392.655,397.63,386.57,396.99,32845658
3/3/2025,398.82,398.82,386.155,388.49,23007726
3/4/2025,383.4,392.58,381,388.61,29342923
3/5/2025,389.34,401.67,388.81,401.02,23433132
3/6/2025,394.28,402.15,392.6777,396.89,23304625
3/7/2025,392.32,394.8,385.54,393.31,22034087
3/10/2025,385.84,386.4,377.22,380.16,32840134
3/11/2025,379,386,376.91,380.45,30380177
3/12/2025,382.95,385.2165,378.9507,383.27,24253567
3/13/2025,383.155,385.32,377.45,378.77,20473017
3/14/2025,379.775,390.23,379.51,388.56,19952846
3/17/2025,386.7,392.705,385.57,388.7,22474272
3/18/2025,387.07,387.37,381.1,383.52,19486850
3/19/2025,385.525,389.68,384,387.82,19185532
3/20/2025,385.735,391.785,383.28,386.84,18470542
3/21/2025,383.215,391.74,382.8,391.26,39675928
3/24/2025,395.4,395.4,389.81,393.08,21004548
3/25/2025,393.915,396.36,392.64,395.16,15774968
3/26/2025,395,395.31,388.57,389.97,16132906
3/27/2025,390.13,392.24,387.395,390.58,13766761
3/28/2025,388.08,389.13,376.93,378.8,21632016
3/31/2025,372.535,377.07,367.24,375.39,35184676
4/1/2025,374.65,382.85,373.23,382.19,19689503
4/2/2025,377.965,385.08,376.62,382.14,16092555
4/3/2025,374.785,377.48,369.35,373.11,30197997
4/4/2025,364.125,374.59,359.48,359.84,49209854
4/7/2025,350.88,370.9999,344.79,357.86,50424998
4/8/2025,368.255,373.65,350.25,354.56,35868918
4/9/2025,353.535,393.225,353.1,390.49,50199696
4/10/2025,382.06,383.9,367.8,381.35,38024368
4/11/2025,380.635,390.05,378.89,388.45,23839220
4/14/2025,393.22,394.65,384.21,387.81,19251172
4/15/2025,388.505,391.89,384.1599,385.73,17199890
4/16/2025,380.67,381.61,368,371.61,21967826
4/17/2025,373.745,374.3215,366.89,367.78,21120192
4/21/2025,362.815,364.48,355.67,359.12,20807279
4/22/2025,363.375,367.77,359.8602,366.82,19484993
4/23/2025,376.06,380.39,373.02,374.39,20545526
4/24/2025,375.695,388.45,375.19,387.3,22232289
4/25/2025,387,392.16,384.6,391.85,18973165
4/28/2025,391.955,392.74,386.638,391.16,16579430
4/29/2025,391.3,395.1,390.38,394.04,14973976
4/30/2025,390.3,396.66,384.44,395.26,36461075
5/1/2025,431.11,436.99,424.9,425.4,58938100
5/2/2025,431.74,439.44,429.985,435.28,30757434
5/5/2025,432.87,439.5,432.11,436.17,20136053
5/6/2025,432.2,437.73,431.17,433.31,15104204
5/7/2025,433.84,438.12,431.1103,433.35,23307241
5/8/2025,437.93,443.67,435.66,438.17,23491330
5/9/2025,440,440.74,435.88,438.73,15324233
5/12/2025,445.94,449.37,439.78,449.26,22821935
5/13/2025,447.78,450.6733,445.36,449.14,23618819
5/14/2025,448.14,453.9,448.14,452.94,19902796
5/15/2025,450.765,456.19,450.4301,453.13,21992323
5/16/2025,452.05,454.36,448.73,454.27,23849781
5/19/2025,450.875,459.585,450.8,458.87,21336509
5/20/2025,455.59,458.34,454.3201,458.17,15441808
5/21/2025,454.57,457.78,451.814,452.57,19216906
5/22/2025,454.95,460.25,453.9,454.86,18025612
5/23/2025,449.98,453.69,448.91,450.18,16883509
5/27/2025,456.48,460.95,456.115,460.69,20974293
5/28/2025,461.22,462.52,456.93,457.36,17086261
5/29/2025,461.55,461.72,455.3105,458.68,13982211
5/30/2025,459.715,461.68,455.54,460.36,34770475
6/2/2025,457.14,462.11,456.89,461.97,16626495
6/3/2025,461.47,464.14,460.8622,462.97,15743760
6/4/2025,464,465.69,463.0201,463.87,14162688
6/5/2025,464.955,469.65,464.03,467.68,20154460
6/6/2025,470.085,473.335,468.78,470.38,15285624
6/9/2025,469.7,473.43,468.62,472.75,16469932
6/10/2025,471.185,472.8,466.96,470.92,15375944
6/11/2025,470.02,475.47,469.655,472.62,16399176
6/12/2025,475.02,480.415,473.52,478.87,18950582
6/13/2025,476.41,479.18,472.76,474.96,16814456
6/16/2025,475.21,480.6943,475,479.14,15626104
6/17/2025,475.395,478.7399,474.08,478.04,15414128
6/18/2025,478,481,474.46,480.24,17526452
6/20/2025,482.23,483.46,476.87,477.4,37576206
6/23/2025,478.21,487.75,472.51,486,24863952
6/24/2025,488.95,491.849,486.795,490.11,22305642
6/25/2025,492.04,494.5556,489.39,492.27,17495099
6/26/2025,492.98,498.04,492.81,497.45,21578853
6/27/2025,497.55,499.3,493.03,495.94,34539236
6/30/2025,497.04,500.76,495.33,497.41,28368991
7/1/2025,496.47,498.05,490.98,492.05,19945375
7/2/2025,489.99,493.5,488.7,491.09,16319641
7/3/2025,493.81,500.13,493.44,498.84,13984829
7/7/2025,497.38,498.75,495.225,497.72,13981605
7/8/2025,497.24,498.2,494.11,496.62,11846586
7/9/2025,500.3,506.78,499.74,503.51,18659538
7/10/2025,503.05,504.44,497.75,501.48,16498740
7/11/2025,498.47,505.03,497.795,503.32,16459512
7/14/2025,501.515,503.97,501.03,503.02,12058848
7/15/2025,503.02,508.3,502.79,505.82,14927202
7/16/2025,505.18,506.72,501.89,505.62,15154374
7/17/2025,505.68,513.37,505.62,511.7,17503129
7/18/2025,514.48,514.64,507.43,510.05,21209666
7/21/2025,506.705,512.09,505.55,510.06,14066805
7/22/2025,510.97,511.2,505.27,505.27,13868644
7/23/2025,506.75,506.79,500.7,505.87,16396585
7/24/2025,508.77,513.67,507.3,510.88,16107000
7/25/2025,512.465,518.29,510.3592,513.71,19125699
7/28/2025,514.08,515,510.12,512.5,14308027
7/29/2025,515.53,517.62,511.56,512.57,16469235
7/30/2025,515.17,515.95,509.435,513.24,26380434
7/31/2025,555.225,555.45,531.9,533.5,51617326
8/1/2025,535,535.8,520.86,524.11,28977628
8/4/2025,528.27,538.25,528.13,535.64,25349004
8/5/2025,537.18,537.3,527.24,527.75,19171569
8/6/2025,530.9,531.7,524.03,524.94,21355702
8/7/2025,526.8,528.09,517.5511,520.84,16079144
8/8/2025,522.6,524.66,519.41,522.04,15531009
8/11/2025,522.3,527.59,519.72,521.77,20194372
8/12/2025,523.75,530.98,522.7,529.24,18688921
8/13/2025,532.11,532.7,519.37,520.58,19619160
8/14/2025,522.56,525.9499,520.14,522.48,20269074
8/15/2025,522.77,526.1,519.08,520.17,25213272
8/18/2025,521.585,522.82,514.02,517.1,23760583
8/19/2025,515,515.1641,508.55,509.77,21481016
8/20/2025,509.865,511,504.44,505.72,27723025
8/21/2025,503.69,507.63,502.7201,504.24,18443254
8/22/2025,504.25,510.73,502.41,507.23,24324161
8/25/2025,506.63,508.19,504.12,504.26,21638579
8/26/2025,504.355,504.9778,498.51,502.04,30835709
8/27/2025,502,507.29,499.9,506.74,17277893
8/28/2025,507.09,511.09,505.5,509.64,18015593
8/29/2025,508.66,509.6,504.4915,506.69,20961569
9/2/2025,500.465,506,496.81,505.12,18127995
9/3/2025,503.79,507.79,502.32,505.35,16345078
9/4/2025,504.3,508.15,503.15,507.97,15509486
9/5/2025,509.07,511.97,492.37,495,31994846
9/8/2025,498.105,501.195,495.03,498.2,16771015
9/9/2025,501.43,502.25,497.7,498.41,14410542
9/10/2025,502.98,503.2299,496.72,500.37,21611816
9/11/2025,502.25,503.17,497.88,501.01,18881608
9/12/2025,506.65,512.55,503.85,509.9,23624884
9/15/2025,508.79,515.47,507,515.36,17143786
9/16/2025,516.88,517.23,508.6,509.04,19711922
9/17/2025,510.62,511.29,505.93,510.02,15816585
9/18/2025,511.49,513.07,507.66,508.45,18913696
9/19/2025,510.56,519.3,510.31,517.93,52474093
9/22/2025,515.59,517.74,512.545,514.45,20009314
9/23/2025,513.8,514.5899,507.31,509.23,19799580
9/24/2025,510.38,512.48,506.92,510.15,13533711
9/25/2025,508.3,510.01,505.04,507.03,15786468
9/26/2025,510.06,513.94,506.62,511.46,16213129
9/29/2025,511.5,516.845,508.88,514.6,17617775
9/30/2025,513.24,518.16,509.66,517.95,19728229
10/1/2025,514.8,520.505,511.69,519.71,22632336
10/2/2025,517.64,521.6,510.6791,515.74,21222886
10/3/2025,517.1,520.49,515,517.35,15112321
10/6/2025,518.61,531.03,518.2,528.57,21388581
10/7/2025,528.285,529.8,521.44,523.98,14615208
10/8/2025,523.28,526.95,523.09,524.85,13363447
10/9/2025,522.335,524.325,517.4,522.4,18343602
10/10/2025,519.64,523.58,509.63,510.96,24133840
10/13/2025,516.41,516.41,511.68,514.05,14284238
10/14/2025,510.225,515.282,506,513.57,14684300
10/15/2025,514.955,517.19,510,513.43,14694654
10/16/2025,512.58,516.85,508.13,511.61,15559565
10/17/2025,509.04,515.48,507.31,513.58,19867765
10/20/2025,514.61,518.7,513.43,516.79,14665620
10/21/2025,517.5,518.69,513.04,517.66,15586204
10/22/2025,521.15,525.23,517.71,520.54,18962694
10/23/2025,522.46,523.95,518.61,520.56,14023532
10/24/2025,522.79,525.345,520.71,523.61,15532360
10/27/2025,531.78,534.58,529.01,531.52,18734716
10/28/2025,550,553.72,540.77,542.07,29986683
10/29/2025,544.94,546.27,536.7287,541.55,36023004
10/30/2025,530.48,534.97,522.12,525.76,41023088
10/31/2025,528.875,529.32,515.1,517.81,34006424
11/3/2025,519.805,524.96,514.59,517.03,22374742
11/4/2025,511.76,515.55,507.84,514.33,20958663
11/5/2025,513.3,514.83,506.575,507.16,23024342
11/6/2025,505.66,505.7,495.81,497.1,27406496
11/7/2025,496.945,499.377,493.25,496.82,24019764
11/10/2025,500.035,506.85,498.8,506,26101480
11/11/2025,504.8,509.6,502.3488,508.68,17980020
11/12/2025,509.355,511.67,499.1201,511.14,26574851
11/13/2025,510.31,513.5,501.29,503.29,25273114
11/14/2025,498.23,511.6,497.44,510.18,28505746
11/17/2025,508.45,512.12,504.91,507.49,19092752
11/18/2025,495.365,502.98,486.78,493.79,33815114
11/19/2025,490.1,495.1872,482.83,487.12,23245314
11/20/2025,492.71,493.57,475.5,478.43,26802542
11/21/2025,478.5,478.92,468.27,472.12,31769248
11/24/2025,475,476.9,468.02,474,34421046
11/25/2025,474.07,479.15,464.89,476.99,28019793
11/26/2025,486.31,488.31,481.2,485.5,25709079
11/28/2025,487.595,492.63,486.65,492.01,14386730
12/1/2025,488.435,489.8599,484.6475,486.74,23963993
12/2/2025,486.715,493.4999,486.32,490,19562722
12/3/2025,476.32,484.24,475.2,477.73,34615102
12/4/2025,479.76,481.322,476.49,480.84,22318155
12/5/2025,482.515,483.4,478.8801,483.16,22608710
12/8/2025,484.885,492.3,484.38,491.02,21965900
12/9/2025,489.1,492.12,488.5001,492.02,14696078
12/10/2025,484.03,484.25,475.08,478.56,35756229
12/11/2025,476.63,486.03,475.86,483.47,24669180
12/12/2025,479.82,482.45,476.34,478.53,21248102
12/15/2025,480.1,480.7205,472.52,474.82,23727694
12/16/2025,471.905,477.89,470.88,476.39,20705560
12/17/2025,476.905,480,475,476.12,24527176
12/18/2025,478.19,489.6,477.89,483.98,28573545
12/19/2025,487.36,487.85,482.49,485.92,70836105
12/22/2025,486.12,488.73,482.69,484.92,16963019
12/23/2025,484.98,487.83,484.74,486.85,14683582
12/24/2025,485.68,489.1625,484.83,488.02,5855880
12/26/2025,486.705,488.12,485.96,487.71,8842175
12/29/2025,484.855,488.35,484.18,487.1,10893408
12/30/2025,485.93,489.68,485.5,487.48,13944512
12/31/2025,487.84,488.14,483.3,483.62,15601554
1/2/2026,484.385,484.66,470.16,472.94,25571567
1/5/2026,474.055,476.07,469.5,472.85,25250260
1/6/2026,473.8,478.7367,469.75,478.51,23037665
1/7/2026,479.755,489.7,477.95,483.47,25564196
1/8/2026,481.24,482.66,475.86,478.11,18162616
1/9/2026,474.06,479.82,472.2001,479.28,18491036
1/12/2026,476.67,480.99,475.6803,477.18,23519895
1/13/2026,474.675,475.7799,465.95,470.67,28545800
1/14/2026,466.46,468.2,457.1701,459.38,28184302
1/15/2026,464.12,464.25,455.9,456.66,23225839
1/16/2026,457.83,463.19,456.48,459.86,34246650
1/20/2026,451.215,456.8,449.28,454.52,26129992
1/21/2026,452.595,452.69,438.68,444.11,37980510
1/22/2026,447.62,452.84,444.7,451.14,25349378
1/23/2026,451.87,471.1,450.53,465.95,38000159
1/26/2026,465.305,474.25,462,470.28,29291235
1/27/2026,473.7,482.87,473.16,480.58,29213923
1/28/2026,483.21,483.74,478,481.63,36875403
1/29/2026,439.99,442.5,421.02,433.5,128855323
1/30/2026,439.17,439.6,426.45,430.29,58566819
2/2/2026,430.235,430.736,422.25,423.37,42219858
2/3/2026,422.01,422.05,408.56,411.21,61424123
2/4/2026,411,419.8,409.24,414.19,45012374
2/5/2026,407.44,408.3,392.32,393.67,66289247
2/6/2026,399.165,401.79,392.92,401.14,53515311
2/9/2026,404.85,414.89,400.87,413.6,45480526
2/10/2026,419.62,423.68,412.7,413.27,44857850
2/11/2026,416.175,416.46,401.01,404.37,42491012
2/12/2026,405,406.2,398.01,401.84,40802362
2/13/2026,404.45,405.54,398.05,401.32,34091553
2/17/2026,399.22,400.52,394.525,396.86,32078794
2/18/2026,398.13,402.56,396.32,399.6,23223417
2/19/2026,400.69,404.43,396.67,398.46,28234001
2/20/2026,396.11,400.1159,395.16,397.23,34015249
2/23/2026,395,395.36,383.1,384.47,43238300
2/24/2026,384.14,389.36,381.71,389,33884700
2/25/2026,390.525,401.47,390.16,400.6,43625500
2/26/2026,404.71,407.49,398.74,401.72,34214348
2/27/2026,390.88,396.82,389.88,392.74,51268782
3/2/2026,392.855,401.19,390.63,398.55,35474908
3/3/2026,393.14,406.7,392.67,403.79,38199209
3/4/2026,401.265,411.0326,400.31,405,35807990
3/5/2026,404.42,411.61,404.4,410.68,39001315
3/6/2026,409.2,413.05,408.5101,408.63,31123859
3/9/2026,404.915,410.21,403.5,409.35,30131854
3/10/2026,410.03,410.2,402.93,405.76,31706375
3/11/2026,405.57,409.01,401.59,404.88,25512139
3/12/2026,404.63,406.12,401.71,401.86,27263886
3/13/2026,401,404.8,394.25,395.55,26848000
3/16/2026,398.07,400.63,394.79,399.95,27733721
3/17/2026,400.27,404.4,397.745,399.41,26228279
3/18/2026,397.125,398,391,391.79,25908485
3/19/2026,390.1,392.49,387.06,389.02,25138772
3/20/2026,386.79,387,380.12,381.87,50853154
3/23/2026,383.9,387.21,381.68,383,29680059
3/24/2026,382.36,382.47,371.85,372.74,42733625
3/25/2026,376.92,377.06,369.63,371.04,31181163
3/26/2026,370.815,374.7199,365.19,365.97,36836574
3/27/2026,361.9,362.45,356.51,356.77,37883400
3/30/2026,361.895,365.36,356.28,358.96,44797003
3/31/2026,364.55,372.9,363.07,370.17,45244366
4/1/2026,373.49,373.99,368.2,369.37,29417206
4/2/2026,367.205,373.64,364.15,373.46,24099067
4/6/2026,373.49,373.73,369.5014,372.88,16146572
4/7/2026,370.34,372.45,366.56,372.29,21443349
4/8/2026,384.98,385,371.41,374.33,33064818
4/9/2026,372.5,373.5,367.05,373.07,30435297
4/10/2026,372.98,375.64,370.03,370.87,28111128
4/13/2026,373.605,384.54,371.02,384.37,35745781
4/14/2026,387.915,394.69,386.52,393.11,37504486
4/15/2026,398,414.3699,396.73,411.22,45063389
4/16/2026,419.86,420.82,412.14,420.26,41642361
4/17/2026,424.82,431.58,420.69,422.79,48568190
4/20/2026,421.145,423.33,416.3,418.07,27582237
4/21/2026,420.24,427.18,417.2,424.16,32048495
4/22/2026,426.185,433.7,423.67,432.92,29378173
4/23/2026,419.885,423.66,411.4101,415.75,38307959
4/24/2026,416.97,424.95,415.8,424.62,27457405
4/27/2026,422.375,427.11,417.0701,424.82,30867303
4/28/2026,424.57,429.92,421.9,429.25,30438087
4/29/2026,424.575,426.82,420.29,424.46,38288316
4/30/2026,410.81,414.42,398.01,407.78,70909408
5/1/2026,412.8,417.11,410.435,414.44,31372361
5/4/2026,411.54,420.78,410.8,413.62,28066528
5/5/2026,415.32,416.7799,408.8,411.38,25700891
5/6/2026,408,418.4228,405.11,413.96,30285898
5/7/2026,420.11,427.98,418.76,420.77,34942445
5/8/2026,417.385,418.63,414,415.12,33383790
5/11/2026,407.785,412.69,405.5,412.66,35657943
5/12/2026,414.48,415.5,406.64,407.77,38594221
5/13/2026,403.2,406.31,401.03,405.21,29667073
5/14/2026,404.48,411.84,400.88,409.43,27077542
5/15/2026,414.27,428.17,412.91,421.92,50771160
5/18/2026,416.62,425.12,415.61,423.54,32564130
5/19/2026,429.9,432.7,416.49,417.42,33018678
5/20/2026,414.165,422.1,411.3001,421.06,27864016
5/21/2026,424.75,426.34,415.71,419.09,31393469
5/22/2026,419.535,424.4,416.33,418.57,22390344
5/26/2026,416.43,419.77,413.02,416.03,30398049
5/27/2026,411.01,415.94,409.58,412.67,28901479
5/28/2026,412.975,429.49,412.67,426.99,47250541
5/29/2026,432.545,450.33,432.36,449.7,79153111
