Date,Open,High,Low,AdjClose,Volume
1/2/2015,0.483159,0.486762,0.47548,0.483159,118406027
1/5/2015,0.483159,0.484637,0.472814,0.47498,206168066
1/6/2015,0.47568,0.476179,0.460103,0.460533,205985705
1/7/2015,0.463977,0.467992,0.458036,0.459303,335184616
1/8/2015,0.464677,0.479533,0.464427,0.476689,295577911
1/9/2015,0.478408,0.482161,0.471866,0.478657,218254458
1/12/2015,0.479772,0.479902,0.468222,0.472564,198660808
1/13/2015,0.476179,0.485785,0.468591,0.471746,246558449
1/14/2015,0.467523,0.47523,0.465626,0.473782,161715269
1/15/2015,0.477179,0.480032,0.470148,0.470368,196802589
1/16/2015,0.469669,0.479533,0.468222,0.479037,189057267
1/20/2015,0.481661,0.485087,0.474482,0.480502,131511798
1/21/2015,0.477909,0.488431,0.474482,0.487212,147402970
1/22/2015,0.487931,0.496969,0.483159,0.495671,158446118
1/23/2015,0.49617,0.497917,0.491976,0.497338,118284686
1/26/2015,0.494921,0.497338,0.491726,0.494801,138760230
1/27/2015,0.487212,0.487682,0.470148,0.471117,372820103
1/28/2015,0.476939,0.478837,0.463227,0.463477,285701323
1/29/2015,0.463977,0.477439,0.461531,0.474741,245124202
1/30/2015,0.471367,0.476939,0.460103,0.460781,310586268
2/2/2015,0.463727,0.472814,0.454684,0.470867,270395042
2/3/2015,0.474242,0.483159,0.471866,0.482659,191093331
2/4/2015,0.481181,0.489409,0.479772,0.483888,189060251
2/5/2015,0.484387,0.491976,0.483888,0.491726,146286086
2/6/2015,0.491278,0.497099,0.487432,0.489649,219274168
2/9/2015,0.486762,0.490608,0.483638,0.489179,285356238
2/10/2015,0.489649,0.50307,0.487432,0.50281,235606127
2/11/2015,0.504037,0.504037,0.49617,0.499484,333635357
2/12/2015,0.537648,0.540115,0.524908,0.535252,705037548
2/13/2015,0.534112,0.536249,0.525877,0.535512,322975922
2/17/2015,0.535512,0.539865,0.531217,0.537108,211787070
2/18/2015,0.536979,0.537458,0.529997,0.530957,178063753
2/19/2015,0.537648,0.538637,0.529997,0.532185,176470719
2/20/2015,0.531935,0.536509,0.528052,0.536002,164310357
2/23/2015,0.536002,0.536002,0.529251,0.531935,130218381
2/24/2015,0.533982,0.537548,0.529121,0.537548,154943588
2/25/2015,0.535412,0.537798,0.530837,0.533512,128452769
2/26/2015,0.533982,0.537918,0.530587,0.534912,158578535
2/27/2015,0.533512,0.534682,0.529649,0.531556,163408423
3/2/2015,0.530117,0.547442,0.52937,0.544228,312836782
3/3/2015,0.540264,0.54303,0.532814,0.534432,166368734
3/4/2015,0.532554,0.541662,0.530337,0.540494,235359109
3/5/2015,0.540494,0.551737,0.539017,0.550808,335194481
3/6/2015,0.547692,0.550309,0.542591,0.543289,267063137
3/9/2015,0.543539,0.548871,0.542331,0.544716,230739815
3/10/2015,0.547442,0.557717,0.546213,0.554183,547017075
3/11/2015,0.554183,0.561383,0.54981,0.551268,271964661
3/12/2015,0.545713,0.55006,0.535912,0.546213,422259311
3/13/2015,0.543539,0.548412,0.536151,0.546972,372783709
3/16/2015,0.551268,0.556767,0.547692,0.553464,245855161
3/17/2015,0.551737,0.560414,0.548412,0.560184,311209817
3/18/2015,0.560184,0.563061,0.545973,0.551038,429389487
3/19/2015,0.552985,0.561383,0.548871,0.559466,322428106
3/20/2015,0.56406,0.5686,0.558717,0.565505,479446366
3/23/2015,0.548672,0.5558,0.546972,0.547212,442014692
3/24/2015,0.545475,0.549341,0.537348,0.539766,342897270
3/25/2015,0.538797,0.539517,0.505267,0.506983,562937711
3/26/2015,0.4966,0.507462,0.492945,0.505267,323635926
3/27/2015,0.508131,0.517149,0.499984,0.515222,330243132
3/30/2015,0.517615,0.519944,0.510877,0.517368,262763409
3/31/2015,0.512795,0.51639,0.503807,0.504157,370701987
4/1/2015,0.504767,0.507931,0.497567,0.506233,343196226
4/2/2015,0.509877,0.510627,0.50307,0.507462,199421712
4/6/2015,0.505007,0.523778,0.499984,0.522109,535242888
4/7/2015,0.522109,0.532554,0.519245,0.526724,429516867
4/8/2015,0.527233,0.532554,0.522109,0.530587,380196076
4/9/2015,0.526475,0.544476,0.526236,0.542591,393689835
4/10/2015,0.543289,0.548672,0.541412,0.548412,268449453
4/13/2015,0.547212,0.550309,0.540934,0.543289,245618648
4/14/2015,0.541162,0.543289,0.533512,0.538797,228548339
4/15/2015,0.540264,0.549241,0.537548,0.545215,248551129
4/16/2015,0.542091,0.546722,0.538038,0.541891,161116938
4/17/2015,0.531556,0.540264,0.530337,0.534912,304668990
4/20/2015,0.537798,0.540694,0.531337,0.532315,240328955
4/21/2015,0.538797,0.538797,0.528871,0.531556,238417447
4/22/2015,0.534682,0.538298,0.526475,0.537548,215212775
4/23/2015,0.527653,0.540494,0.521611,0.535412,269121755
4/24/2015,0.535152,0.535412,0.524758,0.530837,250012637
4/27/2015,0.532554,0.544228,0.527902,0.534912,257787213
4/28/2015,0.533982,0.539397,0.528871,0.537478,243294715
4/29/2015,0.533732,0.539017,0.531337,0.533512,202488753
4/30/2015,0.530837,0.537548,0.529629,0.534682,227062615
5/1/2015,0.539267,0.54981,0.536879,0.548172,266619085
5/4/2015,0.546972,0.551268,0.54303,0.544716,208261847
5/5/2015,0.542831,0.543539,0.528372,0.530837,303930219
5/6/2015,0.536151,0.538797,0.525507,0.532554,328334448
5/7/2015,0.530337,0.543539,0.528632,0.541891,554353528
5/8/2015,0.506233,0.526236,0.493704,0.501872,1189628061
5/11/2015,0.494901,0.502091,0.491028,0.497069,564589512
5/12/2015,0.493444,0.505984,0.493204,0.501872,403408448
5/13/2015,0.505506,0.509378,0.499984,0.504767,320115189
5/14/2015,0.506233,0.515671,0.505007,0.513055,304058860
5/15/2015,0.515222,0.517615,0.510127,0.513305,223934213
5/18/2015,0.512077,0.515671,0.509628,0.512577,337182113
5/19/2015,0.513255,0.514923,0.508301,0.509309,262138257
5/20/2015,0.509558,0.515621,0.5088,0.509309,203282476
5/21/2015,0.509558,0.511757,0.505167,0.505666,247553953
5/22/2015,0.506633,0.50856,0.503707,0.504907,219585342
5/26/2015,0.502471,0.505885,0.497997,0.501762,268254873
5/27/2015,0.505167,0.530857,0.503467,0.528652,446515890
5/28/2015,0.528652,0.537598,0.527653,0.535952,338410123
5/29/2015,0.535952,0.539337,0.534952,0.535712,346167283
6/1/2015,0.539097,0.547072,0.535712,0.541712,384889991
6/2/2015,0.538338,0.541232,0.530617,0.530987,231660187
6/3/2015,0.532584,0.536679,0.524278,0.525258,259014121
6/4/2015,0.522079,0.536449,0.522079,0.534732,334331365
6/5/2015,0.533053,0.541232,0.527453,0.538837,323602366
6/8/2015,0.537408,0.540764,0.520413,0.526475,354062199
6/9/2015,0.526973,0.533053,0.525977,0.529151,265305257
6/10/2015,0.522838,0.526236,0.516849,0.519684,546816045
6/11/2015,0.519684,0.528901,0.519684,0.525258,292340947
6/12/2015,0.521841,0.525008,0.509797,0.511027,334347869
6/15/2015,0.508301,0.512507,0.504407,0.510057,316604096
6/16/2015,0.50856,0.517089,0.503967,0.51635,265318517
6/17/2015,0.51612,0.525258,0.514923,0.522339,241208356
6/18/2015,0.526724,0.534482,0.525258,0.531117,309225530
6/19/2015,0.531117,0.535452,0.524538,0.5294,367327728
6/22/2015,0.530357,0.533312,0.519215,0.526973,531112062
6/23/2015,0.528152,0.532335,0.509558,0.513754,427653710
6/24/2015,0.512995,0.515621,0.506133,0.50856,261683089
6/25/2015,0.511757,0.515621,0.50856,0.512507,361961361
6/26/2015,0.508301,0.512507,0.499854,0.501991,435117814
6/29/2015,0.49624,0.501272,0.486283,0.487012,404575237
6/30/2015,0.489909,0.492046,0.483359,0.486782,326281919
7/1/2015,0.498855,0.505885,0.489429,0.493773,312861118
7/2/2015,0.493544,0.497437,0.491108,0.494242,150547727
7/6/2015,0.490129,0.496939,0.484367,0.488211,221824439
7/7/2015,0.485306,0.487232,0.463777,0.479007,613753901
7/8/2015,0.476359,0.479225,0.471746,0.47561,343399509
7/9/2015,0.483139,0.485306,0.466924,0.469769,369323262
7/10/2015,0.475859,0.48239,0.474641,0.478078,223819752
7/13/2015,0.482889,0.483858,0.478078,0.481151,219440576
7/14/2015,0.481891,0.48239,0.47514,0.481391,257395880
7/15/2015,0.480232,0.483359,0.473682,0.478078,274413210
7/16/2015,0.480902,0.488711,0.479225,0.488711,292171635
7/17/2015,0.487012,0.487452,0.479474,0.485785,227604082
7/20/2015,0.485785,0.487702,0.47561,0.476859,194591144
7/21/2015,0.475859,0.485785,0.475859,0.479007,154633426
7/22/2015,0.47561,0.47561,0.464027,0.469769,368170494
7/23/2015,0.470747,0.482639,0.469769,0.47561,175488125
7/24/2015,0.479007,0.479474,0.468092,0.469989,195037318
7/27/2015,0.465925,0.472714,0.462059,0.467393,198734739
7/28/2015,0.468571,0.480652,0.463777,0.477579,204815991
7/29/2015,0.476609,0.487232,0.474641,0.483359,240317358
7/30/2015,0.482141,0.489429,0.482141,0.484617,196417025
7/31/2015,0.486532,0.486782,0.479972,0.482889,225534347
8/3/2015,0.486782,0.491546,0.480472,0.491108,410164106
8/4/2015,0.489429,0.494502,0.487452,0.493045,268635900
8/5/2015,0.505167,0.505666,0.496939,0.498126,242323918
8/6/2015,0.496939,0.500554,0.486782,0.495001,674262996
8/7/2015,0.543588,0.565705,0.529649,0.556199,1451360704
8/10/2015,0.552366,0.579734,0.548971,0.575591,684039185
8/11/2015,0.567132,0.578238,0.567132,0.572727,449243024
8/12/2015,0.56348,0.578238,0.56348,0.574193,396684748
8/13/2015,0.574891,0.576091,0.567831,0.56928,285970704
8/14/2015,0.56877,0.573226,0.565455,0.569769,221692191
8/17/2015,0.56877,0.56877,0.559116,0.566155,282863984
8/18/2015,0.564408,0.568251,0.556597,0.561013,295265255
8/19/2015,0.560264,0.566573,0.552735,0.558766,256379255
8/20/2015,0.552486,0.555162,0.536002,0.538667,439104846
8/21/2015,0.534782,0.543688,0.521342,0.521841,393574663
8/24/2015,0.492176,0.530637,0.486134,0.503388,701697451
8/25/2015,0.524278,0.527473,0.492925,0.492925,640438178
8/26/2015,0.508999,0.530637,0.505087,0.530137,632510453
8/27/2015,0.535752,0.550309,0.532634,0.55006,476982894
8/28/2015,0.55006,0.55586,0.546173,0.552486,330094851
8/31/2015,0.54981,0.553704,0.544188,0.546412,225606214
9/1/2015,0.530637,0.539666,0.520164,0.524038,363484441
9/2/2015,0.538417,0.540165,0.52943,0.539915,353849362
9/3/2015,0.547872,0.550568,0.540394,0.541312,270042006
9/4/2015,0.532135,0.540594,0.528432,0.528672,296219828
9/8/2015,0.541562,0.553464,0.539417,0.551268,245246774
9/9/2015,0.552985,0.557547,0.539167,0.540394,297643159
9/10/2015,0.537228,0.55563,0.534652,0.548841,367256973
9/11/2015,0.542731,0.554183,0.540594,0.550568,310182977
9/14/2015,0.553204,0.554903,0.548612,0.551518,197951662
9/15/2015,0.551737,0.560513,0.55006,0.557547,337327319
9/16/2015,0.556597,0.564656,0.552486,0.561483,178451050
9/17/2015,0.571228,0.576319,0.565405,0.566573,276372390
9/18/2015,0.558766,0.570968,0.55538,0.566105,335714616
9/21/2015,0.566833,0.573197,0.56391,0.571968,289900501
9/22/2015,0.559516,0.56341,0.553204,0.556359,234866955
9/23/2015,0.556817,0.562442,0.554663,0.559016,166242546
9/24/2015,0.55563,0.575561,0.546912,0.569729,393329087
9/25/2015,0.576788,0.585048,0.568251,0.573924,380228714
9/28/2015,0.573924,0.577258,0.562662,0.566334,406861354
9/29/2015,0.572447,0.577258,0.564408,0.576319,391587562
9/30/2015,0.581612,0.599936,0.578238,0.599187,572243729
10/1/2015,0.599187,0.600864,0.570468,0.587524,503246955
10/2/2015,0.584299,0.60283,0.578238,0.60283,397153857
10/5/2015,0.606776,0.625377,0.603557,0.617887,495766337
10/6/2015,0.611388,0.628541,0.608921,0.625877,467376639
10/7/2015,0.627342,0.638746,0.617157,0.632456,318995049
10/8/2015,0.629771,0.637798,0.619136,0.636051,473185595
10/9/2015,0.632704,0.638746,0.621702,0.633624,435315839
10/12/2015,0.634353,0.644139,0.629771,0.640473,234078160
10/13/2015,0.635302,0.645587,0.633154,0.641693,306949258
10/14/2015,0.642392,0.675261,0.641693,0.664997,629642970
10/15/2015,0.666225,0.680425,0.659437,0.666665,541042821
10/16/2015,0.668862,0.683581,0.667165,0.677209,461176679
10/19/2015,0.679426,0.682502,0.668143,0.67599,303114163
10/20/2015,0.673087,0.678186,0.667923,0.675011,272375333
10/21/2015,0.679186,0.683321,0.664997,0.666225,397705089
10/22/2015,0.674072,0.692485,0.673087,0.69034,315629854
10/23/2015,0.696372,0.699546,0.685996,0.694893,392657336
10/26/2015,0.695393,0.697091,0.685546,0.691737,254490931
10/27/2015,0.688372,0.695622,0.687874,0.691288,214202039
10/28/2015,0.695622,0.696852,0.685546,0.696852,223220088
10/29/2015,0.685776,0.692735,0.671588,0.672837,336492205
10/30/2015,0.680185,0.694423,0.675011,0.68959,309742691
11/2/2015,0.691737,0.698317,0.687644,0.697568,195507830
11/3/2015,0.693474,0.697319,0.685049,0.692735,387511728
11/4/2015,0.690809,0.695872,0.678186,0.681423,454870731
11/5/2015,0.684799,0.686696,0.671588,0.673585,492447571
11/6/2015,0.740155,0.776373,0.724857,0.766897,1205692110
11/9/2015,0.759346,0.765667,0.752777,0.76348,506613232
11/10/2015,0.753537,0.75767,0.732837,0.74888,568002178
11/11/2015,0.74938,0.754755,0.738896,0.741573,637805194
11/12/2015,0.739895,0.746716,0.735761,0.738896,299379347
11/13/2015,0.739655,0.742752,0.720694,0.72436,301292488
11/16/2015,0.733805,0.739395,0.728054,0.738896,354096310
11/17/2015,0.740854,0.745217,0.735761,0.738896,264376994
11/18/2015,0.741953,0.758129,0.733905,0.75713,358834791
11/19/2015,0.759795,0.766867,0.753706,0.759296,260327649
11/20/2015,0.764938,0.770311,0.760295,0.765897,245642764
11/23/2015,0.772208,0.772208,0.751738,0.754435,248520022
11/24/2015,0.754435,0.767117,0.751039,0.760545,173283189
11/25/2015,0.759066,0.768092,0.75687,0.759546,141701023
11/27/2015,0.761044,0.768331,0.75713,0.765897,89150288
11/30/2015,0.766617,0.77737,0.765897,0.773925,335297154
12/1/2015,0.780784,0.799796,0.780084,0.799046,419579738
12/2/2015,0.800276,0.808573,0.791339,0.792936,301476612
12/3/2015,0.799296,0.807604,0.787394,0.791339,252723056
12/4/2015,0.791339,0.824968,0.791339,0.823471,470051335
12/7/2015,0.823241,0.823241,0.805439,0.807844,341797241
12/8/2015,0.797849,0.822241,0.792706,0.818809,322232414
12/9/2015,0.81856,0.823471,0.789852,0.798069,381847767
12/10/2015,0.800526,0.809043,0.797849,0.80469,242421364
12/11/2015,0.796602,0.802222,0.791079,0.792706,232916969
12/14/2015,0.793436,0.799046,0.785179,0.794655,283119275
12/15/2015,0.80369,0.810021,0.799296,0.80444,314858084
12/16/2015,0.806147,0.811998,0.799046,0.809302,242171381
12/17/2015,0.810519,0.818809,0.796602,0.797101,260417723
12/18/2015,0.791557,0.799546,0.78318,0.78418,405643529
12/21/2015,0.792706,0.80344,0.785657,0.802721,291209762
12/22/2015,0.805189,0.811499,0.798568,0.80344,133207595
12/23/2015,0.80469,0.809801,0.803191,0.806655,125540669
12/24/2015,0.80419,0.811239,0.802961,0.809302,53740588
12/28/2015,0.800765,0.808573,0.789622,0.808573,145525062
12/29/2015,0.809043,0.82421,0.806904,0.821744,208674942
12/30/2015,0.820994,0.828134,0.814435,0.814695,163093734
12/31/2015,0.813466,0.817091,0.80419,0.80419,138162850
1/4/2016,0.787894,0.794874,0.781733,0.789852,334396382
1/5/2016,0.80469,0.815942,0.792936,0.802462,409964669
1/6/2016,0.789392,0.792936,0.760295,0.769331,402251715
1/7/2016,0.75004,0.755254,0.729103,0.738777,586979770
1/8/2016,0.748343,0.74906,0.721362,0.72296,378002116
1/11/2016,0.72369,0.729322,0.711237,0.72419,419483895
1/12/2016,0.737079,0.747116,0.731249,0.73636,449925952
1/13/2016,0.741953,0.746866,0.713235,0.713934,464089740
1/14/2016,0.699267,0.707605,0.678826,0.699516,559394681
1/15/2016,0.671458,0.679586,0.64998,0.661433,798563047
1/19/2016,0.675131,0.694124,0.664127,0.666765,468395517
1/20/2016,0.654213,0.679086,0.645367,0.670461,451220501
1/21/2016,0.677827,0.688792,0.663868,0.678326,379668439
1/22/2016,0.691238,0.698787,0.68977,0.694124,227333609
1/25/2016,0.693894,0.701841,0.691807,0.693424,250308688
1/26/2016,0.694873,0.703161,0.687674,0.700264,196272018
1/27/2016,0.699267,0.701342,0.678706,0.691937,207306162
1/28/2016,0.697549,0.700016,0.67096,0.684479,261016766
1/29/2016,0.69027,0.715931,0.687574,0.714653,290991607
2/1/2016,0.713934,0.718508,0.707824,0.714913,271077810
2/2/2016,0.707605,0.711237,0.679825,0.684719,317314815
2/3/2016,0.69001,0.694124,0.672217,0.688043,272900476
2/4/2016,0.689012,0.703909,0.681582,0.688292,310796872
2/5/2016,0.683721,0.691238,0.64289,0.644868,552101882
2/8/2016,0.635082,0.638248,0.606376,0.61539,562575631
2/9/2016,0.608072,0.647784,0.605126,0.621882,385907167
2/10/2016,0.625807,0.643889,0.617057,0.620514,323910975
2/11/2016,0.604626,0.62361,0.604626,0.617287,299427448
2/12/2016,0.627043,0.628971,0.603876,0.627802,307993344
2/16/2016,0.636781,0.659507,0.634832,0.658508,415661128
2/17/2016,0.666765,0.681323,0.664127,0.674901,682089439
2/18/2016,0.730281,0.755803,0.729552,0.732907,1018990264
2/19/2016,0.729103,0.74931,0.72343,0.742672,463637035
2/22/2016,0.753457,0.777608,0.751977,0.769091,416075165
2/23/2016,0.762951,0.778367,0.759296,0.77101,353748632
2/24/2016,0.767833,0.777568,0.746616,0.776393,320941901
2/25/2016,0.779365,0.781982,0.764209,0.778108,332377813
2/26/2016,0.781733,0.7836,0.765168,0.772957,337790289
2/29/2016,0.774055,0.7841,0.767467,0.767932,267058530
3/1/2016,0.769931,0.801942,0.768691,0.801942,310158921
3/2/2016,0.797569,0.809552,0.796072,0.806655,221523059
3/3/2016,0.805647,0.809043,0.788823,0.799526,207787570
3/4/2016,0.805647,0.806407,0.791039,0.797071,164096288
3/7/2016,0.792656,0.798049,0.781534,0.791936,184693173
3/8/2016,0.78386,0.788573,0.774915,0.777509,223214470
3/9/2016,0.78436,0.785458,0.766967,0.777012,212620773
3/10/2016,0.781634,0.786077,0.760125,0.775793,292065347
3/11/2016,0.787324,0.789322,0.778008,0.789072,261150615
3/14/2016,0.785359,0.794136,0.781634,0.791039,194292679
3/15/2016,0.786826,0.791936,0.773057,0.787075,230945211
3/16/2016,0.781164,0.813236,0.777509,0.810539,371243664
3/17/2016,0.807604,0.811519,0.792756,0.80369,361070964
3/18/2016,0.813236,0.838667,0.808104,0.827984,556914494
3/21/2016,0.820605,0.830661,0.811769,0.830431,344841948
3/22/2016,0.827734,0.834654,0.81861,0.828963,247069120
3/23/2016,0.832559,0.849261,0.828963,0.843142,437974021
3/24/2016,0.835522,0.845877,0.832798,0.844381,250074218
3/28/2016,0.842883,0.856542,0.841914,0.852977,234044961
3/29/2016,0.849261,0.868594,0.847335,0.866617,248362197
3/30/2016,0.869812,0.887675,0.869342,0.875704,358716014
3/31/2016,0.879648,0.881584,0.865618,0.872537,370402300
4/1/2016,0.867096,0.885737,0.860486,0.885238,290424562
4/4/2016,0.892627,0.89723,0.873286,0.876712,348996390
4/5/2016,0.868844,0.883531,0.865378,0.875464,305779064
4/6/2016,0.8644,0.877201,0.848034,0.876712,433713651
4/7/2016,0.871059,0.87895,0.8639,0.867595,351015579
4/8/2016,0.874734,0.880337,0.864519,0.873286,242583205
4/11/2016,0.87845,0.893116,0.875704,0.87869,372106911
4/12/2016,0.881584,0.882811,0.860486,0.877691,267839644
4/13/2016,0.881584,0.899978,0.881584,0.899728,341422112
4/14/2016,0.89723,0.905997,0.893585,0.902146,376793275
4/15/2016,0.901906,0.917321,0.899029,0.909182,414792954
4/18/2016,0.907494,0.907494,0.89651,0.905239,281773810
4/19/2016,0.908703,0.91042,0.883531,0.889184,289553423
4/20/2016,0.887675,0.897979,0.886705,0.892627,189828846
4/21/2016,0.892856,0.89698,0.887675,0.891651,157355332
4/22/2016,0.894554,0.900726,0.885108,0.888175,204448744
4/25/2016,0.888435,0.897479,0.885985,0.892627,176313976
4/26/2016,0.897979,0.908213,0.889403,0.893356,202856701
4/27/2016,0.891152,0.914097,0.889473,0.913597,341457384
4/28/2016,0.907964,0.913347,0.884239,0.886455,372209974
4/29/2016,0.882811,0.884738,0.860486,0.870071,300413688
5/2/2016,0.87845,0.886955,0.874284,0.881584,230111479
5/3/2016,0.871569,0.875204,0.863451,0.871059,185506875
5/4/2016,0.860486,0.861186,0.842383,0.851229,438661365
5/5/2016,0.85828,0.866377,0.85001,0.856043,217680763
5/6/2016,0.854955,0.867475,0.853227,0.865119,175242549
5/9/2016,0.867346,0.871059,0.856792,0.8639,298045549
5/10/2016,0.869342,0.882064,0.860926,0.880587,252814462
5/11/2016,0.883281,0.892856,0.87845,0.883061,254664659
5/12/2016,0.889403,0.893356,0.855394,0.871059,591401650
5/13/2016,0.959669,1.004,0.954975,1.0036,2101226822
5/16/2016,0.995913,1.04813,0.992718,1.03315,981848062
5/17/2016,1.02847,1.04283,1.01539,1.03533,545838749
5/18/2016,1.02847,1.07381,1.02847,1.06182,546171514
5/19/2016,1.05773,1.07411,1.05613,1.06641,401670128
5/20/2016,1.07311,1.08997,1.07141,1.08569,363614565
5/23/2016,1.09017,1.09436,1.08069,1.08739,347776171
5/24/2016,1.09057,1.11712,1.08769,1.11362,371387288
5/25/2016,1.11712,1.12172,1.10016,1.10896,454046723
5/26/2016,1.11093,1.12881,1.10776,1.12072,294555518
5/27/2016,1.12192,1.12861,1.11832,1.12691,188350133
5/31/2016,1.13181,1.1494,1.13111,1.14701,317535304
6/1/2016,1.14171,1.16035,1.13821,1.1493,293714004
6/2/2016,1.15538,1.16725,1.14411,1.15737,292624250
6/3/2016,1.14601,1.1475,1.12102,1.14091,423464157
6/6/2016,1.14411,1.15298,1.12931,1.13531,304515871
6/7/2016,1.14211,1.1485,1.13701,1.13751,178091054
6/8/2016,1.13771,1.14191,1.12442,1.13381,222496180
6/9/2016,1.12981,1.16495,1.12741,1.16325,463518889
6/10/2016,1.1495,1.15986,1.13281,1.13431,372729468
6/13/2016,1.13551,1.17105,1.13551,1.1487,414620417
6/14/2016,1.14601,1.15638,1.13321,1.151,269937670
6/15/2016,1.16055,1.17284,1.1503,1.16285,275699507
6/16/2016,1.15418,1.16935,1.14291,1.16745,202301244
6/17/2016,1.16885,1.16915,1.14241,1.14701,397004204
6/20/2016,1.16545,1.18264,1.16475,1.16765,265363143
6/21/2016,1.17264,1.17584,1.15886,1.16055,192881005
6/22/2016,1.16305,1.17065,1.15766,1.15966,167336897
6/23/2016,1.17065,1.19183,1.16985,1.19064,270094094
6/24/2016,1.14171,1.16285,1.11213,1.12252,588469580
6/27/2016,1.11342,1.12192,1.09426,1.11073,414275063
6/28/2016,1.13181,1.13311,1.11143,1.12671,341284727
6/29/2016,1.13671,1.15418,1.13381,1.14451,295030476
6/30/2016,1.14731,1.16125,1.13801,1.15418,366994892
7/1/2016,1.1477,1.16285,1.14171,1.14551,204378640
7/5/2016,1.13921,1.16445,1.13011,1.16255,349763953
7/6/2016,1.15448,1.17664,1.1485,1.17015,237025793
7/7/2016,1.17774,1.20461,1.17234,1.20041,365304263
7/8/2016,1.21318,1.25433,1.20848,1.24844,446547127
7/11/2016,1.26631,1.28658,1.26482,1.27719,383954527
7/12/2016,1.29148,1.30814,1.27519,1.29637,410133430
7/13/2016,1.29887,1.30615,1.29398,1.29587,320673601
7/14/2016,1.30266,1.32093,1.29198,1.30903,299726504
7/15/2016,1.29238,1.29966,1.2728,1.29398,402838319
7/18/2016,1.30983,1.31183,1.29557,1.30056,253463439
7/19/2016,1.29976,1.31913,1.29737,1.31403,254929254
7/20/2016,1.31843,1.33821,1.31303,1.33131,271945733
7/21/2016,1.32831,1.33251,1.30216,1.30665,336779914
7/22/2016,1.31133,1.34221,1.30166,1.34221,278908059
7/25/2016,1.35038,1.37037,1.3445,1.36717,295632873
7/26/2016,1.37916,1.3975,1.37717,1.39043,407235101
7/27/2016,1.40238,1.40488,1.36817,1.37647,436178615
7/28/2016,1.37966,1.38973,1.37527,1.37946,194141413
7/29/2016,1.38455,1.40568,1.35978,1.40198,367533184
8/1/2016,1.40788,1.41298,1.38385,1.39293,290186116
8/2/2016,1.3995,1.4002,1.36267,1.37597,259440677
8/3/2016,1.37427,1.38236,1.36667,1.37966,265261081
8/4/2016,1.38624,1.41158,1.38355,1.40518,266021875
8/5/2016,1.42128,1.42965,1.41448,1.42885,315536685
8/8/2016,1.44853,1.45203,1.42686,1.44213,263592224
8/9/2016,1.44923,1.45983,1.44213,1.44583,351094146
8/10/2016,1.45863,1.46083,1.43195,1.43655,332735106
8/11/2016,1.44413,1.4719,1.44124,1.4657,544577269
8/12/2016,1.51974,1.55598,1.48849,1.54768,1412662012
8/15/2016,1.54938,1.55888,1.52532,1.54618,534354143
8/16/2016,1.54388,1.54638,1.53221,1.53679,271559578
8/17/2016,1.53679,1.54029,1.48909,1.50136,543817006
8/18/2016,1.49907,1.52702,1.49319,1.52452,276478869
8/19/2016,1.52392,1.53999,1.51724,1.52852,281557127
8/22/2016,1.53311,1.53709,1.51505,1.53491,226651112
8/23/2016,1.55048,1.55738,1.54288,1.54728,297019981
8/24/2016,1.55278,1.55348,1.51635,1.52353,260271215
8/25/2016,1.52402,1.52462,1.49449,1.51345,332965850
8/26/2016,1.51734,1.53431,1.50525,1.52562,294469450
8/29/2016,1.53181,1.53789,1.52213,1.52462,275452970
8/30/2016,1.52273,1.53091,1.51175,1.51585,238979044
8/31/2016,1.51884,1.52303,1.50425,1.50875,363306896
9/1/2016,1.50995,1.55888,1.50875,1.55328,394416538
9/2/2016,1.55638,1.55808,1.52054,1.53789,297308691
9/6/2016,1.54328,1.55248,1.5354,1.55248,260426556
9/7/2016,1.54758,1.55508,1.52084,1.52981,261691481
9/8/2016,1.52812,1.54308,1.51075,1.54069,267894045
9/9/2016,1.52373,1.53231,1.45123,1.46401,683460442
9/12/2016,1.44463,1.49707,1.40978,1.49449,512761264
9/13/2016,1.49049,1.50775,1.46431,1.473,372071708
9/14/2016,1.476,1.49049,1.46381,1.4856,267614959
9/15/2016,1.4881,1.54358,1.4846,1.54189,512970175
9/16/2016,1.54728,1.55568,1.52792,1.54558,847120581
9/19/2016,1.56177,1.6051,1.55468,1.56596,376918301
9/20/2016,1.58393,1.58393,1.54308,1.55178,311956610
9/21/2016,1.55638,1.5983,1.55618,1.59532,311737133
9/22/2016,1.6046,1.6096,1.59013,1.5993,275354793
9/23/2016,1.6012,1.6058,1.59033,1.59751,259360087
9/26/2016,1.57925,1.58883,1.56247,1.58244,191718823
9/27/2016,1.57626,1.63915,1.57556,1.63666,369056835
9/28/2016,1.63915,1.64384,1.62158,1.64255,287059887
9/29/2016,1.63985,1.66292,1.62458,1.65773,315408935
9/30/2016,1.66691,1.70184,1.65703,1.68548,346978853
10/3/2016,1.68548,1.70964,1.68068,1.68368,210856924
10/4/2016,1.68618,1.71444,1.66741,1.67988,253980370
10/5/2016,1.69427,1.71144,1.673,1.67818,283279003
10/6/2016,1.65803,1.66841,1.62968,1.65623,358465591
10/7/2016,1.66741,1.6718,1.63955,1.64434,267186410
10/10/2016,1.65283,1.66172,1.63496,1.65013,255607004
10/11/2016,1.64504,1.64744,1.614,1.62648,301055334
10/12/2016,1.61989,1.64255,1.6063,1.63386,248045776
10/13/2016,1.6147,1.61849,1.56666,1.6074,353077241
10/14/2016,1.62698,1.63815,1.6135,1.62308,242717615
10/17/2016,1.62288,1.63815,1.6115,1.6138,179267277
10/18/2016,1.63616,1.64774,1.62948,1.63835,209127857
10/19/2016,1.62718,1.64255,1.61899,1.63496,171322897
10/20/2016,1.65403,1.6713,1.63066,1.66591,290723407
10/21/2016,1.66002,1.66421,1.64554,1.66122,160806445
10/24/2016,1.6725,1.7412,1.6723,1.7392,335179529
10/25/2016,1.73631,1.77834,1.72793,1.76796,388890212
10/26/2016,1.753,1.79443,1.7513,1.77495,325438943
10/27/2016,1.78853,1.79193,1.73123,1.7385,321906178
10/28/2016,1.7469,1.77345,1.73232,1.73562,282587662
10/31/2016,1.7412,1.76189,1.7402,1.7503,256524171
11/1/2016,1.7568,1.76646,1.67968,1.69845,480978840
11/2/2016,1.71144,1.73462,1.68828,1.69127,300696720
11/3/2016,1.69905,1.70054,1.63915,1.6715,314737575
11/4/2016,1.66052,1.69057,1.63746,1.66192,334166599
11/7/2016,1.71064,1.76418,1.70944,1.753,454798293
11/8/2016,1.75979,1.76547,1.73402,1.7503,427769964
11/9/2016,1.70284,1.744,1.69037,1.72084,457811003
11/10/2016,1.7585,1.7588,1.64205,1.66691,691075621
11/11/2016,1.9559,2.18334,1.93102,2.16367,2198524482
11/14/2016,2.16667,2.16915,2.05672,2.05712,1370896490
11/15/2016,2.07311,2.15088,2.06422,2.11994,636348753
11/16/2016,2.14819,2.27659,2.12363,2.25382,994231356
11/17/2016,2.27049,2.33162,2.22969,2.27249,838898187
11/18/2016,2.27249,2.32025,2.25802,2.29636,580305574
11/21/2016,2.31435,2.32075,2.27279,2.28707,424352611
11/22/2016,2.29496,2.30575,2.27229,2.30345,312012974
11/23/2016,2.30875,2.3464,2.28527,2.31495,432850495
11/25/2016,2.32593,2.3427,2.30096,2.31955,187280879
11/28/2016,2.31235,2.33382,2.30575,2.31835,239073835
11/29/2016,2.31565,2.32643,2.27929,2.29706,418399269
11/30/2016,2.30575,2.31955,2.26881,2.27119,417867236
12/1/2016,2.26881,2.27049,2.0881,2.15878,1030535790
12/2/2016,2.12453,2.18744,2.09678,2.17874,479673614
12/5/2016,2.2167,2.28128,2.19234,2.26332,599554840
12/6/2016,2.27149,2.30895,2.25572,2.30056,489312900
12/7/2016,2.28697,2.3477,2.26881,2.342,461177039
12/8/2016,2.3449,2.38015,2.29226,2.30246,373858100
12/9/2016,2.32055,2.32225,2.23449,2.26182,383642742
12/12/2016,2.2133,2.2157,2.15628,2.2069,596853565
12/13/2016,2.21919,2.27349,2.21819,2.24585,382229366
12/14/2016,2.27958,2.39223,2.25572,2.37595,968331779
12/15/2016,2.38703,2.46163,2.37965,2.43189,739067983
12/16/2016,2.45923,2.48079,2.40729,2.47361,998513878
12/19/2016,2.45593,2.52403,2.43877,2.50376,737892381
12/20/2016,2.57634,2.61431,2.56486,2.59084,843930266
12/21/2016,2.60233,2.60981,2.5546,2.60682,573319142
12/22/2016,2.63147,2.68158,2.62428,2.63836,724500053
12/23/2016,2.62049,2.70557,2.61781,2.70307,624914463
12/27/2016,2.76047,2.89138,2.73952,2.89038,1198761432
12/28/2016,2.94631,2.95429,2.67709,2.69107,2291816182
12/29/2016,2.58434,2.7462,2.53202,2.7448,2184423127
12/30/2016,2.7428,2.75697,2.61849,2.62948,1230961268
1/3/2017,2.57186,2.62029,2.44814,2.51305,1490041739
1/4/2017,2.547,2.59913,2.50136,2.57156,1203497510
1/5/2017,2.57514,2.60652,2.48958,2.50635,979410890
1/6/2017,2.53332,2.56816,2.49308,2.53951,721229128
1/9/2017,2.5494,2.66034,2.5494,2.64235,919726504
1/10/2017,2.65565,2.68957,2.60233,2.62278,780025180
1/11/2017,2.61111,2.61611,2.56556,2.59054,523254512
1/12/2017,2.56756,2.57934,2.50356,2.5479,631415411
1/13/2017,2.5519,2.58684,2.53851,2.5476,458732416
1/17/2017,2.53702,2.542,2.47771,2.49108,555984028
1/18/2017,2.46922,2.5427,2.44146,2.53572,550737940
1/19/2017,2.53871,2.62248,2.53652,2.59054,631082195
1/20/2017,2.61311,2.63107,2.54,2.56216,486924200
1/23/2017,2.5569,2.60851,2.5544,2.58884,364398393
1/24/2017,2.59913,2.64995,2.58434,2.64365,425813859
1/25/2017,2.68607,2.69227,2.61929,2.65515,522487188
1/26/2017,2.65794,2.70806,2.62848,2.70087,459376706
1/27/2017,2.70756,2.75617,2.68108,2.75318,452048045
1/30/2017,2.73203,2.73423,2.65814,2.70986,492263717
1/31/2017,2.68358,2.71056,2.66533,2.68927,356105424
2/1/2017,2.72354,2.8117,2.70607,2.80741,584684549
2/2/2017,2.79114,2.85155,2.76047,2.84297,484353649
2/3/2017,2.84457,2.85544,2.80612,2.8181,378286380
2/6/2017,2.80871,2.89058,2.80871,2.89038,489361692
2/7/2017,2.92453,2.97865,2.90477,2.93503,750363306
2/8/2017,2.91703,2.93953,2.86741,2.92233,449092811
2/9/2017,2.92853,2.93333,2.84827,2.86741,680524868
2/10/2017,2.95429,2.97327,2.77375,2.79912,1662367352
2/13/2017,2.79343,2.80811,2.66533,2.66932,1171844388
2/14/2017,2.66014,2.71306,2.6183,2.67928,854343585
2/15/2017,2.68228,2.70457,2.65435,2.68488,374559435
2/16/2017,2.69457,2.69507,2.60253,2.64135,619051005
2/17/2017,2.62848,2.64565,2.58154,2.64115,549700714
2/21/2017,2.66613,2.73981,2.66593,2.73583,541262218
2/22/2017,2.74799,2.75747,2.71256,2.73153,414725925
2/23/2017,2.60233,2.62408,2.45873,2.47891,1595512239
2/24/2017,2.39433,2.51604,2.3605,2.50136,997148283
2/27/2017,2.52103,2.59034,2.50505,2.57534,669065770
2/28/2017,2.58514,2.59484,2.48609,2.50336,614325793
3/1/2017,2.55986,2.57435,2.49408,2.53472,475502098
3/2/2017,2.52273,2.53632,2.43907,2.44186,700819743
3/3/2017,2.43119,2.43618,2.37336,2.42779,866509956
3/6/2017,2.39163,2.41969,2.3474,2.40899,887527518
3/7/2017,2.40899,2.45493,2.39622,2.43548,600678014
3/8/2017,2.48409,2.49877,2.42869,2.43089,624105457
3/9/2017,2.41489,2.45293,2.4023,2.43049,466612500
3/10/2017,2.45703,2.46882,2.42649,2.44435,474531131
3/13/2017,2.48239,2.52233,2.45443,2.51235,784653778
3/14/2017,2.52533,2.53402,2.47841,2.51055,529108957
3/15/2017,2.52233,2.54,2.47461,2.52952,623390121
3/16/2017,2.53971,2.56086,2.52633,2.56036,530206833
3/17/2017,2.57814,2.61731,2.56036,2.61611,997272679
3/20/2017,2.63377,2.70327,2.61751,2.69927,758736334
3/21/2017,2.68208,2.71186,2.60383,2.61211,925895036
3/22/2017,2.60133,2.66992,2.59734,2.66563,625143805
3/23/2017,2.65764,2.67709,2.63177,2.64115,541195990
3/24/2017,2.68757,2.69557,2.62478,2.65065,436747973
3/27/2017,2.60383,2.6733,2.5546,2.66962,496579318
3/28/2017,2.67092,2.68557,2.64565,2.65614,411778112
3/29/2017,2.66363,2.67559,2.64515,2.64735,349109398
3/30/2017,2.65465,2.71286,2.64895,2.69807,527930130
3/31/2017,2.68857,2.71006,2.6733,2.68657,439648756
4/3/2017,2.68707,2.70427,2.64935,2.6729,451281592
4/4/2017,2.5502,2.57554,2.47521,2.48609,1278125626
4/5/2017,2.46702,2.52533,2.45413,2.46732,745240902
4/6/2017,2.47261,2.49757,2.42729,2.48559,637496464
4/7/2017,2.49178,2.50935,2.45963,2.47491,434895403
4/10/2017,2.47561,2.48239,2.40729,2.41149,745397315
4/11/2017,2.38145,2.43937,2.37645,2.42019,626548278
4/12/2017,2.42019,2.43448,2.39502,2.40011,404859911
4/13/2017,2.37605,2.39771,2.3553,2.3553,503033126
4/17/2017,2.36817,2.44774,2.363,2.44754,492264478
4/18/2017,2.43318,2.45513,2.40729,2.44904,371586535
4/19/2017,2.46652,2.49108,2.45193,2.45873,378795208
4/20/2017,2.47341,2.50256,2.45193,2.49777,396348848
4/21/2017,2.48758,2.51075,2.47561,2.50805,338004439
4/24/2017,2.53931,2.5522,2.51874,2.53901,376543853
4/25/2017,2.5536,2.59813,2.53202,2.58354,393473002
4/26/2017,2.59714,2.59953,2.56356,2.56556,331049624
4/27/2017,2.57315,2.61381,2.5549,2.60533,323755794
4/28/2017,2.59883,2.60533,2.56686,2.57255,352977583
5/1/2017,2.58354,2.63547,2.57634,2.63027,311351528
5/2/2017,2.60313,2.60413,2.52972,2.5522,633247892
5/3/2017,2.5453,2.58114,2.53032,2.57136,340629140
5/4/2017,2.57754,2.58854,2.5534,2.56136,212417980
5/5/2017,2.5496,2.56886,2.53402,2.56156,231532877
5/8/2017,2.57355,2.57514,2.52373,2.53452,369479585
5/9/2017,2.5403,2.58814,2.53172,2.53871,781627118
5/10/2017,2.8194,3.00421,2.8127,2.99142,2154211163
5/11/2017,2.96069,3.217,2.95729,3.12014,1961602424
5/12/2017,3.12333,3.19654,3.10227,3.15427,974520041
5/15/2017,3.19554,3.31546,3.19104,3.31286,1098468137
5/16/2017,3.36437,3.39003,3.28919,3.37507,1134301839
5/17/2017,3.30767,3.32665,3.14588,3.15007,1285802417
5/18/2017,3.19404,3.29089,3.13362,3.2819,1171736477
5/19/2017,3.38334,3.41232,3.33911,3.35837,1024128141
5/22/2017,3.40133,3.44367,3.39073,3.42928,845919581
5/23/2017,3.44925,3.45145,3.35108,3.38353,689123352
5/24/2017,3.48059,3.48339,3.40873,3.421,826942590
5/25/2017,3.45665,3.45744,3.36937,3.41331,614989602
5/26/2017,3.40503,3.58723,3.38533,3.50217,787616544
5/30/2017,3.54811,3.61202,3.53233,3.57706,1000154263
5/31/2017,3.62197,3.62967,3.50757,3.56409,895067845
6/1/2017,3.58005,3.58104,3.51915,3.56429,506755494
6/2/2017,3.56129,3.58773,3.54082,3.54652,493008096
6/5/2017,3.53053,3.66764,3.51885,3.65465,826304880
6/6/2017,3.64996,3.69639,3.62467,3.63817,767774463
6/7/2017,3.66264,3.70107,3.64697,3.68211,614223440
6/8/2017,3.78946,3.95049,3.7482,3.9491,1165736526
6/9/2017,4.06793,4.16037,3.52484,3.6941,3734732963
6/12/2017,3.60172,3.7459,3.50887,3.70327,1712957485
6/13/2017,3.81171,3.82099,3.59602,3.7385,1690689629
6/14/2017,3.7415,3.80363,3.66694,3.7465,1195757776
6/15/2017,3.62867,3.79266,3.61719,3.76248,972072163
6/16/2017,3.77217,3.81929,3.70996,3.7439,932419349
6/19/2017,3.78816,3.8892,3.78446,3.88391,783907105
6/20/2017,3.92633,3.99323,3.87422,3.87842,1108032571
6/21/2017,3.90589,3.94112,3.84397,3.93733,691197883
6/22/2017,3.9455,3.95878,3.88591,3.90989,474455568
6/23/2017,3.91755,3.93353,3.78346,3.79845,1100999920
6/26/2017,3.83068,3.86622,3.66264,3.75688,1076749721
6/27/2017,3.7395,3.7482,3.61341,3.61918,1010489826
6/28/2017,3.68711,3.75169,3.59842,3.7472,1005735551
6/29/2017,3.71893,3.72193,3.5573,3.62168,1074401852
6/30/2017,3.63917,3.65265,3.54312,3.56927,739011509
7/3/2017,3.58144,3.59622,3.4213,3.43998,717950442
7/5/2017,3.50387,3.56079,3.48489,3.53233,829243479
7/6/2017,3.50317,3.58973,3.45065,3.54282,754235407
7/7/2017,3.59922,3.64217,3.57646,3.62367,660330372
7/10/2017,3.69769,3.80244,3.67124,3.79516,967503084
7/11/2017,3.79865,3.85592,3.75688,3.84845,766316871
7/12/2017,3.90819,4.0247,3.86522,4.01241,1154332851
7/13/2017,4.0247,4.10587,3.91935,3.96527,1384565721
7/14/2017,3.98206,4.07433,3.97506,4.07433,952801284
7/17/2017,4.10657,4.13584,3.99343,4.05564,937329437
7/18/2017,3.99423,4.11207,3.98226,4.09728,785658706
7/19/2017,4.10657,4.13325,4.06463,4.07663,693403951
7/20/2017,4.09658,4.13604,4.04715,4.13584,705280330
7/21/2017,4.11507,4.18037,4.10058,4.15041,646309217
7/24/2017,4.15768,4.16737,4.09188,4.10208,657487115
7/25/2017,4.07962,4.09658,4.03897,4.08291,499851405
7/26/2017,4.14013,4.19584,4.09488,4.12985,646924965
7/27/2017,4.15468,4.16637,3.8899,3.99323,772586114
7/28/2017,3.95748,4.08361,3.93253,4.05914,519294691
7/31/2017,4.07263,4.10827,3.96577,4.01241,565430756
8/1/2017,4.00273,4.06334,3.97506,4.06164,435336200
8/2/2017,4.09258,4.09608,3.98146,4.05914,471602606
8/3/2017,4.05864,4.11407,4.04136,4.11027,447455791
8/4/2017,4.13325,4.19933,4.11027,4.12855,595768638
8/7/2017,4.15768,4.25566,4.14793,4.25516,723543187
8/8/2017,4.29359,4.31007,4.16567,4.20481,761583988
8/9/2017,4.15868,4.25167,4.13993,4.24917,534384979
8/10/2017,4.25047,4.26286,4.05764,4.06793,1299711084
8/11/2017,3.87962,3.92553,3.77587,3.85024,1514246691
8/14/2017,3.94232,4.16167,3.93053,4.15788,1291525576
8/15/2017,4.16307,4.18934,4.08889,4.12285,772804139
8/16/2017,4.13793,4.16137,4.04535,4.07793,602859595
8/17/2017,4.06963,4.0866,3.98425,3.98645,528448142
8/18/2017,4.04116,4.05834,3.94152,3.98725,607935980
8/21/2017,4.01201,4.0234,3.88521,3.92933,630566105
8/22/2017,3.96607,4.023,3.9468,4.01701,454494671
8/23/2017,3.98326,4.10827,3.97476,4.09708,585211184
8/24/2017,4.12955,4.13404,4.05594,4.08261,474435929
8/25/2017,4.10627,4.11657,4.04166,4.04815,360627513
8/28/2017,4.06733,4.08032,4.01141,4.07713,390855030
8/29/2017,4.018,4.09208,4.00971,4.07033,326856255
8/30/2017,4.09008,4.10527,4.05964,4.09428,387146424
8/31/2017,4.11457,4.19134,4.10707,4.18734,619186977
9/1/2017,4.20003,4.24767,4.19134,4.2126,450354781
9/5/2017,4.16107,4.16637,4.04196,4.09988,703864550
9/6/2017,4.13305,4.14673,4.06294,4.09728,400500615
9/7/2017,4.11427,4.14892,4.07663,4.11657,356633130
9/8/2017,4.10487,4.11986,4.021,4.04515,502388716
9/11/2017,4.09108,4.18734,4.0859,4.17667,573146675
9/12/2017,4.20131,4.20131,4.12625,4.19164,415547038
9/13/2017,4.16637,4.23897,4.13404,4.2103,586915835
9/14/2017,4.17137,4.26416,4.14673,4.18634,517623510
9/15/2017,4.27163,4.45125,4.26644,4.45125,1374108006
9/18/2017,4.57587,4.72464,4.56898,4.63497,1695839845
9/19/2017,4.58466,4.69149,4.56299,4.62997,882172838
9/20/2017,4.63377,4.68092,4.55302,4.59233,704886343
9/21/2017,4.48891,4.51525,4.38944,4.46703,1087127457
9/22/2017,4.45604,4.50557,4.41382,4.4238,496233002
9/25/2017,4.39294,4.39423,4.20501,4.22559,883277705
9/26/2017,4.3607,4.41582,4.2098,4.24917,1136837829
9/27/2017,4.34002,4.3563,4.26883,4.34272,718637987
9/28/2017,4.35002,4.35401,4.29409,4.34152,439635246
9/29/2017,4.4258,4.44207,4.38047,4.41811,625449761
10/2/2017,4.46803,4.49729,4.37428,4.4238,508570338
10/3/2017,4.43008,4.46274,4.38864,4.43308,394013778
10/4/2017,4.43927,4.4921,4.40232,4.46973,432222149
10/5/2017,4.49429,4.49789,4.43777,4.46723,441540215
10/6/2017,4.44007,4.49389,4.4238,4.48042,321793820
10/9/2017,4.51755,4.61461,4.49859,4.58186,567554000
10/10/2017,4.73044,4.76809,4.62778,4.66874,984228940
10/11/2017,4.68521,4.71966,4.63977,4.71816,534468964
10/12/2017,4.72165,4.77159,4.69349,4.72045,531391298
10/13/2017,4.78308,4.81861,4.73583,4.80852,634822168
10/16/2017,4.83838,4.89429,4.77539,4.8915,580938236
10/17/2017,4.87052,4.91506,4.85216,4.88711,470639391
10/18/2017,4.89579,4.89649,4.77739,4.88281,572961519
10/19/2017,4.80502,4.89309,4.7556,4.88831,573762543
10/20/2017,4.90478,4.93224,4.85685,4.86582,455615752
10/23/2017,4.88781,4.91376,4.83838,4.85884,432755964
10/24/2017,4.86812,4.91128,4.84188,4.90948,408850999
10/25/2017,4.87032,4.92306,4.72384,4.78577,836814632
10/26/2017,4.81321,4.84737,4.78937,4.83558,324498862
10/27/2017,4.8903,4.98855,4.86213,4.98825,578039496
10/30/2017,4.98825,5.09329,4.97268,5.03737,509918457
10/31/2017,5.06963,5.13794,5.06383,5.11127,416698474
11/1/2017,5.17388,5.18885,5.05636,5.12077,508422468
11/2/2017,5.09099,5.13595,5.03268,5.0896,346290307
11/3/2017,5.12077,5.15771,5.07482,5.15771,357753500
11/6/2017,5.12077,5.18915,5.10857,5.18065,393798237
11/7/2017,5.20343,5.26137,5.19115,5.23878,431836834
11/8/2017,5.23508,5.23878,5.12177,5.16919,527419058
11/9/2017,5.07302,5.09927,4.95141,5.07432,966915568
11/10/2017,5.26575,5.40414,5.22958,5.34152,1266594482
11/13/2017,5.34152,5.36729,5.23908,5.25457,588000882
11/14/2017,5.26375,5.30857,5.2198,5.2933,534184130
11/15/2017,5.23758,5.23878,5.13575,5.18915,506454555
11/16/2017,5.26336,5.2937,5.2204,5.22938,444699884
11/17/2017,5.28672,5.32235,5.20812,5.22309,520878711
11/20/2017,5.23858,5.30287,5.20213,5.29071,399523118
11/21/2017,5.33053,5.35112,5.29867,5.33932,403003074
11/22/2017,5.36679,5.36679,5.28272,5.31556,360298002
11/24/2017,5.33182,5.36679,5.30737,5.36579,182727003
11/27/2017,5.37448,5.37548,5.2927,5.29599,427029881
11/28/2017,5.30117,5.31057,5.15023,5.21062,517561938
11/29/2017,5.19365,5.19644,4.72864,4.85585,1410361063
11/30/2017,4.92605,5.01192,4.86312,4.9634,831998174
12/1/2017,4.92875,4.94901,4.75939,4.88881,818917641
12/4/2017,4.94702,4.95321,4.56319,4.61601,1252523021
12/5/2017,4.51107,4.76509,4.46573,4.64277,991321780
12/6/2017,4.59233,4.70148,4.57177,4.67992,469286785
12/7/2017,4.74681,4.78757,4.70088,4.74761,541633221
12/8/2017,4.79752,4.81661,4.72664,4.73513,466386763
12/11/2017,4.7494,4.81661,4.73344,4.81361,374959021
12/12/2017,4.77009,4.79334,4.69569,4.71886,458588422
12/13/2017,4.76009,4.76139,4.59683,4.60433,559201443
12/14/2017,4.59783,4.68192,4.56579,4.61131,441748385
12/15/2017,4.65496,4.7571,4.59033,4.73782,676051151
12/18/2017,4.77759,4.89709,4.74781,4.89409,480920513
12/19/2017,4.88481,4.8901,4.82121,4.84957,375645123
12/20/2017,4.88931,4.89829,4.81101,4.86552,291693142
12/21/2017,4.87032,4.89529,4.83558,4.84417,303759975
12/22/2017,4.80732,4.83818,4.72914,4.82889,470923925
12/26/2017,4.77339,4.8905,4.74342,4.88281,358243630
12/27/2017,4.86932,4.94502,4.85455,4.87482,332430151
12/28/2017,4.89949,4.93045,4.87552,4.88181,242598718
12/29/2017,4.90748,4.90748,4.78507,4.78507,282327765
1/2/2018,4.84138,4.93344,4.80971,4.92975,356569996
1/3/2018,5.04737,5.28502,5.03867,5.25437,920382381
1/4/2018,5.33582,5.39267,5.25977,5.28232,588501458
1/5/2018,5.29727,5.36449,5.2198,5.32734,583555647
1/8/2018,5.44995,5.56428,5.40534,5.48971,880552013
1/9/2018,5.49511,5.53504,5.40694,5.48811,501903974
1/10/2018,5.39636,5.53504,5.34182,5.53164,588085077
1/11/2018,5.56428,5.59546,5.51986,5.54163,409798752
1/12/2018,5.52965,5.56399,5.47342,5.51408,363403750
1/16/2018,5.54083,5.62612,5.35912,5.44287,697770829
1/17/2018,5.45743,5.56687,5.36429,5.5573,543235209
1/18/2018,5.53804,5.60464,5.50668,5.55063,411823099
1/19/2018,5.6406,5.71468,5.61363,5.6903,596494550
1/22/2018,5.69829,5.78058,5.6408,5.77888,555444994
1/23/2018,5.83232,5.93084,5.81382,5.90787,477741124
1/24/2018,5.91107,5.94712,5.77538,5.83112,586282160
1/25/2018,5.8859,5.92885,5.82982,5.84478,413374210
1/26/2018,5.8889,6.01804,5.87604,6.01784,520763019
1/29/2018,6.00305,6.13634,5.95012,6.10519,459399601
1/30/2018,5.96271,6.0945,5.8961,6.00265,575762313
1/31/2018,6.07822,6.1644,6.04556,6.07892,481926672
2/1/2018,5.8989,6.10649,5.8873,5.94742,521676049
2/2/2018,5.86105,5.8851,5.71668,5.77458,723636926
2/5/2018,5.61363,5.76788,5.06983,5.28502,1172541327
2/6/2018,5.05486,5.58117,5.04487,5.57817,1126982592
2/7/2018,5.67702,5.81052,5.60613,5.65835,810111898
2/8/2018,5.78358,5.81682,5.37918,5.37938,1113687989
2/9/2018,5.8921,5.90727,5.37938,5.73924,1691027393
2/12/2018,5.82032,5.82332,5.56498,5.6396,1102191657
2/13/2018,5.60264,5.79914,5.57017,5.75291,631597933
2/14/2018,5.71248,5.99936,5.70128,5.9704,751335265
2/15/2018,6.05376,6.14273,5.97288,6.0965,704779223
2/16/2018,6.06925,6.18237,6.02133,6.0306,644030681
2/20/2018,6.05296,6.22852,6.04926,6.1594,692872639
2/21/2018,6.22412,6.2305,5.9689,5.97268,853852814
2/22/2018,6.00664,6.07852,5.92625,5.99207,538907860
2/23/2018,6.05226,6.08591,6.00135,6.08591,418281253
2/26/2018,6.13236,6.13674,6.03956,6.10219,471990985
2/27/2018,6.07522,6.1592,6.06626,6.08921,460126544
2/28/2018,6.1002,6.13973,5.97687,5.98837,528502663
3/1/2018,5.98637,6.04026,5.64478,5.74592,1050831105
3/2/2018,5.6384,5.85975,5.48941,5.85328,922834786
3/5/2018,5.80312,5.87104,5.67901,5.83112,627169884
3/6/2018,5.91626,6.01184,5.87374,5.99237,643368314
3/7/2018,5.8896,6.03696,5.8883,5.98467,587194921
3/8/2018,6.01204,6.01204,5.92355,5.9681,416152771
3/9/2018,6.01584,6.08392,5.99966,6.07124,510732360
3/12/2018,6.11269,6.26026,6.10449,6.18037,611293234
3/13/2018,6.22312,6.29741,6.08871,6.13006,626155382
3/14/2018,6.17257,6.20015,6.0932,6.1552,510700523
3/15/2018,6.16858,6.25078,6.12836,6.16987,406093169
3/16/2018,6.18637,6.21712,6.14873,6.19836,403571321
3/19/2018,6.14173,6.17017,5.86475,5.96371,721124743
3/20/2018,5.96671,6.21452,5.96671,6.17587,560409142
3/21/2018,6.16937,6.2358,6.12057,6.15071,443206699
3/22/2018,6.08771,6.13435,5.94712,5.98487,556873563
3/23/2018,5.99836,6.00505,5.75361,5.76489,743194593
3/26/2018,5.8896,6.05126,5.8373,6.04996,617722685
3/27/2018,6.13106,6.18637,5.43988,5.58017,1423511791
3/28/2018,5.54633,5.67572,5.37009,5.47712,955647826
3/29/2018,5.54583,5.82732,5.46093,5.73067,926068064
4/2/2018,5.66005,5.80632,5.38238,5.46972,931589292
4/3/2018,5.6368,5.69968,5.47712,5.57617,674304297
4/4/2018,5.32085,5.60863,5.29569,5.59815,797294076
4/5/2018,5.65655,5.66932,5.40664,5.47792,708461040
4/6/2018,5.37578,5.48342,5.27253,5.30187,669816960
4/9/2018,5.36509,5.49241,5.31057,5.33053,504669465
4/10/2018,5.56079,5.66603,5.50339,5.6396,772628557
4/11/2018,5.62462,5.66533,5.56597,5.59815,463846117
4/12/2018,5.691,5.82312,5.64706,5.80532,600034765
4/13/2018,5.86904,5.87744,5.67971,5.72847,508216451
4/16/2018,5.73495,5.7616,5.6338,5.72827,354403898
4/17/2018,5.78038,5.8996,5.72467,5.87823,451831452
4/18/2018,5.82732,5.92005,5.75991,5.84908,395393003
4/19/2018,5.73425,5.76818,5.61213,5.66703,476858349
4/20/2018,5.65875,5.74323,5.62812,5.65935,390176069
4/23/2018,5.67672,5.72847,5.51388,5.54004,431911866
4/24/2018,5.56578,5.66105,5.40834,5.47342,418865664
4/25/2018,5.44346,5.48292,5.20413,5.36151,594554669
4/26/2018,5.52306,5.58087,5.45674,5.57287,379693537
4/27/2018,5.67851,5.69849,5.5583,5.60044,404978198
4/30/2018,5.61683,5.66603,5.54603,5.56528,331219117
5/1/2018,5.557,5.62312,5.4981,5.62062,256402950
5/2/2018,5.61713,5.66105,5.57367,5.59984,271010149
5/3/2018,5.6318,5.79155,5.58647,5.76539,447709539
5/4/2018,5.73645,5.91855,5.71928,5.91526,404787904
5/7/2018,6.02063,6.21053,6.01064,6.1536,694696948
5/8/2018,6.1539,6.19915,6.10549,6.19636,511832530
5/9/2018,6.21612,6.33104,6.18917,6.32904,602905293
5/10/2018,6.38218,6.44588,6.36421,6.4366,1004319290
5/11/2018,6.25477,6.4281,6.19985,6.29821,1226963961
5/14/2018,6.33604,6.39625,6.29501,6.31886,528526929
5/15/2018,6.25507,6.25777,5.97608,6.07672,973451819
5/16/2018,6.03826,6.14971,6.00106,6.08791,559532175
5/17/2018,6.08971,6.22332,6.07353,6.13006,525137468
5/18/2018,6.18157,6.24479,6.08122,6.08621,488699525
5/21/2018,6.18337,6.18717,5.95092,6.04396,647222658
5/22/2018,6.05756,6.08272,5.94492,6.00584,523603111
5/23/2018,5.94942,6.13076,5.94872,6.12956,447242453
5/24/2018,6.12577,6.17517,6.07253,6.13335,441603159
5/25/2018,6.14553,6.18857,6.11049,6.17217,294937397
5/29/2018,6.1542,6.22332,6.10889,6.1552,356095439
5/30/2018,6.18887,6.27272,6.1642,6.26406,394777376
5/31/2018,6.2323,6.31886,6.22152,6.24429,498646319
6/1/2018,6.28901,6.38477,6.28042,6.37878,426052374
6/4/2018,6.41273,6.57959,6.38078,6.55811,648236910
6/5/2018,6.5614,6.60077,6.51616,6.5636,395501795
6/6/2018,6.47284,6.5684,6.45637,6.5656,374946963
6/7/2018,6.5618,6.57339,6.41893,6.50957,373022916
6/8/2018,6.4364,6.53685,6.41763,6.49402,363944977
6/11/2018,6.48134,6.52315,6.43989,6.45287,267937480
6/12/2018,6.47934,6.51367,6.4289,6.5016,322247156
6/13/2018,6.50299,6.57809,6.48783,6.49701,341478426
6/14/2018,6.54242,6.66525,6.52745,6.60874,434176621
6/15/2018,6.55181,6.623,6.52045,6.5681,436441387
6/18/2018,6.52385,6.58109,6.49661,6.5641,359713721
6/19/2018,6.46016,6.52785,6.31426,6.44169,600688720
6/20/2018,6.48284,6.54811,6.44438,6.49482,373357284
6/21/2018,6.52685,6.54541,6.35821,6.36601,362994320
6/22/2018,6.38666,6.40015,6.19836,6.21352,438358504
6/25/2018,6.10769,6.11149,5.83212,5.92055,672258789
6/26/2018,6.03459,6.08272,5.94022,5.99187,483518544
6/27/2018,6.03577,6.10219,5.83112,5.8365,458283357
6/28/2018,5.82652,5.97588,5.81912,5.96391,341282043
6/29/2018,6.0293,6.04176,5.86475,5.86605,396094419
7/2/2018,5.79614,6.00185,5.77558,5.99806,361033318
7/3/2018,6.03299,6.03876,5.85607,5.86445,224887894
7/5/2018,5.91925,6.01534,5.88092,6.01034,309180433
7/6/2018,5.98587,6.13276,5.96441,6.12437,299219999
7/9/2018,6.19836,6.20784,6.0932,6.17137,306820877
7/10/2018,6.18387,6.29241,6.14353,6.27043,363498552
7/11/2018,6.17757,6.21233,6.11857,6.12936,371061943
7/12/2018,6.17417,6.26845,6.1642,6.22052,348849591
7/13/2018,6.23929,6.23929,6.13156,6.17317,249554374
7/16/2018,6.14553,6.19855,6.13355,6.14553,198943229
7/17/2018,6.0967,6.29641,6.07124,6.28122,365639322
7/18/2018,6.27402,6.28771,6.18117,6.2323,280327714
7/19/2018,6.21332,6.27402,6.19836,6.24049,238032163
7/20/2018,6.23809,6.27672,6.20135,6.21213,224638863
7/23/2018,6.18557,6.18737,6.02401,6.17537,304502512
7/24/2018,6.22352,6.31018,6.14103,6.1579,358052596
7/25/2018,6.16739,6.24908,6.11019,6.23649,323279625
7/26/2018,6.21632,6.34653,6.19955,6.30998,328270623
7/27/2018,6.34623,6.35322,6.18617,6.24029,298279538
7/30/2018,6.25407,6.26006,6.01004,6.04496,343634269
7/31/2018,6.03477,6.13803,5.99566,6.06326,286735283
8/1/2018,6.0947,6.14951,6.03876,6.10319,286298863
8/2/2018,6.03179,6.20933,5.97268,6.20554,272276516
8/3/2018,6.2301,6.26576,6.21312,6.24209,216361207
8/6/2018,6.22951,6.29321,6.18287,6.28971,209514133
8/7/2018,6.33823,6.38078,6.31198,6.36201,260627706
8/8/2018,6.36321,6.44338,6.32824,6.39845,264634187
8/9/2018,6.41613,6.41893,6.34203,6.34982,206254786
8/10/2018,6.26805,6.34083,6.25677,6.30868,259109463
8/13/2018,6.31726,6.46206,6.31556,6.34123,378836339
8/14/2018,6.44688,6.48704,6.36381,6.47284,470729936
8/15/2018,6.49382,6.52765,6.33584,6.41463,596854766
8/16/2018,6.48464,6.48704,6.31416,6.37418,809010897
8/17/2018,6.26276,6.26346,6.03527,6.06226,1154247674
8/20/2018,6.02163,6.26924,5.91057,6.13703,862652077
8/21/2018,6.1529,6.27672,6.13355,6.27222,680509064
8/22/2018,6.23979,6.51247,6.2363,6.50757,757111413
8/23/2018,6.46865,6.67225,6.45487,6.60704,727656947
8/24/2018,6.61553,6.75511,6.61104,6.74043,536652689
8/27/2018,6.77029,6.90569,6.73873,6.83181,510670618
8/28/2018,6.82602,6.84879,6.67345,6.79426,479983025
8/29/2018,6.78656,6.92385,6.7656,6.8991,423942159
8/30/2018,6.86796,6.97917,6.84599,6.88212,349771224
8/31/2018,6.86276,6.96622,6.85299,6.95323,309386871
9/4/2018,6.93994,7.06636,6.91168,7.02861,395294587
9/5/2018,7.01083,7.04658,6.81702,6.8974,396743396
9/6/2018,6.88092,6.88342,6.72357,6.75661,325740332
9/7/2018,6.66395,6.86096,6.61952,6.73535,298113741
9/10/2018,6.7579,6.83621,6.71388,6.80685,222146539
9/11/2018,6.7601,6.84799,6.73923,6.7586,245330529
9/12/2018,6.71858,6.73833,6.48863,6.64427,422913546
9/13/2018,6.7104,6.81353,6.69292,6.72237,308322825
9/14/2018,6.81323,6.91407,6.77608,6.84879,390465139
9/17/2018,6.82352,6.87146,6.76729,6.78686,207402526
9/18/2018,6.79086,6.89292,6.7076,6.71438,302253350
9/19/2018,6.69562,6.75611,6.64547,6.73833,226909867
9/20/2018,6.61602,6.65826,6.54282,6.59677,434510839
9/21/2018,6.60874,6.65426,6.49332,6.52665,439095742
9/24/2018,6.49562,6.58578,6.40843,6.58238,296594306
9/25/2018,6.64847,6.67444,6.5631,6.64947,282947739
9/26/2018,6.65446,6.69492,6.59677,6.61273,270997380
9/27/2018,6.64767,6.66895,6.59307,6.6245,216384802
9/28/2018,6.75691,6.98387,6.72887,6.96172,715868179
10/1/2018,7.04009,7.2356,7.00116,7.1685,627732943
10/2/2018,7.14114,7.25306,7.07535,7.09721,387467542
10/3/2018,7.1675,7.1751,6.99946,7.1034,323475006
10/4/2018,7.06756,7.09142,6.84249,6.91867,394788512
10/5/2018,6.8941,6.95622,6.628,6.68542,430526482
10/8/2018,6.60237,6.71788,6.44289,6.58408,412338186
10/9/2018,6.5638,6.65826,6.51047,6.57859,275994757
10/10/2018,6.47204,6.51816,6.08471,6.08691,691186617
10/11/2018,5.99966,6.13355,5.80352,5.82512,732055092
10/12/2018,6.08252,6.18217,5.93703,6.10819,613785358
10/15/2018,6.0947,6.0947,5.83032,5.83132,453864251
10/16/2018,5.94402,6.1017,5.8951,6.0905,412440328
10/17/2018,6.1525,6.19057,5.97268,6.02183,332675467
10/18/2018,6.0912,6.12976,5.87404,5.93403,528802400
10/19/2018,5.98937,6.00904,5.6408,5.67702,619207688
10/22/2018,5.72967,5.82982,5.62512,5.72827,372208492
10/23/2018,5.46073,5.554,5.36909,5.47642,632152580
10/24/2018,5.43788,5.48472,4.92605,4.93973,892354962
10/25/2018,4.84238,5.19644,4.79802,5.14953,960403794
10/26/2018,4.91248,5.07502,4.78438,4.91208,670849699
10/29/2018,5.05386,5.05736,4.3607,4.59863,764932759
10/30/2018,4.62179,5.03907,4.59863,5.0291,814554428
10/31/2018,5.19385,5.26674,5.05436,5.22309,752575573
11/1/2018,5.25957,5.41312,5.13325,5.40364,571696544
11/2/2018,5.39437,5.4997,5.20762,5.32485,457092222
11/5/2018,5.31157,5.33482,5.0858,5.24638,382790913
11/6/2018,5.23838,5.32315,5.19185,5.22878,301738142
11/7/2018,5.29569,5.38637,5.23158,5.29668,488225689
11/8/2018,5.23708,5.23778,5.04987,5.10357,516017757
11/9/2018,5.01412,5.18585,4.98036,5.09558,417011831
11/12/2018,5.00384,5.02591,4.67373,4.69549,622747654
11/13/2018,4.79334,5.05935,4.78707,4.93743,650592510
11/14/2018,5.11127,5.12557,4.77709,4.88531,531382645
11/15/2018,4.87931,5.0863,4.84317,5.01392,848378165
11/16/2018,4.04595,4.22779,4.00343,4.07363,1981431554
11/19/2018,4.00802,4.00871,3.58323,3.58503,1713308778
11/20/2018,3.32116,3.82148,3.30247,3.6934,1707469035
11/21/2018,3.83048,3.84726,3.5578,3.58523,1034849268
11/23/2018,3.55031,3.70597,3.53812,3.59242,415726716
11/26/2018,3.71356,3.80214,3.63097,3.79186,822265650
11/27/2018,3.76568,3.8896,3.72992,3.80862,744793275
11/28/2018,3.92613,3.97077,3.79366,3.96547,811864900
11/29/2018,3.96777,4.00472,3.87222,3.90219,553629589
11/30/2018,3.91188,4.06334,3.86162,4.05264,735484182
12/3/2018,4.28011,4.33202,4.14971,4.2168,898032253
12/4/2018,4.17207,4.17707,3.88092,3.8959,818700888
12/6/2018,3.75549,3.93033,3.7399,3.92534,697927012
12/7/2018,3.92953,3.93983,3.61122,3.66065,687209149
12/10/2018,3.61569,3.79086,3.61202,3.76588,634580929
12/11/2018,3.85762,3.86592,3.59572,3.67504,677365189
12/12/2018,3.68073,3.78886,3.59143,3.6927,659443601
12/13/2018,3.7395,3.80363,3.65635,3.6924,475209782
12/14/2018,3.65066,3.73451,3.60822,3.63197,475649537
12/17/2018,3.60172,3.67404,3.50287,3.56049,668245728
12/18/2018,3.60442,3.72822,3.57726,3.64417,568949330
12/19/2018,3.61022,3.66394,3.38334,3.43498,751413751
12/20/2018,3.42649,3.51685,3.29019,3.35038,755669984
12/21/2018,3.37677,3.40973,3.18555,3.21302,870749374
12/24/2018,3.13692,3.22319,3.08752,3.15127,467602655
12/26/2018,3.19754,3.30148,3.08652,3.30049,700739433
12/27/2018,3.24834,3.2825,3.10447,3.25234,642212101
12/28/2018,3.27291,3.40703,3.23138,3.31416,633592285
12/31/2018,3.35777,3.39033,3.2795,3.31047,468914200
1/2/2019,3.23966,3.43428,3.22489,3.37806,512881613
1/3/2019,3.31766,3.35178,3.16627,3.17387,711276216
1/4/2019,3.24704,3.41551,3.2162,3.37737,590370994
1/7/2019,3.43468,3.59302,3.38334,3.5561,714913286
1/8/2019,3.63797,3.64017,3.39473,3.46793,792394875
1/9/2019,3.51935,3.58323,3.46863,3.53632,622267388
1/10/2019,3.51685,3.61022,3.45625,3.60142,527401091
1/11/2019,3.57925,3.71375,3.55131,3.69091,881860443
1/14/2019,3.63867,3.75589,3.61499,3.73091,736094532
1/15/2019,3.76348,3.80284,3.69839,3.71674,622016494
1/16/2019,3.7439,3.77687,3.68541,3.6911,473918037
1/17/2019,3.65815,3.80244,3.63097,3.76248,497439921
1/18/2019,3.81201,3.91755,3.76068,3.8916,656621866
1/22/2019,3.86142,3.87322,3.65915,3.68941,666918811
1/23/2019,3.7447,3.83328,3.67104,3.70227,595817340
1/24/2019,3.78686,3.93183,3.78217,3.91417,714723062
1/25/2019,3.85462,3.98925,3.75189,3.97147,1164595355
1/28/2019,3.38633,3.51287,3.24854,3.4225,2531905241
1/29/2019,3.37637,3.4247,3.24884,3.26303,1163296870
1/30/2019,3.3396,3.4215,3.25954,3.40703,982134418
1/31/2019,3.40373,3.60042,3.38204,3.56479,849692353
2/1/2019,3.58343,3.64037,3.53632,3.58923,630118569
2/4/2019,3.60502,3.7367,3.58303,3.69969,532889691
2/5/2019,3.71156,3.75519,3.67783,3.71873,546826230
2/6/2019,3.75169,3.85862,3.7465,3.79446,708165650
2/7/2019,3.7479,3.74989,3.61301,3.65595,642289587
2/8/2019,3.58873,3.68511,3.57426,3.67454,465350940
2/11/2019,3.63037,3.68471,3.58343,3.63197,499198492
2/12/2019,3.67024,3.76448,3.65595,3.74889,595856338
2/13/2019,3.77847,3.86442,3.76468,3.79146,610284010
2/14/2019,3.79046,3.86022,3.7472,3.83198,833975341
2/15/2019,4.04066,4.06364,3.87922,3.90159,1529056282
2/19/2019,3.8912,3.96507,3.87222,3.88441,556370654
2/20/2019,3.91357,3.99873,3.90239,3.93183,545379053
2/21/2019,3.94451,3.96907,3.84825,3.86292,452186181
2/22/2019,3.91457,3.96647,3.90089,3.9478,405000982
2/25/2019,4.03099,4.09858,3.92653,3.93533,661342140
2/26/2019,3.93053,3.98625,3.86242,3.8956,492426189
2/27/2019,3.88142,3.90789,3.79715,3.85393,504314276
2/28/2019,3.84765,3.87022,3.80713,3.82928,327241929
3/1/2019,3.87942,3.92583,3.82069,3.88361,359714603
3/4/2019,3.92215,3.9451,3.83528,3.8919,412891140
3/5/2019,3.87642,3.92355,3.82168,3.88541,365492874
3/6/2019,3.87662,3.88491,3.77187,3.77467,406381429
3/7/2019,3.75089,3.76068,3.65915,3.70527,453290316
3/8/2019,3.61599,3.75019,3.59442,3.7397,425403878
3/11/2019,3.76318,4.023,3.71594,4.00003,865809452
3/12/2019,4.028,4.08092,3.95179,4.03418,583675866
3/13/2019,4.07193,4.2153,4.06433,4.18584,774341510
3/14/2019,4.19504,4.20701,4.10208,4.10987,523060443
3/15/2019,4.15289,4.25786,4.14942,4.2156,666139840
3/18/2019,4.24667,4.30078,4.16687,4.19404,490439178
3/19/2019,4.28859,4.40632,4.27163,4.3623,861022298
3/20/2019,4.39124,4.44445,4.29459,4.32952,724237391
3/21/2019,4.35272,4.59263,4.34772,4.56648,830143520
3/22/2019,4.54024,4.58765,4.39264,4.40632,752933887
3/25/2019,4.366,4.43008,4.24747,4.31407,528928478
3/26/2019,4.45574,4.51205,4.33452,4.39094,708485176
3/27/2019,4.41632,4.46304,4.31207,4.38167,477728446
3/28/2019,4.40752,4.46603,4.34732,4.40012,483662429
3/29/2019,4.46703,4.48202,4.41652,4.45774,460128186
4/1/2019,4.54983,4.55551,4.47802,4.52524,487248112
4/2/2019,4.54953,4.58736,4.50627,4.54324,444039890
4/3/2019,4.59263,4.74112,4.58765,4.68192,794360213
4/4/2019,4.66675,4.71547,4.61081,4.67323,460613129
4/5/2019,4.71617,4.75739,4.67992,4.73982,485154853
4/8/2019,4.70917,4.78607,4.68521,4.76079,427195558
4/9/2019,4.72714,4.73842,4.65576,4.69789,443086119
4/10/2019,4.69719,4.79434,4.69269,4.76859,447919522
4/11/2019,4.77109,4.80252,4.70488,4.7546,377252188
4/12/2019,4.79334,4.79732,4.70767,4.71647,475044386
4/15/2019,4.70867,4.71367,4.54584,4.58506,443207941
4/16/2019,4.62458,4.69069,4.59163,4.67193,397758408
4/17/2019,4.70667,4.72764,4.62728,4.64927,353486461
4/18/2019,4.65576,4.6897,4.59703,4.62498,383684094
4/22/2019,4.60133,4.69389,4.56998,4.67852,281916342
4/23/2019,4.69149,4.76439,4.68172,4.73284,349309566
4/24/2019,4.74342,4.78637,4.68252,4.74542,320456407
4/25/2019,4.70488,4.72744,4.56049,4.64027,502830545
4/26/2019,4.48612,4.49061,4.30208,4.4211,875138175
4/29/2019,4.42908,4.47972,4.357,4.45205,394692629
4/30/2019,4.41951,4.51905,4.40032,4.49329,365489709
5/1/2019,4.54604,4.58785,4.48002,4.48022,356788151
5/2/2019,4.48991,4.58934,4.44645,4.54804,397478201
5/3/2019,4.55621,4.56618,4.48172,4.54354,339206860
5/6/2019,4.357,4.47702,4.31956,4.46473,425165112
5/7/2019,4.41632,4.41632,4.24887,4.29739,559147052
5/8/2019,4.26963,4.39782,4.25766,4.31756,422132252
5/9/2019,4.24817,4.25786,4.10587,4.22479,664918490
5/10/2019,4.19404,4.25946,4.07113,4.19084,573527873
5/13/2019,4.05864,4.08191,3.91735,3.93333,661561147
5/14/2019,3.97306,4.05764,3.93433,4.0224,528592988
5/15/2019,3.96677,3.99773,3.90739,3.96128,505874531
5/16/2019,3.95609,4.019,3.91337,3.97626,786615191
5/17/2019,3.93453,4.06394,3.84626,3.88561,1029300138
5/20/2019,3.78716,3.84197,3.7425,3.76718,576113366
5/21/2019,3.82768,3.86522,3.78946,3.84925,364410351
5/22/2019,3.81031,3.83647,3.76748,3.77847,328175541
5/23/2019,3.71594,3.71594,3.59742,3.65715,596032291
5/24/2019,3.67604,3.71126,3.59642,3.60322,360115590
5/28/2019,3.62098,3.65365,3.5561,3.5581,431385161
5/29/2019,3.51087,3.54552,3.44925,3.48419,563762710
5/30/2019,3.48739,3.52334,3.419,3.45744,396636957
5/31/2019,3.40833,3.44098,3.36477,3.36657,392029871
6/3/2019,3.37777,3.41651,3.29519,3.32465,481480577
6/4/2019,3.38903,3.5591,3.36657,3.55381,645640160
6/5/2019,3.62797,3.63337,3.4752,3.51157,514648196
6/6/2019,3.51585,3.59802,3.51336,3.57327,410557923
6/7/2019,3.57925,3.65036,3.56009,3.61619,350925494
6/10/2019,3.67224,3.75748,3.67224,3.68891,405168551
6/11/2019,3.74889,3.78666,3.70697,3.7467,386145572
6/12/2019,3.70297,3.70926,3.61839,3.63367,361019417
6/13/2019,3.65565,3.70297,3.63817,3.68471,309907366
6/14/2019,3.59143,3.61599,3.54981,3.59472,396764357
6/17/2019,3.59302,3.64167,3.57007,3.60442,277677845
6/18/2019,3.66594,3.85492,3.65495,3.79944,585367537
6/19/2019,3.83468,3.84596,3.77947,3.80543,333609899
6/20/2019,3.8959,3.90989,3.8153,3.82968,352243018
6/21/2019,3.81471,3.86422,3.76518,3.77167,437002142
6/24/2019,3.79316,3.82348,3.7459,3.79416,284625990
6/25/2019,3.79885,3.87422,3.76188,3.76468,313715181
6/26/2019,3.8922,4.019,3.87942,3.95778,587535378
6/27/2019,4.04365,4.07593,4.00742,4.05664,448082124
6/28/2019,4.10058,4.10987,4.03468,4.08162,400023684
7/1/2019,4.28879,4.32333,4.09228,4.12985,715750954
7/2/2019,4.11307,4.13404,4.0184,4.03169,402600034
7/3/2019,4.05514,4.06094,3.98445,4.04465,248096261
7/5/2019,3.98605,3.99045,3.91855,3.98176,398904586
7/8/2019,3.92235,3.94132,3.87722,3.90689,331741685
7/9/2019,3.86492,3.93753,3.85223,3.90939,344892944
7/10/2019,3.95309,4.03518,3.93913,3.97746,454755850
7/11/2019,4.05095,4.17307,4.01341,4.13255,686604688
7/12/2019,4.16007,4.23658,4.16007,4.16537,509394507
7/15/2019,4.18664,4.20281,4.12885,4.15688,291557840
7/16/2019,4.14213,4.17937,4.09658,4.15209,343467951
7/17/2019,4.15389,4.22459,4.12485,4.2176,350268495
7/18/2019,4.22799,4.29239,4.17137,4.22928,445806103
7/19/2019,4.26763,4.27413,4.18007,4.18604,346940335
7/22/2019,4.2076,4.27063,4.20003,4.25766,317812787
7/23/2019,4.29709,4.36799,4.2814,4.366,430714742
7/24/2019,4.44027,4.44605,4.33302,4.44027,368408539
7/25/2019,4.39852,4.41132,4.2856,4.30907,395025956
7/26/2019,4.33632,4.39782,4.33632,4.35132,275785065
7/29/2019,4.34402,4.3613,4.25646,4.34502,249633021
7/30/2019,4.29838,4.37298,4.2838,4.3607,198942789
7/31/2019,4.32902,4.32972,4.15071,4.19304,361546282
8/1/2019,4.20361,4.29409,4.04635,4.09858,423709493
8/2/2019,4.00572,4.07533,3.95828,4.00572,430888521
8/5/2019,3.82228,3.82348,3.70068,3.7477,592649890
8/6/2019,3.82228,3.86792,3.7387,3.78646,363412293
8/7/2019,3.72553,3.83647,3.70797,3.82448,374770330
8/8/2019,3.88222,3.93433,3.82468,3.93313,311132372
8/9/2019,3.8922,3.8954,3.78147,3.83168,343843000
8/12/2019,3.77967,3.83168,3.7422,3.76388,280855511
8/13/2019,3.75269,3.92414,3.72353,3.87842,362649496
8/14/2019,3.79016,3.80114,3.68591,3.72972,422370327
8/15/2019,3.75519,3.76848,3.66334,3.69739,557748798
8/16/2019,3.96008,4.01441,3.89859,3.96527,1021404231
8/19/2019,4.07893,4.26016,4.06264,4.24427,821161515
8/20/2019,4.23877,4.23927,4.15071,4.17187,466269258
8/21/2019,4.23797,4.31077,4.2166,4.25546,430447514
8/22/2019,4.26515,4.30777,4.22259,4.26166,305557344
8/23/2019,4.18506,4.23957,4.01701,4.03698,572873277
8/26/2019,4.11587,4.13993,4.07363,4.11187,320482706
8/27/2019,4.14991,4.15269,3.99144,4.021,293277834
8/28/2019,3.99443,4.06334,3.95549,4.01041,257090134
8/29/2019,4.10208,4.18684,4.09858,4.15438,360140968
8/30/2019,4.20082,4.25047,4.14892,4.16707,292343561
9/3/2019,4.09428,4.12725,4.06114,4.08411,297973552
9/4/2019,4.14473,4.20581,4.14473,4.19834,229245718
9/5/2019,4.30058,4.47802,4.29878,4.47173,699920843
9/6/2019,4.44825,4.50527,4.40632,4.44445,378836459
9/9/2019,4.47572,4.57707,4.47422,4.49061,419585026
9/10/2019,4.45774,4.58366,4.44805,4.55721,354552670
9/11/2019,4.57197,4.63397,4.54304,4.58566,363294718
9/12/2019,4.63227,4.68671,4.57637,4.58406,329458292
9/13/2019,4.51785,4.55502,4.48272,4.52654,326192716
9/16/2019,4.45125,4.51805,4.44077,4.48342,232975507
9/17/2019,4.49011,4.50887,4.44346,4.50487,229600247
9/18/2019,4.49789,4.51355,4.39094,4.47772,265340219
9/19/2019,4.48372,4.50207,4.39124,4.40182,257607345
9/20/2019,4.40082,4.4245,4.2858,4.29609,359014189
9/23/2019,4.29639,4.39512,4.29259,4.34972,257087881
9/24/2019,4.38097,4.41052,4.25646,4.29209,322826549
9/25/2019,4.29159,4.45375,4.24667,4.43407,314651516
9/26/2019,4.4243,4.43308,4.361,4.41182,238999164
9/27/2019,4.37028,4.42081,4.2123,4.27283,367764319
9/30/2019,4.29878,4.34072,4.26743,4.33052,194152189
10/1/2019,4.35372,4.50307,4.32403,4.32872,369379256
10/2/2019,4.30677,4.31876,4.23228,4.30478,297120330
10/3/2019,4.30937,4.51705,4.27881,4.51087,465013357
10/4/2019,4.51305,4.55651,4.44775,4.52724,269282113
10/7/2019,4.59183,4.68521,4.58306,4.58566,490722540
10/8/2019,4.49409,4.49409,4.39094,4.40912,451559296
10/9/2019,4.48612,4.54554,4.45724,4.49589,309402113
10/10/2019,4.49359,4.60433,4.48831,4.55382,329131255
10/11/2019,4.63757,4.70987,4.6186,4.62698,453090959
10/14/2019,4.61561,4.66095,4.58706,4.64057,211373414
10/15/2019,4.73044,4.95771,4.71647,4.88511,671280641
10/16/2019,4.85087,4.95601,4.81961,4.83119,434887992
10/17/2019,4.87582,4.92106,4.77879,4.83319,265620827
10/18/2019,4.83359,4.86632,4.66425,4.73862,309141825
10/21/2019,4.80002,4.88951,4.78138,4.87612,268284256
10/22/2019,4.93304,5.03837,4.85834,4.86612,339033442
10/23/2019,4.78408,4.86732,4.7521,4.85316,287179826
10/24/2019,4.89429,4.93075,4.86034,4.89709,240216548
10/25/2019,4.97797,5.10957,4.97019,5.0886,425178702
10/28/2019,5.13255,5.19714,5.10297,5.14474,332423461
10/29/2019,5.13075,5.13724,5.0287,5.04807,212278873
10/30/2019,5.07502,5.08081,4.98186,5.05007,206977513
10/31/2019,5.0291,5.05007,4.92076,5.00084,210767250
11/1/2019,4.9654,5.07232,4.94043,5.03987,285037443
11/4/2019,5.12127,5.24908,5.09797,5.23658,378574619
11/5/2019,5.23638,5.26256,5.1669,5.21461,302352688
11/6/2019,5.19065,5.21611,5.07782,5.1657,270340511
11/7/2019,5.25178,5.26654,5.13854,5.18345,281722854
11/8/2019,5.1665,5.20084,5.12875,5.16949,190341851
11/11/2019,5.16869,5.20243,5.08201,5.17945,244992115
11/12/2019,5.21741,5.27053,5.18265,5.21461,285239104
11/13/2019,5.18365,5.21082,5.12257,5.18885,303856579
11/14/2019,5.19784,5.22139,5.13774,5.21911,529606678
11/15/2019,5.21681,5.26853,4.99125,5.07981,1059417001
11/18/2019,5.07232,5.30757,5.06933,5.28102,578156721
11/19/2019,5.25008,5.27353,5.11627,5.17468,417429353
11/20/2019,5.15173,5.33752,5.13894,5.25357,475351053
11/21/2019,5.24908,5.30487,5.20713,5.22878,289811858
11/22/2019,5.25138,5.29827,5.22279,5.24638,225204295
11/25/2019,5.37478,5.50788,5.36181,5.50289,509850276
11/26/2019,5.48542,5.48991,5.39217,5.39865,387583595
11/27/2019,5.44376,5.47812,5.40714,5.43309,216320116
11/29/2019,5.40264,5.4306,5.37228,5.39616,142150402
12/2/2019,5.38917,5.40264,5.19444,5.20942,375437023
12/3/2019,5.02571,5.17418,4.98825,5.17019,476133789
12/4/2019,5.25357,5.27603,5.18545,5.21362,274765425
12/5/2019,5.23558,5.25138,5.1662,5.19684,185913892
12/6/2019,5.26605,5.31516,5.25607,5.28232,233392648
12/9/2019,5.25937,5.33712,5.25058,5.28232,216034680
12/10/2019,5.31237,5.37918,5.25957,5.32734,257765200
12/11/2019,5.33782,5.41662,5.33532,5.41112,234990920
12/12/2019,5.38218,5.59646,5.37328,5.57817,407785782
12/13/2019,5.58117,5.70048,5.52206,5.57617,456874688
12/16/2019,5.62362,5.67772,5.59566,5.60513,322654373
12/17/2019,5.62362,5.70598,5.61443,5.6833,324619121
12/18/2019,5.71828,5.77418,5.70968,5.71368,345722070
12/19/2019,5.74821,5.87544,5.74323,5.86205,455006474
12/20/2019,5.92855,5.98487,5.90907,5.95941,605913817
12/23/2019,5.98807,6.02033,5.93503,5.94572,356882472
12/24/2019,5.93024,5.95791,5.8959,5.94082,139446042
12/26/2019,5.94412,5.98307,5.92525,5.95492,183986159
12/27/2019,5.9701,5.98367,5.87074,5.8971,255878238
12/30/2019,5.87524,5.88032,5.75221,5.78358,259329792
12/31/2019,5.74821,5.86724,5.72927,5.85806,232180562
1/2/2020,5.94402,5.97288,5.8933,5.97288,238675161
1/3/2020,5.85308,5.92105,5.82812,5.87724,206634962
1/6/2020,5.78358,5.90707,5.75741,5.90189,264014644
1/7/2020,5.93024,6.01934,5.8851,5.97338,320543948
1/8/2020,5.9691,6.02601,5.92905,5.98467,278402946
1/9/2020,6.07094,6.12277,5.99636,6.05026,256513024
1/10/2020,6.1574,6.18787,6.06855,6.08272,317789012
1/13/2020,6.16559,6.29821,6.14333,6.27322,321680962
1/14/2020,6.2305,6.25577,6.14333,6.1562,361086768
1/15/2020,6.16888,6.19136,6.08791,6.11388,264208422
1/16/2020,6.16719,6.20334,6.14373,6.19736,285383048
1/17/2020,6.21652,6.22412,6.1584,6.20614,254854482
1/21/2020,6.16937,6.20634,6.13873,6.17257,218830597
1/22/2020,6.21812,6.31316,6.19915,6.22532,240241635
1/23/2020,6.26675,6.30341,6.17787,6.29501,245539460
1/24/2020,6.41043,6.46016,6.18157,6.2361,375079410
1/27/2020,5.93124,6.0313,5.78138,5.98007,472506764
1/28/2020,6.04596,6.20584,5.99287,6.17337,312279722
1/29/2020,6.1589,6.19516,6.07323,6.11318,260538864
1/30/2020,6.01534,6.13335,5.96011,6.11977,291721434
1/31/2020,6.07392,6.08591,5.84428,5.8861,371972560
2/3/2020,5.86804,6.00285,5.86175,5.98337,257001091
2/4/2020,6.12537,6.17157,6.07522,6.1525,272681950
2/5/2020,6.27342,6.28342,6.1594,6.24309,209093025
2/6/2020,6.27722,6.32954,6.19616,6.32924,219197133
2/7/2020,6.28941,6.31168,6.23829,6.26346,190547628
2/10/2020,6.28601,6.54741,6.28102,6.54661,531828029
2/11/2020,6.65526,6.78426,6.59307,6.66945,641233843
2/12/2020,6.72237,6.79186,6.68343,6.78526,376215333
2/13/2020,6.72737,6.80884,6.69991,6.74142,530228936
2/14/2020,7.15152,7.34334,7.12017,7.21432,1046291700
2/18/2020,7.11117,7.40155,7.09162,7.38298,624488088
2/19/2020,7.50579,7.85259,7.50579,7.8348,697242031
2/20/2020,7.78667,7.87524,7.37759,7.68531,813446277
2/21/2020,7.5733,7.59825,7.2361,7.32099,772518323
2/24/2020,6.72687,7.01741,6.67225,6.80385,860507291
2/25/2020,6.87874,6.94054,6.42193,6.52365,1059922634
2/26/2020,6.52385,6.85776,6.52245,6.66345,752804204
2/27/2020,6.34922,6.65127,6.20015,6.29221,909670668
2/28/2020,6.0286,6.78726,6.02332,6.72787,1138750940
3/2/2020,6.8977,6.91487,6.5016,6.88592,893945032
3/3/2020,6.94174,7.00165,6.53785,6.6235,655137934
3/4/2020,6.73117,7.09662,6.65626,7.08724,599553158
3/5/2020,6.88772,7.05477,6.7633,6.80804,542268247
3/6/2020,6.6283,6.68592,6.4267,6.6273,517263604
3/9/2020,5.97608,6.46156,5.93324,6.11448,616364401
3/10/2020,6.39026,6.50348,6.12806,6.50348,582734373
3/11/2020,6.36321,6.39176,6.04276,6.14003,503871155
3/12/2020,5.61613,5.88192,5.37608,5.38867,819474340
3/13/2020,5.74163,6.00405,5.47042,5.99966,637118000
3/16/2020,5.29151,5.6321,4.83239,4.89229,729583368
3/17/2020,5.00484,5.5014,4.75759,5.41262,836626291
3/18/2020,4.98426,5.22978,4.50108,5.05237,877406625
3/19/2020,5.0309,5.39915,4.81721,5.30537,768263532
3/20/2020,5.45515,5.73724,5.10997,5.12557,807524372
3/23/2020,5.12457,5.39297,4.94522,5.29847,646187425
3/24/2020,5.70448,6.29371,5.68071,6.20734,1105600837
3/25/2020,6.32206,6.52185,6.06995,6.11877,796280615
3/26/2020,6.32555,6.53195,6.22782,6.40773,700093380
3/27/2020,6.22782,6.55441,6.19486,6.29541,641124360
3/30/2020,6.36081,6.6253,6.31686,6.61602,604413351
3/31/2020,6.65626,6.86046,6.42043,6.5664,953372726
4/1/2020,6.36801,6.51466,6.01064,6.05526,659272666
4/2/2020,6.08452,6.37678,6.03627,6.36351,678191761
4/3/2020,6.32605,6.36751,5.93853,6.07622,665596080
4/6/2020,6.35781,6.72317,6.30041,6.68622,730496960
4/7/2020,6.90769,6.93125,6.40913,6.45237,787339811
4/8/2020,6.5616,6.67494,6.49162,6.64997,544392944
4/9/2020,6.77588,6.79885,6.48704,6.55011,528138070
4/13/2020,6.49033,6.73117,6.40174,6.72237,399838318
4/14/2020,6.85049,7.1074,6.82282,7.07355,532853787
4/15/2020,6.9051,7.07894,6.85996,6.99586,367464031
4/16/2020,7.15132,7.44818,7.13814,7.34104,748298579
4/17/2020,7.42322,7.44469,7.14783,7.28184,541058445
4/20/2020,7.15532,7.3112,7.1062,7.15052,451002396
4/21/2020,7.0326,7.09362,6.65396,6.71388,737800464
4/22/2020,6.90589,7.1711,6.86046,7.12816,486470243
4/23/2020,7.1703,7.30201,7.04978,7.07505,425683094
4/24/2020,7.06476,7.21562,6.98987,7.21362,353912145
4/27/2020,7.34832,7.56053,7.32378,7.40025,481109885
4/28/2020,7.54804,7.578,7.25226,7.25786,444494999
4/29/2020,7.39256,7.48762,7.31749,7.43472,380523794
4/30/2020,7.38078,7.43472,7.26686,7.28084,377268002
5/1/2020,7.08324,7.19636,6.99616,7.04438,343326590
5/4/2020,6.99686,7.26985,6.99686,7.25586,318695843
5/5/2020,7.36031,7.47984,7.25606,7.31719,370220609
5/6/2020,7.39655,7.52307,7.35881,7.41793,324627413
5/7/2020,7.55754,7.65767,7.50639,7.59446,375072911
5/8/2020,7.66617,7.79086,7.6323,7.78467,341128024
5/11/2020,7.77968,8.08324,7.75094,8.0364,470745018
5/12/2020,8.09422,8.14316,7.76492,7.7747,494830292
5/13/2020,7.88953,8.0494,7.5677,7.75214,628098117
5/14/2020,7.81364,8.00725,7.65997,8.00166,604475834
5/15/2020,7.86177,8.47006,7.846,8.46057,991209343
5/18/2020,8.72937,8.88455,8.64949,8.71908,779192159
5/19/2020,8.75883,9.05468,8.73166,8.77401,719898505
5/20/2020,8.95882,9.01076,8.85707,8.93785,589646554
5/21/2020,9.01906,9.02006,8.7064,8.74404,763803365
5/22/2020,8.79369,9.06017,8.68214,8.99408,1042496194
5/26/2020,9.12379,9.14876,8.641,8.68674,773547617
5/27/2020,8.59406,8.60186,7.96801,8.49461,1180115975
5/28/2020,8.38219,8.72937,8.34924,8.45677,738772272
5/29/2020,8.52378,8.84379,8.45479,8.84379,748599047
6/1/2020,8.80167,8.80916,8.65847,8.77471,391913668
6/2/2020,8.76482,8.80567,8.62702,8.79369,392726129
6/3/2020,8.7907,8.83461,8.66897,8.73835,366751500
6/4/2020,8.70091,8.91531,8.65049,8.73935,425608122
6/5/2020,8.76702,8.9688,8.68094,8.89204,483255893
6/8/2020,8.84958,8.86205,8.65877,8.77751,388952465
6/9/2020,8.77261,9.08114,8.72408,9.01776,469957164
6/10/2020,9.13897,9.47038,9.12479,9.33765,634162816
6/11/2020,9.12119,9.23232,8.75863,8.76881,585479494
6/12/2020,9.13377,9.15844,8.67615,8.90453,572697495
6/15/2020,8.7877,9.15345,8.71668,9.14496,401255860
6/16/2020,9.19607,9.2378,8.81115,9.04002,537394034
6/17/2020,9.08503,9.26996,9.04172,9.20706,409585324
6/18/2020,9.19807,9.2536,9.08583,9.18909,255206888
6/19/2020,9.21365,9.41545,9.19837,9.23232,525803320
6/22/2020,9.27096,9.50163,9.2443,9.49714,399715335
6/23/2020,9.52128,9.61246,9.37811,9.42044,376283044
6/24/2020,9.44669,9.52657,9.1158,9.20666,450779304
6/25/2020,9.32667,9.47536,9.15345,9.46039,377250666
6/26/2020,9.47038,9.47038,9.0962,9.12619,593941445
6/29/2020,9.14097,9.17571,8.87205,9.17111,343320781
6/30/2020,9.28493,9.49665,9.2376,9.46818,369045048
7/1/2020,9.49115,9.54585,9.3835,9.50033,327670548
7/2/2020,9.60898,9.7072,9.54855,9.5825,365195060
7/6/2020,9.71119,9.87756,9.68224,9.80824,316883803
7/7/2020,9.91499,10.038,9.81964,9.84061,358921100
7/8/2020,9.96213,10.1938,9.93448,10.1838,366625952
7/9/2020,10.3485,10.5373,10.2018,10.4763,496097190
7/10/2020,10.5553,10.6222,10.3465,10.4473,499234566
7/13/2020,10.5623,10.759,9.99404,10.021,458507511
7/14/2020,10.044,10.3703,9.75485,10.3455,544375017
7/15/2020,10.3823,10.4013,10.024,10.1958,405251044
7/16/2020,9.9841,10.1748,9.86438,10.103,346045862
7/17/2020,10.1938,10.2168,10.056,10.1698,267119220
7/20/2020,10.2428,10.4983,10.125,10.4783,285743566
7/21/2020,10.4803,10.5273,10.2547,10.2967,278537086
7/22/2020,10.3355,10.5693,10.2597,10.4063,368441969
7/23/2020,10.4173,10.5143,10,10.098,412951490
7/24/2020,9.84391,10.3325,9.74645,10.1628,474775345
7/27/2020,10.2008,10.4093,10.1858,10.3893,293045768
7/28/2020,10.3425,10.3495,10.1778,10.1838,272487410
7/29/2020,10.3583,10.4833,10.3155,10.4333,285399373
7/30/2020,10.3435,10.5902,10.2637,10.5813,309848248
7/31/2020,10.5303,10.7331,10.4013,10.5813,387496686
8/3/2020,10.6991,11.0636,10.6821,10.9756,414312709
8/4/2020,11.0156,11.1932,10.8729,11.1932,311308244
8/5/2020,11.2092,11.3361,11.1313,11.2512,251284873
8/6/2020,11.3141,11.3221,11.1432,11.3001,245081378
8/7/2020,11.2771,11.4691,11.0026,11.1642,343589442
8/10/2020,11.2991,11.3731,10.8229,11.1303,429136731
8/11/2020,11.0396,11.1016,10.763,10.8169,355621613
8/12/2020,10.9556,11.4311,10.9237,11.4041,466400113
8/13/2020,11.51,11.6855,11.3201,11.4071,375633176
8/14/2020,11.494,11.6685,11.4051,11.5278,367584651
8/17/2020,11.8144,12.3704,11.7804,12.2976,623248190
8/18/2020,12.4104,12.4564,12.049,12.2228,505024073
8/19/2020,12.2578,12.2756,12.061,12.1008,624573765
8/20/2020,11.9382,12.3355,11.8424,12.1038,924274011
8/21/2020,12.1638,12.7679,12.1578,12.6442,1003003259
8/24/2020,12.8438,12.8718,12.4684,12.6801,492101696
8/25/2020,12.5913,12.721,12.5343,12.71,289982823
8/26/2020,12.7589,12.8278,12.6382,12.733,322249760
8/27/2020,12.7419,12.8098,12.5273,12.5883,318598308
8/28/2020,12.6352,13.1063,12.6033,13.1063,538842042
8/31/2020,13.1413,13.5328,12.9976,13.3331,502410909
9/1/2020,13.4421,13.955,13.3991,13.7827,513926390
9/2/2020,14.661,14.685,13.8614,14.3055,876489969
9/3/2020,13.7906,13.8465,12.8428,12.9787,947804678
9/4/2020,12.7479,13.1373,11.6715,12.5863,1467831119
9/8/2020,11.7015,12.5144,11.6715,11.8804,797984705
9/9/2020,12.3644,12.7729,12.1978,12.6791,738284766
9/10/2020,12.9527,13.0286,12.1328,12.2766,700664631
9/11/2020,12.4504,12.6162,11.8624,12.1308,638732005
9/14/2020,13.0445,13.2772,12.5953,12.8358,1205150884
9/15/2020,13.2432,13.2612,12.7918,12.9547,729618571
9/16/2020,12.9208,13.0555,12.4784,12.4784,559179730
9/17/2020,12.0978,12.5543,12.0011,12.4284,794757846
9/18/2020,12.5583,12.5963,11.9551,12.1558,700441459
9/21/2020,11.8924,12.4864,11.8714,12.4814,723085965
9/22/2020,12.5393,12.6122,12.1218,12.6023,648284220
9/23/2020,12.5403,12.6911,12.0461,12.0898,648846058
9/24/2020,12.0381,12.5343,11.9801,12.3125,733312776
9/25/2020,12.4194,12.8468,12.2118,12.8378,589682808
9/28/2020,13.0036,13.0156,12.714,12.9986,575435396
9/29/2020,12.9008,13.4051,12.8968,13.1883,624770629
9/30/2020,13.1203,13.5848,13.1133,13.4928,691137383
10/1/2020,13.7197,13.7247,13.4231,13.5768,526490264
10/2/2020,13.1873,13.4818,13.0146,13.0256,554061733
10/5/2020,13.1993,13.6058,13.1853,13.6048,481178157
10/6/2020,13.7916,14.1028,13.6267,13.6987,786643013
10/7/2020,13.961,14.0798,13.8256,13.9253,419270107
10/8/2020,14.0358,14.0458,13.7197,13.8006,379974706
10/9/2020,13.7287,13.7867,13.6227,13.7247,347874047
10/12/2020,13.9502,14.3065,13.8743,14.1858,435975923
10/13/2020,14.2557,14.3075,13.98,14.2078,345579758
10/14/2020,14.2497,14.3025,13.9213,14.0558,277431188
10/15/2020,13.7727,13.967,13.7297,13.9313,267982467
10/16/2020,13.998,14.0818,13.7547,13.7737,243327274
10/19/2020,13.8644,13.9442,13.3691,13.46,298913332
10/20/2020,13.5458,13.7617,13.4689,13.6078,229861656
10/21/2020,13.5868,13.7537,13.4401,13.4868,220219687
10/22/2020,13.4848,13.5738,13.1943,13.3231,291302690
10/23/2020,13.4121,13.5548,13.2542,13.5528,234145991
10/26/2020,13.3891,13.6547,13.0016,13.1043,337849137
10/27/2020,13.2692,13.4041,13.1543,13.3591,251229660
10/28/2020,13.1613,13.2223,12.5733,12.5913,377585205
10/29/2020,12.8018,13.1553,12.714,12.9877,320989021
10/30/2020,12.8138,12.8998,12.2648,12.4984,418578987
11/2/2020,12.6222,12.7998,12.3594,12.5453,300501879
11/3/2020,12.6721,13.0685,12.5673,12.9827,273674489
11/4/2020,13.3521,13.7896,13.2991,13.7557,411391956
11/5/2020,14.1228,14.2985,13.952,14.1208,319932506
11/6/2020,14.0708,14.5473,13.8564,14.5213,384435744
11/9/2020,14.5113,14.649,13.5728,13.5928,584630118
11/10/2020,13.5688,13.5688,12.5923,12.734,645892596
11/11/2020,13.0176,13.3971,12.9118,13.3801,405890507
11/12/2020,13.4411,13.7277,13.2782,13.4191,367674125
11/13/2020,13.5888,13.6307,13.0226,13.2592,347745095
11/16/2020,13.1353,13.6118,13.1193,13.4768,414947485
11/17/2020,13.5148,13.5588,13.2672,13.3851,312912264
11/18/2020,13.4271,13.5678,13.1473,13.3911,512373346
11/19/2020,13.1753,13.45,13.0635,13.4031,567538167
11/20/2020,13.4161,13.457,13.0286,13.0505,342056487
11/23/2020,13.1343,13.3451,12.9787,13.1033,362378352
11/24/2020,13.1053,13.1253,12.8488,12.9218,347482003
11/25/2020,12.9956,13.2323,12.9837,13.1973,260653034
11/27/2020,13.3371,13.3701,13.1333,13.2243,167749272
11/30/2020,13.2273,13.3751,12.9358,13.3641,287765268
12/1/2020,13.455,13.4908,13.1913,13.3531,298414639
12/2/2020,13.3131,13.6357,13.1973,13.5068,284164302
12/3/2020,13.5538,13.6257,13.2951,13.3631,200027034
12/4/2020,13.4151,13.5258,13.3551,13.5248,202756682
12/7/2020,13.5668,13.6967,13.4659,13.5728,223612984
12/8/2020,13.5508,13.5648,13.2482,13.3171,272324457
12/9/2020,13.2672,13.3801,12.8358,12.8978,401674464
12/10/2020,12.8368,13.0356,12.8168,12.9398,208292042
12/11/2020,12.9398,12.9877,12.7898,12.9807,209796764
12/14/2020,13.0545,13.3551,13.0445,13.2752,270843540
12/15/2020,13.4061,13.4301,13.1533,13.3271,193977008
12/16/2020,13.3891,13.4031,13.1793,13.2093,223680935
12/17/2020,13.3331,13.3461,13.1453,13.3081,231971140
12/18/2020,13.3451,13.3711,13.0376,13.2393,342932803
12/21/2020,13.0415,13.3371,12.9348,13.2991,303099471
12/22/2020,13.2861,13.3041,13.0216,13.2452,186787764
12/23/2020,13.2223,13.2422,12.9717,12.9767,179597429
12/24/2020,13.0046,13.0993,12.9058,12.9607,98131953
12/28/2020,13.0296,13.0296,12.731,12.8678,213105104
12/29/2020,12.8928,13.0395,12.8098,12.9108,170804555
12/30/2020,12.9577,13.1803,12.8638,13.1123,225969225
12/31/2020,13.1033,13.1173,12.8818,13.0216,192912762
1/4/2021,13.0715,13.6187,12.9298,13.0804,562064720
1/5/2021,13.0665,13.4101,13.0535,13.3711,323579081
1/6/2021,13.1893,13.2113,12.5543,12.5823,581896094
1/7/2021,12.9348,13.3441,12.8538,13.3111,462652709
1/8/2021,13.3291,13.3871,13.0096,13.2432,293271024
1/11/2021,13.3851,13.9263,13.3291,13.5878,520346108
1/12/2021,13.7187,13.7207,13.3111,13.451,292217483
1/13/2021,13.456,13.5908,13.3511,13.4978,210561474
1/14/2021,13.5408,13.5658,13.1473,13.1673,283838837
1/15/2021,13.1953,13.2921,12.8158,12.8268,278486290
1/19/2021,12.9837,13.0615,12.8118,12.9926,226760955
1/20/2021,13.0785,13.3971,13.0236,13.3321,259227119
1/21/2021,13.3851,13.964,13.2203,13.8335,339198288
1/22/2021,13.7057,13.8076,13.5928,13.6787,247445000
1/25/2021,13.7477,13.7946,13.2033,13.6197,251748494
1/26/2021,13.5468,13.6108,13.3541,13.4011,164396585
1/27/2021,13.1973,13.1993,12.7609,12.8848,372215142
1/28/2021,12.9637,13.3061,12.9278,13.0176,228895416
1/29/2021,13.0425,13.3011,12.8788,12.9567,272241233
2/1/2021,13.0206,13.2373,12.8698,13.2033,217755575
2/2/2021,13.3651,13.5378,13.2522,13.5228,220997747
2/3/2021,13.6018,13.8973,13.4828,13.4968,246032145
2/4/2021,13.4968,13.6397,13.3041,13.6307,201849460
2/5/2021,13.6907,13.7027,13.5118,13.5568,169582954
2/8/2021,13.6927,14.4373,13.6927,14.4025,435725890
2/9/2021,14.3045,14.5463,14.1868,14.2267,288289940
2/10/2021,14.4263,14.867,14.3045,14.726,486584133
2/11/2021,14.9419,15.2333,14.8869,15.2124,451971911
2/12/2021,15.0116,15.2512,14.737,14.9229,375708628
2/16/2021,15.0256,15.3321,14.9119,15.2902,322776645
2/17/2021,15.1325,15.1844,14.742,14.868,276398399
2/18/2021,14.691,14.835,14.5383,14.791,234674899
2/19/2021,14.9857,15.1385,14.809,14.8879,272413761
2/22/2021,14.737,15.0945,14.2885,14.3195,326712651
2/23/2021,14.0408,14.2028,13.3561,14.1068,391785948
2/24/2021,14.0878,14.4703,13.7217,14.4623,449456883
2/25/2021,14.0098,14.3385,13.1833,13.2742,826528453
2/26/2021,13.7187,13.8206,13.3271,13.6807,502201737
3/1/2021,13.8405,13.8903,13.5198,13.8076,354079385
3/2/2021,13.8654,13.8863,13.3631,13.3721,264784441
3/3/2021,13.3931,13.4181,12.7659,12.7719,378548590
3/4/2021,12.7679,12.9428,12.054,12.3384,574800299
3/5/2021,12.5184,12.5184,11.6495,12.4294,544216561
3/8/2021,12.4184,12.4394,11.5368,11.5638,544490069
3/9/2021,12.1038,12.5893,12.0331,12.4924,522969407
3/10/2021,12.8118,12.9517,12.4304,12.4404,385219141
3/11/2021,12.9218,13.0176,12.706,12.9657,300571714
3/12/2021,12.6202,12.8608,12.5623,12.8278,244498750
3/15/2021,12.8368,13.1783,12.7389,13.1623,223008223
3/16/2021,13.3271,13.4828,13.0883,13.2622,272726136
3/17/2021,13.0116,13.4241,12.9617,13.3121,244398771
3/18/2021,13.1073,13.1553,12.6891,12.6941,294832961
3/19/2021,12.722,12.8938,12.5843,12.8178,299862837
3/22/2021,12.8848,13.3651,12.8788,13.1573,298455890
3/23/2021,13.2253,13.3151,12.9926,13.0425,222532824
3/24/2021,13.1223,13.1303,12.6092,12.6152,246377419
3/25/2021,12.4724,12.6871,12.2448,12.5074,295791540
3/26/2021,12.5263,12.8278,12.3464,12.8108,364766822
3/29/2021,12.7918,13.0336,12.6721,12.9198,274119452
3/30/2021,12.8138,12.9467,12.6771,12.8438,200641330
3/31/2021,12.9877,13.4421,12.9537,13.3191,315467532
4/1/2021,13.5428,13.8405,13.4818,13.7827,308950360
4/5/2021,13.8385,13.984,13.7037,13.958,256231845
4/6/2021,13.97,14.0238,13.7447,13.8325,192166280
4/7/2021,13.8514,14.2118,13.6827,14.1138,251835193
4/8/2021,14.2217,14.4403,14.2177,14.2856,244950703
4/9/2021,14.1828,14.3765,14.1448,14.3685,195598705
4/12/2021,14.2586,15.3171,14.1088,15.1754,871227627
4/13/2021,15.1984,15.6646,15.0925,15.6436,677694189
4/14/2021,15.5898,15.6846,15.1944,15.2422,386346972
4/15/2021,15.6267,16.178,15.5967,16.101,599792595
4/16/2021,16.017,16.13,15.8293,15.8763,335942366
4/19/2021,15.5018,15.7716,15.1994,15.3271,405304594
4/20/2021,15.2882,15.4618,14.9299,15.1375,334865481
4/21/2021,15.0855,15.3271,15.0685,15.3251,217252225
4/22/2021,15.3401,15.4039,14.751,14.817,278395204
4/23/2021,14.9009,15.3001,14.867,15.2313,228271486
4/26/2021,15.1515,15.4438,15.0915,15.4428,198230667
4/27/2021,15.5428,15.6356,15.3191,15.3471,164933766
4/28/2021,15.3301,15.4968,15.1824,15.2422,209875271
4/29/2021,15.3649,15.4009,15.0385,15.2902,173576135
4/30/2021,15.1405,15.3301,14.9638,14.9767,202352690
5/3/2021,15.0915,15.2134,14.755,14.804,204358830
5/4/2021,14.6053,14.6063,13.98,14.3195,406213308
5/5/2021,14.676,14.781,14.3565,14.4263,292663188
5/6/2021,14.4633,14.5393,14.1868,14.4913,193804832
5/7/2021,14.775,14.9379,14.6401,14.779,229830029
5/10/2021,14.754,14.773,14.2187,14.2347,269493258
5/11/2021,13.7956,14.3235,13.7207,14.2746,286211383
5/12/2021,13.98,14.2287,13.6797,13.7287,304074414
5/13/2021,14.0039,14.0508,13.4301,13.6357,286353835
5/14/2021,13.8604,14.2965,13.7197,14.2118,259181891
5/17/2021,14.1268,14.1388,13.8246,14.1358,217456479
5/18/2021,14.2357,14.3725,13.974,13.986,186662528
5/19/2021,13.5368,14.0488,13.5138,14.0358,344753426
5/20/2021,14.2706,14.651,14.2397,14.5803,322296870
5/21/2021,15.1305,15.1884,14.836,14.9589,674467250
5/24/2021,15.1784,15.7096,15.1425,15.5768,556032410
5/25/2021,15.7306,15.7825,15.4468,15.6127,436361337
5/26/2021,15.6986,15.7586,15.5508,15.6646,371250675
5/27/2021,15.6646,15.7146,15.4249,15.4528,582749846
5/28/2021,15.4658,16.2408,15.4658,16.2079,645948469
6/1/2021,16.2338,16.3516,15.8673,16.2288,473839420
6/2/2021,16.2158,16.8818,16.1989,16.741,595470023
6/3/2021,16.6641,17.2214,16.5463,16.9327,581278223
6/4/2021,17.0744,17.6229,17.0584,17.54,618473064
6/7/2021,17.533,17.7734,17.1554,17.581,577017033
6/8/2021,17.489,17.584,17.2134,17.419,324556658
6/9/2021,17.482,17.541,17.2224,17.3242,382406460
6/10/2021,17.3162,17.458,17.1424,17.391,288335168
6/11/2021,17.446,17.9043,17.41,17.7904,417124619
6/14/2021,17.8713,18.0051,17.6288,17.9842,322004955
6/15/2021,17.8803,17.9812,17.6936,17.7535,243507372
6/16/2021,17.7565,17.9203,17.55,17.7754,307725314
6/17/2021,17.7405,18.799,17.7215,18.6213,811243775
6/18/2021,18.7481,19.338,18.5484,18.6033,970755601
6/21/2021,18.3995,18.5005,17.7884,18.3915,673701659
6/22/2021,18.4365,18.9277,18.3505,18.8508,581284062
6/23/2021,18.9716,19.1165,18.8718,19.0205,333009274
6/24/2021,19.1913,19.383,19.0515,19.1693,321552190
6/25/2021,19.2433,19.3092,18.8578,18.9946,278912205
6/28/2021,19.3242,20.0401,19.2823,19.9463,496408824
6/29/2021,19.8434,20.0601,19.6198,19.9883,368355310
6/30/2021,19.9603,20.1228,19.8254,19.9633,327207037
7/1/2021,20.086,20.4155,19.9803,20.1728,481077186
7/2/2021,20.3995,20.4644,20.2487,20.4465,344070579
7/6/2021,20.6961,20.8,20.3106,20.6562,447584122
7/7/2021,20.812,20.833,20.2927,20.3326,419248414
7/8/2021,19.8174,20.0939,19.6638,19.8644,504287376
7/9/2021,19.9233,20.0411,19.7166,20.0112,297204786
7/12/2021,20.2008,20.4924,20.1488,20.4714,322616647
7/13/2021,20.3605,20.4205,20.0751,20.2108,291276812
7/14/2021,20.3186,20.3785,19.7156,19.8044,380845123
7/15/2021,19.7745,19.8094,18.8229,18.9297,551644971
7/16/2021,18.9936,19.1205,18.0381,18.1259,689573232
7/19/2021,17.8803,19.0055,17.8314,18.7441,750528743
7/20/2021,18.6941,18.802,18.1289,18.5763,435539593
7/21/2021,18.8388,19.49,18.7061,19.373,371745452
7/22/2021,19.6049,19.8484,19.2393,19.557,324461436
7/23/2021,19.6188,19.6628,19.2133,19.521,196055967
7/26/2021,19.2743,19.405,18.8777,19.2573,204343377
7/27/2021,19.2283,19.585,18.7051,19.1713,249350951
7/28/2021,19.2823,19.6088,18.9586,19.466,202587941
7/29/2021,19.482,19.8144,19.2912,19.6248,191155273
7/30/2021,19.381,19.5929,19.2263,19.462,183857568
8/2/2021,19.6628,19.9223,19.3242,19.7126,217870696
8/3/2021,19.7027,20.1828,19.1833,19.7775,302403033
8/4/2021,19.9513,20.2787,19.7905,20.2348,231763330
8/5/2021,20.4594,20.6911,20.3026,20.5952,211850294
8/6/2021,20.4834,20.5283,20.1708,20.3266,178846910
8/9/2021,20.4055,20.4674,20.1039,20.2557,146730478
8/10/2021,20.2827,20.3895,19.7965,19.8974,179589527
8/11/2021,20.0042,20.0102,19.393,19.6618,186289712
8/12/2021,19.8314,19.9903,19.583,19.8664,152159579
8/13/2021,19.8664,20.1748,19.8134,20.1488,183422109
8/16/2021,20.0959,20.2477,19.416,19.9113,211567172
8/17/2021,19.6478,19.7325,19.2303,19.421,204986335
8/18/2021,19.463,19.5959,18.9636,19.0035,286474575
8/19/2021,19.456,20.4545,18.7261,19.7605,768059098
8/20/2021,19.9523,20.823,19.8944,20.774,677067415
8/23/2021,20.9288,21.9534,20.9078,21.9144,576936573
8/24/2021,21.7095,21.9154,21.4919,21.7494,297882346
8/25/2021,21.6935,22.4257,21.6786,22.169,348383386
8/26/2021,22.156,22.2959,21.7464,22.0242,238407372
8/27/2021,22.14,22.6771,22.123,22.5912,305320180
8/30/2021,22.7849,22.9976,22.5063,22.6432,263095193
8/31/2021,22.6542,22.6542,22.08,22.3449,260313718
9/1/2021,22.4445,22.6561,22.3169,22.4007,202127264
9/2/2021,22.4774,22.5522,22.2549,22.3559,188445495
9/3/2021,22.2849,22.9446,22.16,22.8018,281333483
9/7/2021,22.7919,22.8577,22.4824,22.6212,198460931
9/8/2021,22.4724,22.5692,21.9374,22.2989,254888573
9/9/2021,22.2719,22.4973,22.091,22.137,197207553
9/10/2021,22.3089,22.5852,22.2299,22.4377,248819288
9/13/2021,22.6432,22.9226,21.8184,22.112,298031167
9/14/2021,22.2349,22.3697,22.0462,22.2019,200111320
9/15/2021,22.2689,22.3269,21.9264,22.3009,166835410
9/16/2021,22.144,22.2369,21.8874,22.2019,156312077
9/17/2021,22.2599,22.2809,21.7904,21.8604,295028763
9/20/2021,21.1074,21.394,20.6242,21.0744,350064471
9/21/2021,21.378,21.386,20.9118,21.2074,205053625
9/22/2021,21.3271,21.9204,21.1574,21.9014,269205449
9/23/2021,22.1,22.4944,21.8504,22.4416,248998776
9/24/2021,22.0302,22.109,21.8214,22.0412,218044135
9/27/2021,21.6717,21.7594,21.2863,21.6208,245653040
9/28/2021,21.1754,21.38,20.6132,20.6612,343681599
9/29/2021,20.9018,20.9788,20.4305,20.4804,218783637
9/30/2021,20.7311,21.0276,20.6502,20.6781,221403802
10/1/2021,20.7121,20.821,20.1678,20.7041,241408294
10/4/2021,20.4674,20.5054,19.521,19.6977,346252210
10/5/2021,19.9153,20.6102,19.8194,20.4145,279780389
10/6/2021,20.085,20.6821,20.0451,20.6622,297732492
10/7/2021,21.0534,21.2833,20.9338,21.0366,257377733
10/8/2021,21.0624,21.1674,20.7371,20.793,151528028
10/11/2021,20.5373,21.0246,20.4744,20.6572,163679316
10/12/2021,20.79,21.0187,20.4914,20.6332,162423074
10/13/2021,20.88,20.9518,20.6752,20.9008,180974491
10/14/2021,21.2493,21.7155,21.0834,21.7065,244023802
10/15/2021,21.7704,21.8914,21.6228,21.8224,227399377
10/18/2021,21.7095,22.2509,21.6048,22.1819,189831961
10/19/2021,22.2359,22.3389,21.9973,22.2499,161761649
10/20/2021,22.2649,22.3927,21.9424,22.0632,146537160
10/21/2021,22.0572,22.6701,22.0432,22.6512,187925320
10/22/2021,22.7819,23.0885,22.5203,22.6851,249829133
10/25/2021,22.9316,23.3133,22.7289,23.1245,230645985
10/26/2021,23.9463,25.2143,23.8813,24.6732,486766014
10/27/2021,24.4305,25.0456,24.2389,24.4077,246429176
10/28/2021,24.8339,24.9058,24.4794,24.8968,234622551
10/29/2021,24.9558,25.6636,24.9558,25.522,293025187
11/1/2021,25.6036,25.8484,25.1824,25.7814,266214312
11/2/2021,25.7764,26.6303,25.7544,26.3547,294637620
11/3/2021,26.6224,26.736,26.1889,26.5505,240338760
11/4/2021,27.1555,31.3092,27.0696,29.7477,1155691296
11/5/2021,30.133,31.3442,29.3573,29.6989,852780325
11/8/2021,30.095,31.0447,29.8533,30.7493,503999356
11/9/2021,32.2249,32.2519,29.9102,30.6024,647901159
11/10/2021,29.3033,30.7952,28.726,29.4063,637341853
11/11/2021,30.4137,30.5354,29.7237,30.3357,332765301
11/12/2021,29.9562,30.6254,29.5769,30.3357,413791913
11/15/2021,30.4974,30.5894,29.1943,29.9712,385596364
11/16/2021,29.7059,30.3357,29.6529,30.1489,264955986
11/17/2021,30.3637,30.4545,28.7479,29.2083,429273214
11/18/2021,32.3088,32.7011,31.2653,31.6187,783106723
11/19/2021,32.186,33.0287,31.8485,32.9259,534820028
11/22/2021,33.4569,34.5853,31.8435,31.8994,755682323
11/23/2021,31.4788,32.3018,30.8252,31.6897,533113034
11/24/2021,31.4051,32.796,30.8732,32.6153,435939368
11/26/2021,32.5414,32.6513,31.2942,31.4468,283574363
11/29/2021,32.3078,33.3522,31.9794,33.3163,455776451
11/30/2021,33.1097,33.2935,31.8076,32.6173,623177354
12/1/2021,33.1646,33.2346,31.3282,31.3832,486610001
12/2/2021,31.1624,32.4235,30.9738,32.0733,473676818
12/3/2021,31.9474,32.0763,30.0801,30.6424,545230352
12/6/2021,29.8304,30.1909,27.9912,29.9872,660034371
12/7/2021,30.906,32.3946,30.6004,32.3726,594039821
12/8/2021,31.9464,32.2359,31.3692,31.7736,476342370
12/9/2021,31.6817,32.152,30.3777,30.4395,489319630
12/10/2021,31.0984,31.2533,29.8114,30.1479,489638084
12/13/2021,30.1989,30.2439,28.0692,28.114,599338798
12/14/2021,27.6526,28.6302,27.2044,28.29,668144758
12/15/2021,28.3528,30.4495,27.7915,30.4087,699458264
12/16/2021,31.1004,31.1084,28.0462,28.3398,708542411
12/17/2021,27.9383,28.8738,27.7136,27.7545,717814249
12/20/2021,27.2594,28.0971,27.0996,27.6726,462614882
12/21/2021,28.3268,29.0716,27.3553,29.0267,525257076
12/22/2021,28.8428,29.506,28.4018,29.3513,395841632
12/23/2021,29.7059,30.0091,29.3823,29.5909,343592236
12/27/2021,29.6109,31.0347,29.5909,30.894,404357262
12/28/2021,31.2603,31.2782,29.9622,30.2718,421290718
12/29/2021,30.2219,30.4974,29.3173,29.9512,343709971
12/30/2021,29.7775,30.4067,29.491,29.5369,309377907
12/31/2021,29.6249,29.9802,29.2823,29.3623,266973193
1/3/2022,29.7655,30.6604,29.7357,30.0711,393055570
1/4/2022,30.2269,30.4177,28.3019,29.2413,528031140
1/5/2022,28.9008,29.3673,27.4869,27.5577,498892235
1/6/2022,27.5937,28.3908,27.0197,28.131,454941757
1/7/2022,28.0941,28.3748,27.0117,27.2014,410620306
1/10/2022,26.5365,27.423,25.6006,27.3543,595670001
1/11/2022,27.2774,28.0182,26.7938,27.7705,404761355
1/12/2022,28.0202,28.5474,27.5617,27.9522,384051161
1/13/2022,28.3328,28.4327,26.4535,26.5305,539764316
1/14/2022,26.2758,27.1515,26.1671,26.8967,396490679
1/18/2022,26.2169,26.5934,25.7275,25.8604,426013526
1/19/2022,26.0363,26.4995,25.0106,25.0256,489126652
1/20/2022,25.2623,25.537,24.0379,24.1099,435904506
1/21/2022,23.468,24.7821,23.2245,23.3352,720153585
1/24/2022,22.2929,23.3412,20.853,23.3332,917333768
1/25/2022,22.5083,22.9047,21.9634,22.2869,665721727
1/26/2022,23.2015,24.0171,22.2629,22.7339,757216008
1/27/2022,23.529,23.9552,21.6387,21.9074,574306293
1/28/2022,21.9753,22.8198,21.2603,22.8018,544678630
1/31/2022,23.1435,24.4684,23.0136,24.4455,565618836
2/1/2022,25.0625,25.1035,23.8504,24.5973,519788226
2/2/2022,25.7514,25.7744,24.5123,25.2003,544323200
2/3/2022,24.4176,25.0356,23.7406,23.9083,410859973
2/4/2022,23.9323,24.5943,23.593,24.2789,355418640
2/7/2022,24.3318,25.1404,24.1619,24.6872,377494289
2/8/2022,24.3189,25.1884,23.9403,25.0665,411041133
2/9/2022,25.58,26.6803,25.3112,26.6603,525153622
2/10/2022,25.9524,26.8797,25.558,25.7814,514053249
2/11/2022,25.8734,26.1091,23.7336,23.9093,606478979
2/14/2022,23.8943,24.8339,23.7156,24.2269,441156924
2/15/2022,24.9078,26.5005,24.7431,26.4505,702919922
2/16/2022,26.2159,26.5375,25.51,26.4665,733894884
2/17/2022,25.5879,25.7425,24.1249,24.4664,811943227
2/18/2022,24.6263,24.9448,23.0615,23.603,762520994
2/22/2022,22.9966,24.024,22.9616,23.3512,634475922
2/23/2022,23.7625,24.1149,22.2639,22.3499,567452970
2/24/2022,20.9798,23.7605,20.855,23.7086,737024387
2/25/2022,23.6817,24.1769,23.3422,24.1169,529745095
2/28/2022,23.9522,24.6243,23.6677,24.3448,478112468
3/1/2022,24.2509,24.3368,23.0935,23.438,412741297
3/2/2022,23.7206,24.3728,23.3801,24.1839,390223389
3/3/2022,24.2254,24.2898,23.434,23.6787,365639943
3/4/2022,23.3492,23.6449,22.4485,22.9017,432655474
3/7/2022,22.7829,22.9986,21.2982,21.3201,451493739
3/8/2022,21.2773,22.3399,20.6192,21.4819,558299208
3/9/2022,22.3539,23.1855,22.2139,22.9796,493477366
3/10/2022,22.4973,22.7539,21.8494,22.6242,428704537
3/11/2022,22.9876,23.1105,22.0133,22.0671,367756627
3/14/2022,21.8364,22.2289,21.1274,21.2982,385929380
3/15/2022,21.4859,23.0036,21.2902,22.9386,492729992
3/16/2022,23.465,24.5603,23.1375,24.4594,672423835
3/17/2022,24.0839,24.8049,23.8703,24.7291,472645561
3/18/2022,24.7621,26.5295,24.5873,26.4135,731809155
3/21/2022,26.4675,27.1116,25.9284,26.6942,592610231
3/22/2022,26.6873,27.1974,26.0333,26.4845,547823506
3/23/2022,26.0871,26.5719,25.537,25.5957,502869272
3/24/2022,26.1271,28.278,25.8684,28.1081,878688626
3/25/2022,27.8445,28.3159,27.2304,27.6506,579880360
3/28/2022,27.7141,28.208,27.1655,28.177,426128968
3/29/2022,28.6516,28.9028,27.9383,28.6133,489714208
3/30/2022,28.262,28.4532,27.462,27.6486,464178883
3/31/2022,27.7405,28.206,27.2294,27.2454,524221453
4/1/2022,27.3343,27.455,26.2278,26.6723,518007082
4/4/2022,26.6883,27.5169,26.5734,27.3193,398301398
4/5/2022,27.2134,27.2784,25.7814,25.8924,437266376
4/6/2022,24.8968,25.2623,23.9671,24.3708,704883028
4/7/2022,24.4047,24.6852,23.443,24.1719,558825162
4/8/2022,23.8813,23.8873,23.0276,23.0845,525563873
4/11/2022,22.1809,22.2868,21.6277,21.8844,576065334
4/12/2022,22.5033,22.6911,21.2503,21.472,663246488
4/13/2022,21.6955,22.4664,21.423,22.17,517714976
4/14/2022,22.4714,22.7429,21.1314,21.2264,569946225
4/18/2022,21.1684,22.0552,21.0474,21.7504,526485216
4/19/2022,21.6875,22.3399,21.2823,22.165,513545903
4/20/2022,22.4835,22.6366,21.1684,21.45,469674383
4/21/2022,21.6769,22.3588,19.9703,20.1528,657188831
4/22/2022,20.2727,20.4555,19.471,19.486,625645813
4/25/2022,19.1733,19.9153,19.0675,19.8724,642523145
4/26/2022,19.6887,19.7585,18.6423,18.7601,654117313
4/27/2022,18.5703,19.1383,18.2626,18.3875,500205613
4/28/2022,18.9387,20.0072,18.4621,19.7525,571177921
4/29/2022,19.373,20.0984,18.4895,18.5195,501181807
5/2/2022,18.513,19.545,18.3635,19.504,572902461
5/3/2022,19.371,19.7955,19.1045,19.573,476460897
5/4/2022,19.8934,20.3695,18.7231,20.3036,649823044
5/5/2022,19.8374,19.8954,18.4725,18.8159,627266208
5/6/2022,18.7081,19.483,17.9632,18.6473,634241913
5/9/2022,18.0071,18.2276,16.8018,16.9247,645416356
5/10/2022,17.6626,18.1707,16.9994,17.569,762610788
5/11/2022,17.3212,17.7265,16.5433,16.6052,671167252
5/12/2022,16.195,16.763,15.5438,16.151,709786145
5/13/2022,16.763,17.9017,16.5678,17.6796,671437134
5/16/2022,17.483,17.7615,17.0804,17.2384,522224236
5/17/2022,18.0471,18.3435,17.6079,18.1498,586704059
5/18/2022,17.6786,18.0911,16.8388,16.9127,545974711
5/19/2022,16.9117,17.6606,16.709,17.0984,622236893
5/20/2022,17.3063,17.384,15.7316,16.6691,740208372
5/23/2022,16.2498,16.8898,16.155,16.8728,640843722
5/24/2022,16.4854,16.5723,15.7566,16.13,589428429
5/25/2022,15.996,17.0854,15.9761,16.9496,782297737
5/26/2022,16.012,18.0651,15.998,17.8244,998061905
5/27/2022,18.1588,18.8528,18.0731,18.783,739481379
5/31/2022,18.9516,19.1713,18.3225,18.6443,665090677
6/1/2022,18.6961,19.0247,18.0951,18.2926,545326585
6/2/2022,18.2646,19.59,18.1707,19.563,649623917
6/3/2022,19.053,19.3035,18.494,18.6921,599672375
6/6/2022,19.1105,19.3082,18.5366,18.7581,423036590
6/7/2022,18.4445,18.9716,18.1608,18.8977,389494563
6/8/2022,18.775,19.1554,18.5114,18.6242,363717725
6/9/2022,18.4574,18.9087,18.0179,18.0249,396080453
6/10/2022,17.5777,17.6743,16.8474,16.9522,466246079
6/13/2022,15.9794,16.2912,15.5861,15.627,604927199
6/14/2022,15.7109,16.0454,15.3922,15.8158,470281100
6/15/2022,16.0744,16.8464,15.9057,16.5058,564657957
6/16/2022,15.8397,15.922,15.3812,15.5811,546447682
6/17/2022,15.628,15.9745,15.3083,15.8597,631141322
6/21/2022,16.4534,16.9861,16.386,16.5448,483707636
6/22/2022,16.2053,16.6407,16.1594,16.3391,438558441
6/23/2022,16.4973,16.5638,15.8327,16.2043,464273486
6/24/2022,16.4789,17.118,16.2892,17.104,472757578
6/27/2022,17.29,17.308,16.6042,16.8474,428516035
6/28/2022,16.8784,17.18,15.9247,15.9616,462450924
6/29/2022,15.7938,15.7998,15.1507,15.5221,482970092
6/30/2022,15.3413,15.5471,14.8431,15.1397,686948771
7/1/2022,14.8811,15.0436,14.3735,14.5044,578349901
7/5/2022,14.1568,14.9521,14.0368,14.9451,653042978
7/6/2022,14.9909,15.2993,14.7701,15.1107,529743504
7/7/2022,15.4356,15.9247,15.3692,15.8377,493534086
7/8/2022,15.4102,16.0164,15.3692,15.8178,468571153
7/11/2022,15.5061,15.5071,15.0188,15.1327,438950232
7/12/2022,15.2484,15.4112,14.8581,15.0627,459070340
7/13/2022,14.5714,15.3552,14.4464,15.1447,522586830
7/14/2022,15.0887,15.4531,14.7091,15.3523,456819200
7/15/2022,15.6389,15.7619,15.4252,15.7419,386429788
7/18/2022,16.2812,16.8754,15.9814,16.0804,671376270
7/19/2022,16.4649,17.088,16.1514,16.9702,703265693
7/20/2022,16.9253,17.9096,16.7794,17.7842,761511911
7/21/2022,17.8622,18.1207,17.5222,18.0269,557762767
7/22/2022,17.8701,17.9441,17.1145,17.297,537358265
7/25/2022,16.997,17.102,16.6277,17.002,481363267
7/26/2022,16.8674,16.8974,16.4569,16.5118,398374508
7/27/2022,17.01,17.9131,16.8914,17.7673,570506018
7/28/2022,17.952,18.1168,17.4177,17.961,475254222
7/29/2022,17.7902,18.2205,17.6693,18.1397,436018172
8/1/2022,18.1586,18.8219,17.967,18.4174,477079317
8/2/2022,18.0989,18.9132,18.0689,18.5024,490153922
8/3/2022,18.1606,18.9436,18.1138,18.8688,418681144
8/4/2022,18.8249,19.2494,18.7361,19.1904,410176966
8/5/2022,18.786,19.2043,18.6422,18.9646,386562778
8/8/2022,17.4797,18.2155,17.22,17.7703,985043241
8/9/2022,17.23,17.4249,16.7025,17.064,669118582
8/10/2022,17.6753,18.0949,17.295,18.0739,598187658
8/11/2022,18.1078,18.6831,17.8532,17.9191,509978912
8/12/2022,18.1367,18.6941,17.9301,18.6851,478706508
8/15/2022,18.6771,19.1394,18.5892,19.0075,458251753
8/16/2022,18.8952,19.1175,18.4774,18.8548,451817602
8/17/2022,18.4994,18.6641,18.1217,18.3115,447371384
8/18/2022,18.2775,18.8408,18.1596,18.7491,415978677
8/19/2022,18.3974,18.4964,17.7473,17.8262,442153930
8/22/2022,17.4677,17.5357,16.9443,17.012,410117329
8/23/2022,16.9667,17.4427,16.9483,17.159,370459659
8/24/2022,16.9901,17.3837,16.8734,17.2,523330151
8/25/2022,16.8224,17.9241,16.8114,17.8901,771678456
8/26/2022,17.8342,17.9011,16.2162,16.2392,770112553
8/29/2022,15.9994,16.3171,15.7469,15.7808,496767402
8/30/2022,15.9396,16.0184,15.1627,15.4481,530859762
8/31/2022,15.3642,15.5201,14.9396,15.0747,574444686
9/1/2022,14.1898,14.3615,13.2532,13.9192,1180375069
9/2/2022,14.0818,14.1528,13.5737,13.6296,744109320
9/6/2022,13.7136,13.7616,13.3339,13.4478,536437387
9/7/2022,13.5497,13.8246,13.3329,13.7007,513161600
9/8/2022,13.4458,13.9942,13.3559,13.9762,625487611
9/9/2022,14.143,14.4597,14.112,14.3728,487607455
9/12/2022,14.3548,14.5327,14.184,14.4907,484635355
9/13/2022,13.7886,13.9083,13.086,13.118,715658707
9/14/2022,13.2409,13.2769,12.9003,13.115,589085269
9/15/2022,13.0025,13.22,12.7774,12.9163,524140085
9/16/2022,12.729,13.199,12.6047,13.185,671411007
9/19/2022,12.9993,13.4498,12.9973,13.3689,570245500
9/20/2022,13.2015,13.4695,13.0442,13.163,525333848
9/21/2022,13.2,14.017,13.097,13.2479,808473660
9/22/2022,13.0652,13.136,12.4157,12.5487,759908709
9/23/2022,12.4077,12.5987,12.245,12.5037,663961599
9/26/2022,12.4787,12.6467,12.202,12.216,547880939
9/27/2022,12.4947,12.7235,12.246,12.4007,554398712
9/28/2022,12.3977,12.8103,12.3416,12.7235,542947282
9/29/2022,12.4357,12.4877,11.9344,12.208,533287031
9/30/2022,12.075,12.6207,12.0631,12.127,566194660
10/3/2022,12.3348,12.6656,12.093,12.4997,548016852
10/4/2022,12.8663,13.207,12.8663,13.154,584756146
10/5/2022,12.898,13.3079,12.6087,13.196,507629435
10/6/2022,13.207,13.6427,13.09,13.117,644790344
10/7/2022,12.4927,12.6576,12.0102,12.0641,673139465
10/10/2022,12.0252,12.1123,11.397,11.6585,699386341
10/11/2022,11.5496,11.8344,11.2719,11.5745,668138022
10/12/2022,11.5675,11.7234,11.3339,11.4888,493074596
10/13/2022,10.9602,12.0661,10.8025,11.9482,850938989
10/14/2022,12.0452,12.099,11.1929,11.2159,714133568
10/17/2022,11.5068,11.9363,11.5058,11.8764,581345295
10/18/2022,12.3318,12.4797,11.6065,11.9552,660010467
10/19/2022,11.8674,12.3377,11.8224,12.0392,523645049
10/20/2022,12.101,12.7564,12.093,12.182,653039168
10/21/2022,12.0862,12.4857,11.8754,12.4537,610093778
10/24/2022,12.4957,12.6975,12.0522,12.5867,517966260
10/25/2022,12.6811,13.2869,12.6516,13.2479,505979414
10/26/2022,12.8563,13.3749,12.6955,12.8833,536059925
10/27/2022,13.6167,13.8246,13.109,13.163,583686505
10/28/2022,13.091,13.8365,13.0482,13.8206,521552313
10/31/2022,13.7647,13.8246,13.2839,13.4837,486819250
11/1/2022,13.7976,13.9113,13.5057,13.5297,433242526
11/2/2022,13.8365,14.196,13.1983,13.206,673289292
11/3/2022,13.0303,13.7677,12.9433,13.4079,500556616
11/4/2022,13.9722,14.215,13.6837,14.142,613178308
11/7/2022,14.214,14.3978,13.9403,14.2868,410464198
11/8/2022,14.7865,14.8765,14.202,14.5877,595877391
11/9/2022,14.1475,14.197,13.7457,13.7627,454860524
11/10/2022,14.7855,15.7576,14.5327,15.7346,701508425
11/11/2022,15.792,16.373,15.4667,16.311,656132067
11/14/2022,16.2021,16.5237,15.9064,16.279,528371532
11/15/2022,16.705,16.9812,16.366,16.6496,546412306
11/16/2022,16.1457,16.346,15.8574,15.8944,650185595
11/17/2022,15.6996,16.25,15.5197,15.6616,711592642
11/18/2022,15.9503,15.9862,15.1052,15.3938,492555546
11/21/2022,15.1322,15.4617,15.0652,15.3019,405137324
11/22/2022,15.3129,16.0418,15.1068,16.0222,473331079
11/23/2022,16.0822,16.5107,16.0322,16.5027,427661072
11/25/2022,16.302,16.4708,16.1562,16.254,168099444
11/28/2022,16.0102,16.341,15.7096,15.8115,304451108
11/29/2022,15.8115,15.9164,15.5047,15.6236,298677917
11/30/2022,15.6856,16.9176,15.5857,16.9106,565709397
12/1/2022,16.9865,17.2525,16.6229,17.1225,471319141
12/2/2022,16.6469,16.9202,16.4331,16.8637,371658714
12/5/2022,16.6669,16.9825,16.46,16.5979,352511387
12/6/2022,16.5179,16.5609,15.8075,15.9754,352950806
12/7/2022,15.7606,16.1743,15.6556,16.1083,372658441
12/8/2022,16.2612,17.1665,15.9474,17.1565,515830463
12/9/2022,17.1475,17.5704,16.9625,16.9885,465676660
12/12/2022,17.0245,17.5254,16.7847,17.5224,457660443
12/13/2022,18.5176,18.7764,17.6981,18.0589,657066338
12/14/2022,17.9739,18.2386,17.4074,17.6611,497249518
12/15/2022,17.1335,17.3075,16.6879,16.9396,478890174
12/16/2022,16.8519,17.0285,16.3981,16.5589,478579778
12/19/2022,16.5599,16.5969,16.1333,16.2422,354296284
12/20/2022,16.0523,16.2982,15.8405,16.0733,403553106
12/21/2022,16.1023,16.6149,16.0903,16.489,325261791
12/22/2022,16.0818,16.1263,14.8713,15.3278,565456263
12/23/2022,15.185,15.3278,14.8723,15.195,349579716
12/27/2022,15.0631,15.0891,14.0456,14.1106,465240412
12/28/2022,13.9169,14.2515,13.8739,14.0256,351321802
12/29/2022,14.3915,14.6723,14.2165,14.5924,355181398
12/30/2022,14.3235,14.6183,14.2225,14.6034,310715668
1/3/2023,14.8403,14.9852,14.0856,14.3045,401568453
1/4/2023,14.5564,14.8423,14.2305,14.7383,431637329
1/5/2023,14.4804,14.5534,14.1375,14.2545,389451176
1/6/2023,14.4634,14.9992,14.0236,14.8483,405338233
1/9/2023,15.2728,16.0443,15.1301,15.6166,504597318
1/10/2023,15.4957,15.9504,15.4607,15.8975,384380641
1/11/2023,15.828,16.0163,15.5517,15.9893,353541896
1/12/2023,16.0883,16.6249,15.4807,16.4989,551810134
1/13/2023,16.2662,16.9096,16.1533,16.8867,447612400
1/17/2023,16.8867,17.7151,16.8867,17.6891,511473917
1/18/2023,17.6542,17.8601,17.2695,17.3644,439943316
1/19/2023,17.0235,17.1845,16.7188,16.7528,453261045
1/20/2023,16.9985,17.8431,16.8127,17.8261,565378056
1/23/2023,18.0509,19.231,17.8046,19.179,655639131
1/24/2023,18.8133,19.4809,18.8063,19.251,496565020
1/25/2023,18.8986,19.3559,18.5665,19.3089,449864086
1/26/2023,19.6868,20.1513,19.264,19.7877,489891490
1/27/2023,19.4479,20.613,19.3909,20.3501,542536314
1/30/2023,19.9355,20.1253,19.136,19.148,488966547
1/31/2023,19.1555,19.6728,18.9361,19.5229,498378819
2/1/2023,19.6768,21.1766,19.5968,20.9278,660957446
2/2/2023,20.9848,21.9331,20.685,21.6932,564686233
2/3/2023,20.9848,21.7292,20.7739,21.0846,429678255
2/6/2023,20.7909,21.5543,20.7709,21.0736,452526001
2/7/2023,21.3664,22.2429,21.1346,22.157,664632688
2/8/2023,22.3708,22.8612,21.9921,22.1889,560058289
2/9/2023,22.5895,23.0032,22.104,22.3209,524256828
2/10/2023,21.6742,22.0617,20.7959,21.2495,551137335
2/13/2023,21.5223,22.0321,20.9468,21.7721,475264058
2/14/2023,21.5623,23.032,21.3504,22.9542,675964814
2/15/2023,22.5325,22.8382,22.09,22.7473,421494616
2/16/2023,22.117,22.5335,21.9109,21.9861,412325972
2/17/2023,21.6153,21.7242,20.9598,21.3724,466226509
2/21/2023,20.9848,21.4781,20.603,20.64,410312779
2/22/2023,20.692,21.0886,20.4061,20.739,513557591
2/23/2023,23.423,23.8706,23.0082,23.647,1118808599
2/24/2023,23.2082,23.457,22.9302,23.2691,590144847
2/27/2023,23.653,23.8626,23.437,23.484,453323161
2/28/2023,23.355,23.8077,23.1892,23.1992,456294450
3/1/2023,23.1752,23.2387,22.4917,22.6814,460360225
3/2/2023,22.4717,23.3634,22.4158,23.2971,390358376
3/3/2023,23.3031,23.8826,23.1132,23.8726,412693259
3/6/2023,23.8736,24.2304,23.47,23.537,437747400
3/7/2023,23.587,24.1115,23.2281,23.2751,515441035
3/8/2023,23.474,24.1865,23.4105,24.1675,513859664
3/9/2023,24.1615,24.4405,23.3698,23.423,501536399
3/10/2023,23.396,23.614,22.7132,22.9521,475130348
3/13/2023,22.7392,23.2851,22.2847,22.9531,422125489
3/14/2023,23.483,24.2055,23.447,24.0495,475174853
3/15/2023,23.7477,24.2725,23.347,24.2145,524778097
3/16/2023,24.0135,25.5738,23.8807,25.5268,585272319
3/17/2023,25.9676,26.3843,25.6536,25.7106,849019554
3/20/2023,25.6006,26.0096,25.1158,25.8856,432988410
3/21/2023,26.1655,26.3773,25.3669,26.1844,547712894
3/22/2023,26.4103,27.5735,26.2224,26.4533,797739536
3/23/2023,27.1004,27.4836,26.6751,27.1759,565203638
3/24/2023,27.0159,27.1519,26.3403,26.764,455667925
3/27/2023,26.822,26.9849,26.3503,26.5163,361226982
3/28/2023,26.4323,26.4983,25.8356,26.3953,356302278
3/29/2023,26.81,27.0629,26.5822,26.9689,393913321
3/30/2023,27.2139,27.4836,27.0869,27.3678,364718927
3/31/2023,27.1249,27.8188,27.0899,27.7615,434174651
4/3/2023,27.4936,27.9844,27.3208,27.9494,398937851
4/4/2023,27.9504,27.9844,27.2919,27.4377,368796989
4/5/2023,26.814,26.9829,26.3803,26.8659,515301818
4/6/2023,26.5692,27.0649,26.4123,27.0219,397875999
4/10/2023,26.808,27.6055,26.6541,27.5635,395498885
4/11/2023,27.708,27.7745,27.1109,27.1539,314553409
4/12/2023,27.3548,27.4526,26.4328,26.4803,446507702
4/13/2023,26.7191,26.8718,26.3143,26.4483,353812391
4/14/2023,26.4893,26.8679,26.2054,26.743,395880677
4/17/2023,26.5508,26.9909,26.4184,26.9869,321650493
4/18/2023,27.5181,28.0944,27.3418,27.6515,605148672
4/19/2023,27.3458,27.9844,27.2169,27.9154,358860333
4/20/2023,27.6555,28.0144,26.9849,27.0889,427951674
4/21/2023,26.9369,27.1679,26.7071,27.1039,345295136
4/24/2023,26.9979,27.3508,26.6562,27.0269,339470981
4/25/2023,27.0629,27.2319,26.2104,26.2264,378738157
4/26/2023,26.9869,27.3148,26.6902,26.9409,406563309
4/27/2023,27.3478,27.4796,26.6103,27.2109,377371426
4/28/2023,27.2099,27.7425,27.0564,27.7335,292379026
5/1/2023,27.8245,29.0421,27.7645,28.8938,570646441
5/2/2023,28.6639,28.8198,28.0674,28.1944,402954058
5/3/2023,27.8245,28.3513,27.4567,27.7865,383601106
5/4/2023,27.6355,27.8435,27.2249,27.5465,322029815
5/5/2023,27.81,28.7389,27.7155,28.6639,361695583
5/8/2023,28.5062,29.2037,28.3343,29.1347,345171197
5/9/2023,28.8828,28.9568,28.4343,28.5551,315044973
5/10/2023,28.9888,29.0967,28.4455,28.8688,369555862
5/11/2023,28.8798,28.9338,28.2304,28.5621,322328601
5/12/2023,28.5131,28.7638,28.0304,28.3243,274375106
5/15/2023,28.4927,28.9528,28.1364,28.9368,294089709
5/16/2023,28.8248,29.8532,28.8158,29.1967,449655446
5/17/2023,29.5676,30.1821,29.4137,30.1611,432776512
5/18/2023,30.3931,31.8103,30.3031,31.6603,749142362
5/19/2023,31.5183,31.5623,30.8989,31.2465,474171814
5/22/2023,30.884,31.5023,30.663,31.1586,372207029
5/23/2023,30.9827,31.2705,30.614,30.671,356451841
5/24/2023,30.1931,30.59,29.7894,30.521,721820641
5/25/2023,38.5014,39.4579,36.6147,37.959,1544771272
5/26/2023,37.869,39.1483,37.529,38.9244,714794977
5/30/2023,40.5724,41.9146,39.9267,40.0886,923915819
5/31/2023,39.4659,40.2726,37.801,37.813,1003139055
6/1/2023,38.4674,40.0277,38.3186,39.7478,636227396
6/2/2023,40.0747,40.4774,39.0364,39.3051,483000292
6/5/2023,38.8874,39.5429,38.6854,39.1493,396314599
6/6/2023,38.8084,39.1383,38.1268,38.6324,388945824
6/7/2023,38.8974,39.481,37.3389,37.4579,512230274
6/8/2023,37.7069,38.8464,37.4879,38.4924,417962017
6/9/2023,39.0194,39.6929,38.5494,38.7524,427911601
6/12/2023,39.1823,39.512,38.6004,39.464,389850214
6/13/2023,40.1678,41.0824,39.7219,41.0034,613486481
6/14/2023,40.8054,42.9805,40.5336,42.9775,740801100
6/15/2023,42.5828,43.2693,42.1278,42.6338,568880124
6/16/2023,43.4303,43.7012,42.6413,42.6726,656007021
6/20/2023,42.9785,43.97,42.6547,43.7881,451357878
6/21/2023,43.4813,43.5953,42.0608,43.0255,551853270
6/22/2023,42.2338,43.4058,42.2148,43.0055,417927031
6/23/2023,42.4448,42.7896,41.9959,42.1898,358302391
6/26/2023,42.4228,42.7446,40.0818,40.6136,594591669
6/27/2023,40.7805,41.9209,40.4296,41.8569,462384470
6/28/2023,40.6415,41.826,40.4996,41.0984,582903716
6/29/2023,41.5391,41.581,40.5816,40.8034,380687006
6/30/2023,41.661,42.5308,41.4823,42.2828,501375209
7/3/2023,42.4978,42.8785,42.1828,42.3938,198299152
7/5/2023,42.1158,43.1574,42.0658,42.2978,323764442
7/6/2023,41.825,42.1598,41.3274,42.0838,304276831
7/7/2023,42.3028,43.1944,42.1608,42.4838,356042996
7/10/2023,42.6378,42.7916,41.63,42.1608,354068740
7/11/2023,42.4618,42.7386,42.0478,42.3858,298379426
7/12/2023,43.0135,43.915,42.7579,43.882,481495460
7/13/2023,44.4977,46.134,44.4717,45.9561,478420735
7/14/2023,46.5617,48.0662,45.0395,45.4485,772425757
7/17/2023,46.2679,46.4749,45.2419,46.4399,510719919
7/18/2023,46.6799,47.8743,45.7133,47.4724,570449216
7/19/2023,47.4424,47.7964,46.7208,47.0557,427695823
7/20/2023,46.4859,47.0657,45.0415,45.4994,538108634
7/21/2023,45.7672,45.8451,44.08,44.2888,964206063
7/24/2023,44.7107,45.0885,44.02,44.5917,383273620
7/25/2023,44.9207,46.1615,44.9027,45.6584,348238896
7/26/2023,46.0001,46.0321,44.6097,45.4315,364402579
7/27/2023,46.4979,47.3734,45.7292,45.8791,456182477
7/28/2023,46.6469,47.0057,46.3599,46.7288,331344561
7/31/2023,46.7328,47.1087,46.4849,46.7078,251169228
8/1/2023,46.4384,46.8787,46.0061,46.4859,239384572
8/2/2023,45.8101,45.8191,43.3673,44.249,530382189
8/3/2023,43.7802,45.0975,43.7802,44.4947,325224144
8/4/2023,44.9646,45.6214,44.3728,44.6597,362830786
8/7/2023,45.0905,45.5194,44.5432,45.396,322299758
8/8/2023,44.8327,45.2215,44.036,44.6437,354004031
8/9/2023,44.254,44.2918,42.1148,42.5348,586715246
8/10/2023,42.1408,43.5543,41.816,42.3688,492928927
8/11/2023,41.732,41.9989,40.6206,40.8364,533327215
8/14/2023,40.4676,43.7802,40.2928,43.7332,690599135
8/15/2023,44.5397,45.2475,43.6902,43.92,676818563
8/16/2023,44.4997,44.6547,43.3863,43.4663,527690078
8/17/2023,43.95,44.042,42.9815,43.3238,452600151
8/18/2023,42.6158,43.5583,41.641,43.2793,584032829
8/21/2023,44.4737,47.0437,44.202,46.9457,692887713
8/22/2023,48.1131,48.1651,45.3126,45.6474,757550589
8/23/2023,45.8451,47.1786,45.1875,47.0947,779399671
8/24/2023,50.1932,50.2432,47.1377,47.1417,1156568792
8/25/2023,46.9907,47.7834,45.0035,45.9971,925760511
8/28/2023,46.4609,46.9587,44.8677,46.8138,685503223
8/29/2023,46.6449,49.0588,46.3699,48.7618,701715338
8/30/2023,49.0218,49.9044,48.403,49.2417,735539673
8/31/2023,49.3576,49.7214,48.9358,49.3326,528809675
9/1/2023,49.7394,49.7774,48.1197,48.487,464040822
9/5/2023,48.2011,48.8286,47.8384,48.5259,382826257
9/6/2023,48.423,48.5309,46.5627,47.0436,468843656
9/7/2023,45.5082,46.3267,45.1352,46.2237,433490849
9/8/2023,45.9249,46.5887,45.2542,45.5552,474075968
9/11/2023,46.1308,46.1458,44.2955,45.1612,474141603
9/12/2023,44.7214,45.6562,44.5144,44.8534,349386070
9/13/2023,44.5834,45.9129,44.4864,45.4682,398503318
9/14/2023,45.9329,45.9698,45.1142,45.5642,370234671
9/15/2023,45.3242,45.5822,43.7917,43.8836,507018770
9/18/2023,42.7321,44.2256,41.9844,43.9496,500456614
9/19/2023,43.8167,43.9496,42.986,43.5039,373202813
9/20/2023,43.5839,43.8866,42.2073,42.2233,367244051
9/21/2023,41.5674,42.0843,40.9648,41.0018,450903384
9/22/2023,41.5564,42.0993,41.2158,41.5944,479414321
9/25/2023,41.5754,42.5203,41.1618,42.2063,419246630
9/26/2023,41.9854,42.8041,41.6394,41.8954,402431516
9/27/2023,42.3143,42.856,41.6135,42.4523,445100470
9/28/2023,42.4443,43.4302,42.0993,43.073,424820529
9/29/2023,43.8107,44.1276,43.2908,43.4829,397977702
10/2/2023,44.0136,45.1582,43.8446,44.7654,433459157
10/3/2023,44.7914,45.1132,43.2299,43.5009,471024435
10/4/2023,43.7258,44.1266,43.2759,44.0246,361955257
10/5/2023,44.0336,44.8834,43.8716,44.6714,393629248
10/6/2023,44.1766,45.772,44.0096,45.745,434597390
10/9/2023,44.8254,45.5882,44.3515,45.2562,409826892
10/10/2023,45.2932,46.2417,45.0712,45.781,368718988
10/11/2023,46.1787,46.8417,46.0329,46.7887,378277348
10/12/2023,46.7597,47.5913,46.3127,46.9276,481503786
10/13/2023,46.9426,47.0986,45.2632,45.4442,475602585
10/16/2023,45.0462,46.2077,44.8954,46.0778,375238569
10/17/2023,43.9836,44.7374,42.4643,43.9216,812634408
10/18/2023,42.5753,43.203,41.8094,42.1803,627527346
10/19/2023,42.7951,43.2809,41.8664,42.0853,501419261
10/20/2023,41.8744,42.4543,41.0628,41.3717,477443329
10/23/2023,41.2138,43.2319,40.9298,42.959,478708238
10/24/2023,43.061,43.6808,42.6751,43.6469,401612492
10/25/2023,43.3819,43.6339,41.5395,41.7634,398527196
10/26/2023,41.8374,42.2398,39.8654,40.3111,541202273
10/27/2023,41.1148,41.1908,40.0001,40.4849,416939223
10/30/2023,41.0718,41.7504,40.4659,41.1458,388172272
10/31/2023,40.4349,40.8638,39.2155,40.7649,518161098
11/1/2023,40.8688,42.3653,40.8538,42.3093,437755442
11/2/2023,43.3119,43.8676,42.878,43.4899,409323855
11/3/2023,44.0036,45.2922,43.7068,44.9883,424767310
11/6/2023,45.2677,45.9179,44.8824,45.734,400882201
11/7/2023,45.7021,46.2007,45.1407,45.9379,343292937
11/8/2023,46.0828,46.8497,45.9509,46.5567,346847727
11/9/2023,47.4493,48.2121,46.7327,46.9326,540696735
11/10/2023,47.4823,48.454,47.2655,48.3171,422598474
11/13/2023,48.3021,49.0978,48.0812,48.6019,384278386
11/14/2023,49.6616,49.8155,49.0218,49.6376,417108746
11/15/2023,49.9165,49.9415,48.1821,48.8698,475673972
11/16/2023,48.6608,49.5063,48.3121,49.4617,339882441
11/17/2023,49.5056,49.6985,48.9888,49.2798,326017963
11/20/2023,49.2938,50.5293,49.1628,50.3903,416297175
11/21/2023,50.1073,50.4983,49.2038,49.9255,565957015
11/22/2023,49.8335,50.3162,47.6723,48.6978,900976871
11/24/2023,48.452,48.9028,47.7273,47.7583,294754085
11/27/2023,47.7823,48.5119,47.6343,48.2241,395808867
11/28/2023,48.2181,48.305,47.4553,47.8033,401639982
11/29/2023,48.361,48.7438,47.8423,48.1221,382146544
11/30/2023,48.0062,48.0922,46.4047,46.7527,526442102
12/1/2023,46.5077,47.1825,46.1698,46.7477,369454191
12/4/2023,46.0599,46.0599,44.9933,45.4932,437705964
12/5/2023,45.4532,46.5868,45.2582,46.5528,371823010
12/6/2023,47.2011,47.3735,45.3992,45.4902,380697455
12/7/2023,45.6871,46.6158,45.5912,46.5828,350922015
12/8/2023,46.5818,47.7273,46.5368,47.4925,359325547
12/11/2023,47.4775,47.5175,45.8169,46.6138,509872609
12/12/2023,46.0329,47.6525,46.0329,47.6435,372492439
12/13/2023,47.6155,48.5802,47.5945,48.0744,447918818
12/14/2023,48.3763,48.6561,47.4085,48.3363,391342662
12/15/2023,48.1803,49.39,48.1063,48.8761,480083655
12/18/2023,49.386,50.4187,49.1361,50.0628,412704147
12/19/2023,49.41,49.6859,48.8811,49.59,464576140
12/20/2023,49.641,49.9849,48.0844,48.0973,398007201
12/21/2023,48.7971,49.0811,48.4053,48.9761,300510527
12/22/2023,49.1811,49.369,48.4533,48.8161,252578351
12/26/2023,48.9541,49.586,48.9461,49.2651,244268755
12/27/2023,49.497,49.666,49.0711,49.403,233714224
12/28/2023,49.629,49.8698,49.398,49.508,246657392
12/29/2023,49.7989,49.9829,48.7371,49.508,389403673
1/2/2024,49.2301,49.2811,47.5815,48.1543,411370819
1/3/2024,47.4715,48.1704,47.3066,47.5555,320987151
1/4/2024,47.7535,48.4863,47.4945,47.9844,306621799
1/5/2024,48.4483,49.533,48.2923,49.0831,415156942
1/8/2024,49.498,52.2601,49.465,52.2381,642692065
1/9/2024,52.3861,54.3097,51.6754,53.1249,773319250
1/10/2024,53.6008,54.5844,53.4738,54.3346,533947102
1/11/2024,54.9834,55.3304,53.5448,54.8064,596927964
1/12/2024,54.6044,54.9544,54.3147,54.6944,353093681
1/16/2024,55.0024,56.8188,54.8844,56.3661,449707195
1/17/2024,56.3311,56.4547,54.7244,56.0371,474528941
1/18/2024,57.2438,57.5837,56.0911,57.0908,491789753
1/19/2024,57.9725,59.4831,57.2088,59.4741,543655574
1/22/2024,60.0321,60.3138,59.0532,59.6371,453083052
1/23/2024,59.5531,59.8931,58.5685,59.8561,294737991
1/24/2024,60.2868,62.8312,59.9211,61.3447,560429609
1/25/2024,62.3324,62.7013,60.8327,61.5995,482913717
1/26/2024,60.9427,61.7654,60.5558,61.0137,390419251
1/29/2024,61.2147,62.4714,60.8897,62.4474,348831853
1/30/2024,62.8821,63.475,62.2424,62.7562,410851752
1/31/2024,61.4226,62.2514,60.6828,61.5095,453923530
2/1/2024,62.0824,63.173,61.6325,63.0091,369250450
2/2/2024,63.9558,66.5811,63.672,66.1412,476712770
2/5/2024,68.2057,69.4773,67.186,69.3123,680270827
2/6/2024,69.6102,69.7342,66.2812,68.2037,683305037
2/7/2024,68.2997,70.2001,67.5807,70.0791,495715056
2/8/2024,70.0541,70.7739,69.4353,69.6212,414539607
2/9/2024,70.513,72.1645,70.1921,72.1125,436760686
2/12/2024,72.5794,74.5899,71.2299,72.2275,613884180
2/13/2024,70.3801,73.4292,69.6002,72.1075,602750994
2/14/2024,73.1813,74.215,71.9175,73.879,505060575
2/15/2024,73.848,73.954,72.3795,72.6374,420240923
2/16/2024,74.079,74.3809,72.4804,72.5924,495467056
2/20/2024,71.9265,71.9355,67.7147,69.4323,705032935
2/21/2024,67.9867,68.8685,66.2292,67.4529,690493844
2/22/2024,75.0037,78.5527,74.199,78.5158,865345014
2/23/2024,80.7671,82.3706,77.5481,78.7947,829623519
2/26/2024,79.6775,80.6231,78.4828,79.0696,504115617
2/27/2024,79.3585,79.4575,77.1402,78.6787,391816297
2/28/2024,77.5981,78.9106,77.1032,77.6411,393221855
2/29/2024,79.0716,79.9673,78.3278,79.0896,507432807
3/1/2024,79.9773,82.2766,79.4125,82.2556,479270945
3/4/2024,84.1062,87.6702,83.6952,85.2128,615790990
3/5/2024,85.2498,86.0766,83.3974,85.9436,520762473
3/6/2024,88.0012,89.7027,87.0095,88.679,582658113
3/7/2024,90.1367,92.7451,89.5807,92.6471,608263029
3/8/2024,95.1154,97.377,86.4855,87.5073,1142539298
3/11/2024,86.4085,88.776,84.1461,85.7538,678524607
3/12/2024,88.0282,91.9382,86.1297,91.8913,668233203
3/13/2024,91.0334,91.4824,88.414,90.8664,635863287
3/14/2024,89.5557,90.6246,86.5795,87.9232,602460656
3/15/2024,86.9095,89.5247,86.2366,87.8157,642238065
3/18/2024,90.3667,92.3831,87.0644,88.434,669134196
3/19/2024,86.6795,90.5227,84.9898,89.3769,672330292
3/20/2024,89.7757,90.3887,88.2022,90.3507,479176127
3/21/2024,92.2781,92.6261,90.3837,91.4134,480485956
3/22/2024,91.1194,94.7556,90.8124,94.2667,586858166
3/25/2024,93.9188,96.7431,93.4879,94.9796,552266704
3/26/2024,95.8283,96.3523,92.4801,92.5391,513769099
3/27/2024,93.09,93.2179,89.102,90.2287,586205882
3/28/2024,89.9787,91.2784,89.172,90.3347,435315232
4/1/2024,90.2777,92.2031,89.183,90.3417,452548528
4/2/2024,88.427,90.0727,87.5993,89.4308,433166004
4/3/2024,88.463,90.3527,88.379,88.943,370154100
4/4/2024,90.3847,90.6126,85.8597,85.8847,435067824
4/5/2024,86.8455,88.46,85.9057,87.9872,399773016
4/8/2024,88.679,88.809,86.7115,87.1123,283287004
4/9/2024,87.4213,87.6143,83.0024,85.3338,503666479
4/10/2024,83.9061,87.3793,83.6891,87.0185,432030715
4/11/2024,87.3993,90.7174,86.9055,90.5946,431739387
4/12/2024,89.6777,90.1537,87.5093,88.1652,426905763
4/15/2024,89.077,90.5916,85.9087,85.9806,443181773
4/16/2024,86.412,88.0972,86.0435,87.3943,370540662
4/17/2024,88.319,88.754,83.9301,84.0151,495516712
4/18/2024,84.9498,86.1696,82.3825,84.651,447366153
4/19/2024,83.1304,84.3041,75.5881,76.182,871686845
4/22/2024,78.0855,80.0541,76.3819,79.4992,596481592
4/23/2024,80.7499,82.7494,80.245,82.4035,438663124
4/24/2024,83.9301,84.0621,79.1642,79.6582,512328708
4/25/2024,78.8494,83.3034,78.2045,82.6124,424741191
4/26/2024,83.7981,88.3099,83.3674,87.7143,551141138
4/29/2024,87.5743,87.9712,85.2458,87.7363,389062783
4/30/2024,87.2193,88.798,86.2796,86.3815,363794746
5/1/2024,85.0568,85.9796,81.2354,83.0214,559995622
5/2/2024,84.4291,86.2166,83.1804,85.7968,377986943
5/3/2024,87.7683,89.2599,87.0195,88.768,398434959
5/6/2024,89.3689,92.1981,89.034,92.1182,376291552
5/7/2024,91.0764,91.7594,88.99,90.5327,437445076
5/8/2024,89.4613,91.1724,89.3989,90.3907,325798079
5/9/2024,90.5077,91.0504,88.2102,88.726,378102110
5/10/2024,90.2832,91.3794,89.206,89.8567,335404741
5/13/2024,90.4567,90.9764,88.508,90.3777,289748702
5/14/2024,89.5777,91.6294,88.913,91.3344,296577227
5/15/2024,92.4501,94.8396,91.5774,94.6076,417834278
5/16/2024,94.8876,95.7963,94.0808,94.3367,324028460
5/17/2024,94.3467,94.7176,91.7843,92.4571,359776125
5/20/2024,93.7278,95.1775,93.4179,94.7576,318839873
5/21/2024,93.5769,95.3774,93.1579,95.3634,329024282
5/22/2024,95.4364,95.9973,93.2269,94.9276,548777789
5/23/2024,102.004,106.295,101.496,103.774,835262840
5/24/2024,104.424,106.45,102.976,106.444,429595279
5/28/2024,110.218,114.912,109.857,113.874,652882312
5/29/2024,113.023,115.465,110.875,114.798,557573810
5/30/2024,114.623,115.791,109.637,110.474,487465627
5/31/2024,112.493,112.69,106.915,109.607,613407586
6/3/2024,113.594,114.973,111.976,114.973,438495475
6/4/2024,115.688,116.572,114.018,116.409,403419428
6/5/2024,118.343,122.421,117.44,122.412,528526789
6/6/2024,124.018,125.557,118.292,120.97,664853444
6/7/2024,119.742,121.664,117.994,120.86,412483362
6/10/2024,120.342,123.071,116.982,121.762,314236974
6/11/2024,121.752,122.851,118.722,120.892,222585531
6/12/2024,123.041,126.86,122.552,125.18,299641274
6/13/2024,129.37,129.78,127.14,129.59,260744803
6/14/2024,129.94,132.82,128.3,131.86,309368151
6/17/2024,132.97,133.71,129.56,130.96,288549004
6/18/2024,131.12,136.309,130.67,135.559,294380514
6/20/2024,139.778,140.738,129.5,130.76,517848395
6/21/2024,127.1,130.61,124.28,126.55,655585905
6/24/2024,123.221,124.44,118.022,118.092,476134394
6/25/2024,121.182,126.48,119.302,126.07,425853220
6/26/2024,126.11,128.1,122.582,126.38,363031980
6/27/2024,124.08,126.39,122.901,123.97,252610703
6/28/2024,124.56,127.69,122.732,123.52,315565472
7/1/2024,123.45,124.82,118.812,124.28,284929535
7/2/2024,121.112,123.39,121.012,122.652,218407697
7/3/2024,121.642,128.26,121.342,128.26,215782278
7/5/2024,127.36,128.83,125.66,125.81,214209769
7/8/2024,127.47,130.75,127.02,128.18,237714031
7/9/2024,130.33,133.8,128.63,131.36,287065151
7/10/2024,134.01,135.079,132.4,134.889,249017024
7/11/2024,135.729,136.129,127.03,127.38,374840624
7/12/2024,128.24,131.9,127.2,129.22,252719562
7/15/2024,130.54,131.37,127.16,128.42,208358340
7/16/2024,128.42,129.02,124.56,126.34,214802686
7/17/2024,121.332,121.832,116.702,117.972,390146438
7/18/2024,121.832,122.382,116.542,121.072,321029106
7/19/2024,120.332,121.582,117.352,117.912,217257350
7/22/2024,120.332,124.05,119.842,123.52,258108802
7/23/2024,122.761,124.67,122.082,122.572,173937844
7/24/2024,119.152,119.932,113.422,114.232,327827510
7/25/2024,113.022,116.612,106.284,112.262,460138077
7/26/2024,116.172,116.182,111.562,113.042,293444389
7/29/2024,113.672,116.262,111.282,111.572,248190395
7/30/2024,111.502,111.972,102.524,103.714,486908466
7/31/2024,112.882,118.322,110.863,117.002,473247265
8/1/2024,117.512,120.142,106.794,109.193,523543176
8/2/2024,103.744,108.704,101.354,107.254,482101914
8/5/2024,92.0458,103.394,90.676,100.434,552927763
8/6/2024,103.824,107.694,100.534,104.234,409075262
8/7/2024,107.794,108.784,98.6748,98.8947,411503971
8/8/2024,101.984,105.484,97.505,104.954,391970554
8/9/2024,105.624,106.584,103.414,104.734,290889078
8/12/2024,106.304,111.052,106.244,109.003,325610153
8/13/2024,112.422,116.212,111.562,116.122,312694949
8/14/2024,118.512,118.582,114.052,118.062,339298804
8/15/2024,118.742,123.221,117.452,122.841,318135802
8/16/2024,121.922,124.98,121.162,124.56,302636607
8/19/2024,124.26,129.98,123.4,129.98,318382744
8/20/2024,128.38,129.86,125.87,127.23,300133764
8/21/2024,127.295,129.33,126.64,128.48,257923402
8/22/2024,130,130.73,123.081,123.72,376247179
8/23/2024,125.84,129.58,125.2,129.35,323280255
8/26/2024,129.55,131.24,124.35,126.44,332015944
8/27/2024,125.03,129.18,123.86,128.28,303181392
8/28/2024,128.1,128.31,122.622,125.59,448170325
8/29/2024,121.337,124.41,116.692,117.572,453093275
8/30/2024,119.512,121.732,117.202,119.352,333803131
9/3/2024,115.992,116.192,107.274,107.984,477228797
9/4/2024,105.394,113.252,104.104,106.194,372527820
9/5/2024,104.969,109.633,104.744,107.194,306898089
9/6/2024,108.024,108.134,100.934,102.814,413701985
9/9/2024,104.864,106.534,103.674,106.454,273954321
9/10/2024,107.794,109.383,104.934,108.084,268325173
9/11/2024,109.373,117.172,107.404,116.892,441490548
9/12/2024,116.832,120.782,115.372,119.132,367125790
9/13/2024,119.072,119.947,117.592,119.092,238374751
9/16/2024,116.782,118.172,114.352,116.772,248789449
9/17/2024,118.162,118.792,114.822,115.582,231941856
9/18/2024,115.882,117.692,113.212,113.362,310340319
9/19/2024,117.342,119.652,117.242,117.862,293526661
9/20/2024,117.052,118.61,115.382,115.992,382488781
9/23/2024,116.542,116.982,114.852,116.252,206242699
9/24/2024,116.507,121.792,115.372,120.862,354991230
9/25/2024,122.012,124.931,121.602,123.501,284712564
9/26/2024,126.791,127.656,121.792,124.031,302603717
9/27/2024,123.961,124.021,119.252,121.392,271027848
9/30/2024,118.302,121.492,118.142,121.432,227069295
10/1/2024,121.757,122.427,115.782,116.992,302115300
10/2/2024,116.432,119.372,115.132,118.842,221861173
10/3/2024,120.912,124.351,120.332,122.842,277137067
10/4/2024,124.931,125.031,121.822,124.911,244482396
10/7/2024,124.981,130.631,124.941,127.711,346274090
10/8/2024,130.251,133.471,129.411,132.881,285742172
10/9/2024,134.101,134.511,131.371,132.641,246208575
10/10/2024,131.901,134.991,130.991,134.801,242328033
10/11/2024,134.001,135.771,133.651,134.791,170221202
10/14/2024,136.461,139.59,136.291,138.06,232363677
10/15/2024,137.861,138.56,128.731,131.591,377857054
10/16/2024,133.971,136.611,131.571,135.711,264897971
10/17/2024,139.33,140.88,136.861,136.921,306457035
10/18/2024,138.655,138.89,137.271,137.99,176102317
10/21/2024,138.12,143.7,137.99,143.7,264572742
10/22/2024,142.9,144.41,141.77,143.58,226327182
10/23/2024,142.02,142.42,137.451,139.55,285949739
10/24/2024,140.81,141.34,138.45,140.4,172366763
10/25/2024,140.92,144.12,140.79,141.53,205136242
10/28/2024,142.99,143.13,140.04,140.51,173598705
10/29/2024,140.275,142.25,138.89,141.24,157604492
10/30/2024,139.53,140.32,136.801,139.325,179430444
10/31/2024,137.591,137.601,132.101,132.751,270058247
11/1/2024,134.691,137.301,134.561,135.361,207142109
11/4/2024,137.201,138.95,135.561,136.041,187541094
11/5/2024,137.441,140.36,137.321,139.9,160548434
11/6/2024,142.95,146.48,141.95,145.6,242060622
11/7/2024,146.38,148.92,146.16,148.87,207337588
11/8/2024,148.76,149.76,146.25,147.62,175677934
11/11/2024,148.67,148.84,143.56,145.25,182338182
11/12/2024,146.77,149.64,146,148.28,198648424
11/13/2024,149.06,149.32,145.89,146.26,191916489
11/14/2024,147.63,148.99,145.54,146.75,194476700
11/15/2024,144.86,145.23,140.07,141.97,250150104
11/18/2024,139.49,141.54,137.141,140.14,221881280
11/19/2024,141.31,147.12,140.98,147,227850610
11/20/2024,147.4,147.55,142.72,145.88,309893005
11/21/2024,149.34,152.879,140.69,146.66,400974196
11/22/2024,145.92,147.15,141.09,141.94,236422443
11/25/2024,141.98,142.04,135.811,136.011,344965642
11/26/2024,137.691,139.29,135.661,136.911,190300765
11/27/2024,135.001,137.211,131.791,135.331,226386509
11/29/2024,136.771,139.34,136.041,138.24,141872930
12/2/2024,138.82,140.44,137.816,138.62,171694606
12/3/2024,138.25,140.53,137.94,140.25,164425293
12/4/2024,141.985,145.78,140.28,145.13,231240227
12/5/2024,145.11,146.54,143.95,145.06,172621180
12/6/2024,144.6,145.7,141.31,142.44,188505573
12/9/2024,138.97,139.95,137.13,138.81,189308625
12/10/2024,139.01,141.82,133.79,135.07,210020888
12/11/2024,137.36,140.17,135.21,139.31,184905192
12/12/2024,137.08,138.44,135.8,137.34,159211393
12/13/2024,138.94,139.6,132.54,134.25,231514881
12/16/2024,134.18,134.4,130.42,132,237951130
12/17/2024,129.09,131.59,126.86,130.39,259410263
12/18/2024,133.86,136.7,128.28,128.91,277444533
12/19/2024,131.76,134.03,129.55,130.68,209719210
12/20/2024,129.81,135.28,128.22,134.7,306528553
12/23/2024,136.28,139.79,135.12,139.67,176053506
12/24/2024,140,141.9,138.65,140.22,105156989
12/26/2024,139.7,140.85,137.73,139.93,116519090
12/27/2024,138.55,139.02,134.71,137.01,170582603
12/30/2024,134.83,140.27,134.02,137.49,167734700
12/31/2024,138.03,138.07,133.83,134.29,155659211
1/2/2025,136,138.88,134.63,138.31,198247166
1/3/2025,140.01,144.9,139.73,144.47,229322478
1/6/2025,148.59,152.156,147.82,149.43,265377359
1/7/2025,153.03,153.13,140.01,140.14,351782174
1/8/2025,142.58,143.95,137.56,140.11,227349948
1/10/2025,137.45,139.92,134.22,135.91,207602514
1/13/2025,129.99,133.49,129.51,133.23,204808914
1/14/2025,136.05,136.38,130.05,131.76,195590485
1/15/2025,133.65,136.45,131.29,136.24,185217338
1/16/2025,138.64,138.75,133.49,133.57,209235583
1/17/2025,136.69,138.5,135.464,137.71,201188760
1/21/2025,139.16,141.83,137.09,140.83,197748985
1/22/2025,144.66,147.79,143.67,147.07,237651395
1/23/2025,145.05,147.23,143.72,147.22,155915549
1/24/2025,148.37,148.97,141.88,142.62,234657635
1/27/2025,124.8,128.4,116.7,118.42,818830895
1/28/2025,121.81,129,116.25,128.99,579666350
1/29/2025,126.5,126.89,120.05,123.7,467120640
1/30/2025,123.1,125,118.1,124.65,392925469
1/31/2025,123.78,127.85,119.19,120.07,390372899
2/3/2025,114.75,118.57,113.01,116.66,371235677
2/4/2025,116.96,121.2,116.7,118.65,256550040
2/5/2025,121.76,125,120.76,124.83,263110629
2/6/2025,127.42,128.77,125.21,128.68,251483574
2/7/2025,129.22,130.37,125,129.84,228186298
2/10/2025,130.09,135,129.96,133.57,216989086
2/11/2025,132.58,134.48,131.02,132.8,178902379
2/12/2025,130.02,132.24,129.08,131.14,160278552
2/13/2025,131.555,136.5,131.17,135.29,197429975
2/14/2025,136.48,139.25,135.5,138.85,195479557
2/18/2025,141.27,143.44,137.925,139.4,219176627
2/19/2025,139.51,141.36,137.22,139.23,167536006
2/20/2025,140.03,140.66,136.79,140.11,143903583
2/21/2025,140.04,141.46,134.03,134.43,228217585
2/24/2025,136.56,138.59,130.08,130.28,251381137
2/25/2025,129.98,130.2,124.44,126.63,271428711
2/26/2025,129.985,133.73,128.49,131.28,322553814
2/27/2025,135,135.01,120.01,120.15,443175846
2/28/2025,118.02,125.09,116.4,124.92,389091145
3/3/2025,123.51,123.7,112.28,114.06,411381373
3/4/2025,110.645,119.31,110.11,115.99,398163305
3/5/2025,117.58,118.2781,114.51,117.3,284337886
3/6/2025,113.53,115.35,110.22,110.57,321181861
3/7/2025,111.25,113.48,107.56,112.69,341755468
3/10/2025,109.9,111.85,105.46,106.98,366487363
3/11/2025,106.99,112.236,104.77,108.76,354865692
3/12/2025,114.12,116.76,112.88,115.74,323857454
3/13/2025,117.03,117.76,113.79,115.58,299033131
3/14/2025,118.61,121.88,118.15,121.67,277593455
3/17/2025,122.74,122.89,118.03,119.53,255501481
3/18/2025,118,119.02,114.54,115.43,299686944
3/19/2025,117.27,120.445,115.68,117.52,273426225
3/20/2025,116.55,120.2,116.47,118.53,248829749
3/21/2025,116.94,117.99,115.42,117.7,266498528
3/24/2025,119.88,122.22,119.34,121.41,228452534
3/25/2025,120.545,121.29,118.92,120.69,167447198
3/26/2025,118.73,118.84,112.71,113.76,296431667
3/27/2025,111.35,114.45,110.66,111.43,236902055
3/28/2025,111.485,112.87,109.0701,109.67,229872549
3/31/2025,105.13,110.955,103.65,108.38,299212653
4/1/2025,108.515,110.2,106.47,110.15,222614034
4/2/2025,107.29,111.98,106.79,110.42,220601243
4/3/2025,103.51,105.63,101.6,101.8,338769412
4/4/2025,98.91,100.13,92.11,94.31,532273810
4/7/2025,87.46,101.75,86.62,97.64,611041347
4/8/2025,103.805,105.85,94.46,96.3,476243392
4/9/2025,98.89,115.1,97.5301,114.33,612918336
4/10/2025,109.37,110.86,99.15,107.57,437812353
4/11/2025,108.5,111.5499,107.48,110.93,313417265
4/14/2025,114.11,114.29,109.07,110.71,264705049
4/15/2025,110.97,113.615,110.5,112.2,228966900
4/16/2025,104.55,106.79,100.45,104.49,397016870
4/17/2025,104.45,104.47,100.05,101.49,292517465
4/21/2025,98.77,99.44,95.04,96.91,288501136
4/22/2025,98.78,99.811,97.28,98.89,241004784
4/23/2025,104.52,104.8,102.02,102.71,247525971
4/24/2025,103.475,106.54,103.11,106.43,220815041
4/25/2025,106.85,111.92,105.73,111.01,251064672
4/28/2025,109.69,110.3699,106.02,108.73,207708479
4/29/2025,107.67,110.1999,107.44,109.02,170444263
4/30/2025,104.47,108.92,104.08,108.92,235044611
5/1/2025,113.08,114.94,111.3,111.61,236121507
5/2/2025,114.18,115.4,113.37,114.5,190194778
5/5/2025,112.905,114.665,112.66,113.82,133163241
5/6/2025,111.48,114.74,110.822,113.54,158525621
5/7/2025,113.045,117.68,112.2818,117.06,207827821
5/8/2025,118.25,118.68,115.85,117.37,198428122
5/9/2025,117.35,118.23,115.21,116.65,132972189
5/12/2025,121.97,123,120.28,123,225023345
5/13/2025,124.98,131.2189,124.47,129.93,330430105
5/14/2025,133.195,135.435,131.68,135.34,281180830
5/15/2025,134.295,136.3,132.66,134.83,226632563
5/16/2025,136.22,136.35,133.46,135.4,226542451
5/19/2025,132.39,135.87,132.39,135.57,193154571
5/20/2025,134.29,134.58,132.62,134.38,161514247
5/21/2025,133.06,137.4,130.59,131.8,270608738
5/22/2025,132.23,134.25,131.55,132.83,187343954
5/23/2025,130,132.68,129.16,131.29,198821324
5/27/2025,134.15,135.66,133.31,135.5,192953613
5/28/2025,136.025,137.25,134.79,134.81,304021146
5/29/2025,142.245,143.49,137.91,139.19,370615167
5/30/2025,138.715,139.62,132.92,135.13,333170851
6/2/2025,135.49,138.12,135.4,137.38,197663116
6/3/2025,138.78,142,137.95,141.22,225578783
6/4/2025,142.19,142.39,139.545,141.92,167120819
6/5/2025,142.17,144,138.83,139.99,232410759
6/6/2025,142.51,143.27,141.51,141.72,153986153
6/9/2025,143.19,145,141.94,142.63,185114494
6/10/2025,142.69,144.29,141.525,143.96,155881897
6/11/2025,144.61,144.99,141.87,142.83,167694044
6/12/2025,141.97,145,141.85,145,162364991
6/13/2025,142.48,143.58,140.855,141.97,180820565
6/16/2025,143.345,146.175,143.2001,144.69,183133666
6/17/2025,144.49,145.22,143.78,144.12,139108000
6/18/2025,144.005,145.65,143.12,145.48,161494121
6/20/2025,145.45,146.2,142.65,143.85,242956157
6/23/2025,142.5,144.78,142.03,144.17,154308941
6/24/2025,145.56,147.96,145.5,147.9,187566121
6/25/2025,149.27,154.45,149.26,154.31,269146471
6/26/2025,155.975,156.715,154,155.02,198145746
6/27/2025,156.04,158.71,155.255,157.75,263234539
6/30/2025,158.4,158.66,155.96,157.99,194580316
7/1/2025,156.29,157.2,151.49,153.3,213143621
7/2/2025,152.98,157.6,152.97,157.25,171224111
7/3/2025,158.37,160.98,157.77,159.34,143716055
7/7/2025,158.2,159.31,157.342,158.24,140138975
7/8/2025,159.33,160.22,158.39,160,138133025
7/9/2025,161.22,164.42,161.16,162.88,183656443
7/10/2025,164.32,164.5,161.61,164.1,167704075
7/11/2025,163.715,167.89,163.47,164.92,193633263
7/14/2025,165.37,165.49,162.02,164.07,136975754
7/15/2025,171.19,172.4,169.195,170.7,230627350
7/16/2025,171.06,171.75,168.9,171.37,158831509
7/17/2025,172.02,174.16,170.83,173,160841119
7/18/2025,173.64,174.25,171.26,172.41,146456416
7/21/2025,172.75,173.38,171,171.38,123126136
7/22/2025,171.34,171.39,164.58,167.03,193114327
7/23/2025,169.53,171.26,167.97,170.78,154082197
7/24/2025,172.44,173.83,171.3,173.74,128984628
7/25/2025,173.61,174.72,172.96,173.5,122316792
7/28/2025,174.02,177,173.97,176.75,140023521
7/29/2025,177.96,179.38,175.02,175.51,154077512
7/30/2025,176.51,179.89,176.04,179.27,174312208
7/31/2025,182.9,183.3,175.93,177.87,221685446
8/1/2025,174.09,176.54,170.89,173.72,204528985
8/4/2025,175.16,180.2,174.52,180,148174609
8/5/2025,179.62,180.26,175.9,178.26,156407621
8/6/2025,176.325,179.9,176.25,179.42,137192265
8/7/2025,181.57,183.88,178.795,180.77,151878365
8/8/2025,181.55,183.3,180.4,182.7,123396679
8/11/2025,182.05,183.84,180.25,182.06,138323191
8/12/2025,182.96,184.48,179.46,183.16,145729202
8/13/2025,182.615,183.97,179.35,181.59,179871724
8/14/2025,179.75,183.02,179.46,182.02,129553959
8/15/2025,181.88,181.9,178.0417,180.45,156602161
8/18/2025,180.6,182.9375,180.59,182.01,132007959
8/19/2025,182.43,182.5,175.49,175.64,185229219
8/20/2025,175.165,176,168.801,175.4,215142725
8/21/2025,174.85,176.9,173.81,174.98,140040850
8/22/2025,172.61,178.59,171.2,177.99,172789427
8/25/2025,178.35,181.91,176.57,179.81,163012789
8/26/2025,180.055,182.39,178.81,181.77,168688186
8/27/2025,181.98,182.49,179.1,181.6,235518949
8/28/2025,180.82,184.47,176.41,180.17,281787824
8/29/2025,178.11,178.15,173.145,174.18,243257873
9/2/2025,170,172.379,167.22,170.78,231164853
9/3/2025,171.06,172.41,168.875,170.62,164424873
9/4/2025,170.57,171.86,169.41,171.66,141670144
9/5/2025,168.03,169.03,164.07,167.02,224441435
9/8/2025,167.55,170.96,167.35,168.31,163769133
9/9/2025,169.09,170.98,166.7401,170.76,157548392
9/10/2025,176.64,179.29,175.47,177.33,226852020
9/11/2025,179.68,180.28,176.48,177.17,151159274
9/12/2025,177.77,178.595,176.45,177.82,124911026
9/15/2025,175.67,178.85,174.51,177.75,147061559
9/16/2025,177,177.5,174.38,174.88,140737775
9/17/2025,172.64,173.2,168.41,170.29,211843817
9/18/2025,173.98,177.1,172.96,176.24,191763313
9/19/2025,175.77,178.08,175.18,176.67,237182143
9/22/2025,175.3,184.55,174.7053,183.61,269637001
9/23/2025,181.97,182.42,176.21,178.43,192559552
9/24/2025,179.77,179.78,175.4,176.97,143564116
9/25/2025,174.48,180.26,173.125,177.69,191586733
9/26/2025,178.17,179.77,174.93,178.19,148573732
9/29/2025,180.425,184,180.32,181.85,193063455
9/30/2025,182.08,187.35,181.48,186.58,236981032
10/1/2025,185.24,188.14,183.9,187.24,173844901
10/2/2025,189.6,191.05,188.06,188.89,136805821
10/3/2025,189.19,190.36,185.38,187.62,137596896
10/6/2025,185.5,187.23,183.33,185.54,157678104
10/7/2025,186.23,189.06,184,185.04,140088008
10/8/2025,186.57,189.6,186.54,189.11,130168861
10/9/2025,192.225,195.3,191.06,192.57,182997234
10/10/2025,193.505,195.62,182.05,183.16,268774359
10/13/2025,187.965,190.1099,185.96,188.32,153482755
10/14/2025,184.77,184.8,179.7,180.03,205641380
10/15/2025,184.8,184.87,177.29,179.83,214450482
10/16/2025,182.23,183.28,179.77,181.81,179723309
10/17/2025,180.18,184.1,179.75,183.22,173135217
10/20/2025,183.13,185.2,181.73,182.64,128544711
10/21/2025,182.785,182.785,179.8,181.16,124240168
10/22/2025,181.14,183.44,176.76,180.28,162249552
10/23/2025,180.42,183.03,179.7901,182.16,111363718
10/24/2025,183.835,187.47,183.5,186.26,131296677
10/27/2025,189.99,192,188.4318,191.49,153452704
10/28/2025,193.05,203.15,191.91,201.03,297986180
10/29/2025,207.98,212.1899,204.775,207.04,308829564
10/30/2025,205.15,206.16,201.41,202.89,178864443
10/31/2025,206.45,207.97,202.07,202.49,179802178
11/3/2025,208.08,211.335,205.56,206.88,180267285
11/4/2025,203,203.9699,197.93,198.69,188919320
11/5/2025,198.77,202.92,194.65,195.21,171350332
11/6/2025,196.42,197.62,186.38,188.08,223029778
11/7/2025,184.9,188.32,178.91,188.15,264942255
11/10/2025,195.11,199.94,193.79,199.05,198897134
11/11/2025,195.155,195.42,191.3,193.16,176483327
11/12/2025,195.72,195.89,191.13,193.8,154935263
11/13/2025,191.05,191.44,183.85,186.86,207423074
11/14/2025,182.86,191.01,180.58,190.17,186591856
11/17/2025,185.965,189,184.32,186.6,173628858
11/18/2025,183.375,184.8,179.65,181.36,213598877
11/19/2025,184.79,187.855,182.8301,186.52,247246436
11/20/2025,195.95,196,179.85,180.64,343504849
11/21/2025,181.235,184.56,172.93,178.88,346926153
11/24/2025,179.49,183.5,176.48,182.55,256618335
11/25/2025,174.91,178.16,169.55,177.82,320600271
11/26/2025,181.63,182.91,178.24,180.26,183852010
11/28/2025,179.01,179.29,176.5,177,121332776
12/1/2025,174.76,180.3,173.68,179.92,188130955
12/2/2025,181.76,185.66,180,181.46,182632230
12/3/2025,181.08,182.45,179.1101,179.59,165138023
12/4/2025,181.62,184.515,179.96,183.38,167364857
12/5/2025,183.89,184.66,180.91,182.41,143971098
12/8/2025,182.64,188,182.4,185.55,204378106
12/9/2025,185.56,185.7167,183.32,184.97,144719705
12/10/2025,184.965,185.48,182.035,183.78,162785370
12/11/2025,180.275,181.32,176.62,180.93,182136641
12/12/2025,181.11,182.82,174.62,175.02,204274918
12/15/2025,177.936,178.415,175.03,176.29,164775636
12/16/2025,176.26,178.49,174.9,177.72,148588098
12/17/2025,176.1,176.13,170.31,170.94,222775464
12/18/2025,174.53,176.15,171.82,174.14,176096001
12/19/2025,176.665,181.45,176.34,180.99,324925927
12/22/2025,183.92,184.16,182.35,183.69,129064369
12/23/2025,182.97,189.33,182.9,189.21,174873621
12/24/2025,187.94,188.91,186.59,188.61,65528545
12/26/2025,189.92,192.69,188,190.53,139740292
12/29/2025,187.71,188.755,185.91,188.22,120006103
12/30/2025,188.24,188.99,186.93,187.54,97687274
12/31/2025,189.57,190.56,186.49,186.5,120100484
1/2/2026,189.835,192.9299,188.26,188.85,148240462
1/5/2026,191.76,193.63,186.15,188.12,183529733
1/6/2026,190.52,192.174,186.82,187.24,176862604
1/7/2026,188.57,191.37,186.56,189.11,153543174
1/8/2026,189.11,189.55,183.71,185.04,172457048
1/9/2026,185.08,186.34,183.6701,184.86,131327534
1/12/2026,183.22,187.12,183.02,184.94,137968453
1/13/2026,184.995,188.1099,183.4,185.81,160128939
1/14/2026,184.32,184.46,180.8,183.14,159586135
1/15/2026,186.5,189.7,186.33,187.05,206188642
1/16/2026,189.075,190.44,186.08,186.23,187967169
1/20/2026,181.9,182.3786,177.61,178.07,223345257
1/21/2026,179.05,185.379,178.4,183.32,200380959
1/22/2026,184.75,186.17,183.93,184.84,139636626
1/23/2026,187.5,189.6,186.8233,187.67,142748076
1/26/2026,187.16,189.12,185.99,186.47,124799649
1/27/2026,187.24,190,185.7,188.52,143711557
1/28/2026,191.27,192.35,189.84,191.52,148552677
1/29/2026,191.34,193.48,186.06,192.51,171764375
1/30/2026,191.21,194.49,189.47,191.13,179489463
2/2/2026,187.2,190.3,184.88,185.61,165794054
2/3/2026,186.24,186.27,176.23,180.34,204019589
2/4/2026,179.46,179.58,171.91,174.19,207014116
2/5/2026,174.925,176.815,171.03,171.88,206312890
2/6/2026,176.69,187,174.6,185.41,231346241
2/9/2026,184.26,193.66,183.95,190.04,196387351
2/10/2026,191.38,192.48,188.12,188.54,136764825
2/11/2026,192.45,193.26,188.77,190.05,144192685
2/12/2026,193.03,193.61,186.51,186.94,189932491
2/13/2026,187.475,187.5,181.59,182.81,161888021
2/17/2026,181.75,187.15,179.18,184.97,162276860
2/18/2026,188.75,190.37,186.76,187.98,164749125
2/19/2026,187.055,188.43,185.66,187.9,126554526
2/20/2026,186.57,190.33,185.9378,189.82,178422337
2/23/2026,191.4,193.95,189.575,191.55,171584839
2/24/2026,191.49,193.77,187.4,192.85,175123602
2/25/2026,194.45,197.6299,193.79,195.56,250637102
2/26/2026,194.27,194.29,184.315,184.89,359043415
2/27/2026,181.25,182.59,176.38,177.19,310416947
3/2/2026,175.01,183.46,174.64,182.48,209095331
3/3/2026,178.49,180.9,176.92,180.05,178099430
3/4/2026,180.44,184.7,180.06,183.04,177731198
3/5/2026,181.17,184.06,177.88,183.33,198779729
3/6/2026,179.84,182.7561,176.8201,177.69,189021949
3/9/2026,176.83,182.91,175.56,182.64,177213588
3/10/2026,182.4,186.44,182.01,184.76,179118528
3/11/2026,185.91,187.62,184.45,186.03,145280386
3/12/2026,184.05,184.94,181.75,183.14,155762663
3/13/2026,184.92,186.09,179.94,180.25,160988424
3/16/2026,182.97,188.88,181.41,183.22,217307380
3/17/2026,185.06,185.4,181.6804,181.93,182497757
3/18/2026,182.48,183.38,180.33,180.4,156683136
3/19/2026,178.01,179.98,175.785,178.56,170968528
3/20/2026,178,178.26,171.72,172.7,241323529
3/23/2026,177.255,178.37,174.76,175.64,182836294
3/24/2026,174.83,176.22,173.98,175.2,147667844
3/25/2026,177.1,181.22,176.85,178.68,162602054
3/26/2026,176.07,176.51,171.14,171.24,186152232
3/27/2026,170,170.97,167.01,167.52,196212684
3/30/2026,168.78,169.45,164.27,165.17,185626992
3/31/2026,166.97,174.62,166.96,174.4,226181301
4/1/2026,176,177.37,174.75,175.75,168132005
4/2/2026,172.18,177.49,171.37,177.39,143143157
4/6/2026,177.155,177.79,175.76,177.64,107564279
4/7/2026,175.725,178.23,173.66,178.1,132534902
4/8/2026,184.5,185.26,180.3,182.08,147732686
4/9/2026,181.84,184.08,180.62,183.91,116428523
4/10/2026,184.31,190,184.3,188.63,160459524
4/13/2026,186.03,189.66,185.74,189.31,133648180
4/14/2026,190.84,196.51,190.77,196.51,161307010
4/15/2026,196.54,200.4,195.74,198.87,185338389
4/16/2026,197.43,199.85,195.81,198.35,134012860
4/17/2026,199.9,201.7,199.27,201.68,160324416
4/20/2026,199.98,202.17,197.8397,202.06,119381388
4/21/2026,202.13,202.75,199,199.88,107945302
4/22/2026,200.99,202.5,199,202.5,107501042
4/23/2026,202.46,203.829,197.2206,199.64,113561831
4/24/2026,199.96,210.95,199.81,208.27,214134441
4/27/2026,209.645,216.825,207.38,216.61,187172421
4/28/2026,209.49,214.73,208.2,213.17,180275363
4/29/2026,212.7,212.72,207.5758,209.25,123711821
4/30/2026,209.93,210.3,198.7,199.57,225239157
5/1/2026,201.28,203,197.12,198.45,128646996
5/4/2026,199.5,201.73,194.74,198.48,125368092
5/5/2026,199.3,200.24,196.03,196.5,113406620
5/6/2026,199.89,208.265,198.61,207.83,188362812
5/7/2026,208.34,214.2,206.5,211.5,168307873
5/8/2026,213.03,217.8,212.89,215.2,136421361
5/11/2026,214.035,222.3,213.89,219.44,160685774
5/12/2026,218.545,223.75,214.92,220.78,159176619
5/13/2026,224.93,227.84,221.5653,225.83,150405386
5/14/2026,229.85,236.54,229.3,235.74,180782857
5/15/2026,229.76,231.5,224.24,225.32,180977639
5/18/2026,229.87,230,218.37,222.32,146280896
5/19/2026,219.62,224.48,217.91,220.61,140948207
5/20/2026,223.18,226.13,220.495,223.47,184201587
5/21/2026,222.29,227.3999,217.93,219.51,203381760
5/22/2026,220.904,221.01,214.8,215.33,169275710
5/26/2026,216.54,218.18,212,214.86,187202576
5/27/2026,214.12,214.15,208.78,212.6,167601173
5/28/2026,211.275,215.5191,211.22,214.25,143996049
5/29/2026,214.575,217.8599,211.13,211.15,286509815
