Date,Open,High,Low,AdjClose,Volume
1/2/2015,95.7833,96.1811,94.5548,95.0215,33920142
1/5/2015,94.6011,94.7069,93.3638,93.6168,39552414
1/6/2015,93.7599,93.9255,91.9571,92.3698,71694249
1/7/2015,92.9902,93.7795,92.7642,93.5619,40703138
1/8/2015,94.3568,95.547,94.252,95.3706,43549097
1/9/2015,95.6598,95.6891,94.1638,94.7157,44853091
1/12/2015,94.9068,95.0118,93.4961,93.7313,36963137
1/13/2015,94.6491,95.6598,92.9619,93.7029,60823751
1/14/2015,92.7737,93.6638,92.3698,93.1944,55558886
1/15/2015,93.552,93.7698,91.8758,91.9846,55148068
1/16/2015,91.866,93.1844,91.7159,93.063,38298756
1/20/2015,93.6168,94.0414,92.5775,93.7991,30232622
1/21/2015,93.5238,94.7157,93.1944,94.2815,37379828
1/22/2015,94.6491,96.1233,93.8225,96.0275,37388602
1/23/2015,96.0177,96.5304,95.744,96.2295,34932731
1/26/2015,96.1233,96.2931,95.65,96.1233,21600589
1/27/2015,94.6109,94.6678,93.3255,93.6246,48977402
1/28/2015,95.1501,95.2548,93.1385,93.1579,46345287
1/29/2015,93.0804,94.2227,92.2691,94.0501,50371992
1/30/2015,93.9707,94.6873,93.1944,93.3255,46503466
2/2/2015,93.5324,94.2129,92.0777,94.1256,47242827
2/3/2015,94.4785,95.1109,93.8588,95.0453,33308485
2/4/2015,94.6491,95.5941,94.4412,94.955,36896502
2/5/2015,95.2059,95.842,94.955,95.7833,25563574
2/6/2015,95.9206,96.152,94.851,95.2059,37015951
2/9/2015,94.8216,95.3607,94.659,94.8883,24482889
2/10/2015,95.4283,96.5017,95.2843,96.3616,25655624
2/11/2015,96.4822,96.947,96.2842,96.7254,21940092
2/12/2015,97.3361,97.8645,97.2107,97.8254,24390165
2/13/2015,98.1194,98.7169,97.9233,98.6973,31445921
2/17/2015,98.6973,98.855,98.4427,98.7859,19144600
2/18/2015,98.6675,98.9827,98.541,98.9333,16391482
2/19/2015,98.865,99.4622,98.8354,99.3937,21471910
2/20/2015,99.3347,100.109,99.0312,100.05,30696080
2/23/2015,100.001,100.189,99.7862,100.159,19348280
2/24/2015,100.031,100.364,99.7273,100.239,21375995
2/25/2015,100.08,100.471,99.7663,99.981,21091793
2/26/2015,100.08,100.551,99.8151,100.491,24086097
2/27/2015,100.451,100.521,99.8931,100.041,30062647
3/2/2015,100.249,101.013,100.229,100.973,24904081
3/3/2015,100.666,100.766,99.8541,100.481,22521095
3/4/2015,100.149,100.305,99.5506,100.09,22757800
3/5/2015,100.364,100.571,99.8641,100.277,16662591
3/6/2015,100.139,100.344,98.9134,99.1496,33572509
3/9/2015,99.3447,99.668,98.953,99.4236,28423257
3/10/2015,98.7366,98.7564,97.5801,97.5801,37086914
3/11/2015,97.6782,97.8351,96.9959,97.0352,27581081
3/12/2015,96.9568,97.7566,96.898,97.3162,23268197
3/13/2015,97.5998,97.9429,96.6273,97.2486,45522426
3/16/2015,97.5901,98.541,97.4801,98.5018,27813238
3/17/2015,98.2175,98.8154,97.9819,98.6577,21237249
3/18/2015,98.3835,100.05,97.8545,99.6093,44006861
3/19/2015,99.7074,100.031,99.5606,99.7563,33923181
3/20/2015,100.581,100.915,100.394,100.412,23879539
3/23/2015,100.354,100.628,100.169,100.209,18664428
3/24/2015,100.199,100.666,99.835,99.8541,24259594
3/25/2015,100.001,100.09,97.5193,97.5605,44942705
3/26/2015,96.7744,97.7761,96.4391,97.2486,51713928
3/27/2015,97.2302,97.8351,97.0881,97.6096,36616910
3/30/2015,98.2175,98.8451,98.2175,98.7564,33041288
3/31/2015,98.4721,98.6874,97.6587,97.6782,32952658
4/1/2015,97.6782,97.6977,96.5595,97.2007,35635618
4/2/2015,97.2883,97.5605,96.947,97.2585,20713370
4/6/2015,96.6871,98.3256,96.5304,98.0411,26427645
4/7/2015,97.9819,98.7366,97.8645,97.8645,20943786
4/8/2015,97.9038,98.8154,97.894,98.6775,27957894
4/9/2015,98.6577,99.315,98.2863,99.2752,24981475
4/10/2015,99.2359,99.688,99.0312,99.678,18551807
4/13/2015,99.7563,100.268,99.3249,99.4335,19220953
4/14/2015,99.4236,99.6193,98.5999,99.1596,25676033
4/15/2015,99.4036,99.971,99.2852,99.7663,22823899
4/16/2015,99.5021,99.8061,99.3647,99.6293,17504455
4/17/2015,98.6973,98.9628,97.639,98.0702,50273932
4/20/2015,98.5805,99.7174,98.541,99.5408,31285801
4/21/2015,100.109,100.295,99.8541,99.962,24569708
4/22/2015,100.229,100.686,99.5806,100.511,23153412
4/23/2015,100.169,101.373,100.149,100.905,31855720
4/24/2015,101.99,102.424,101.816,102.288,35135951
4/27/2015,102.647,102.845,101.806,102.03,33637043
4/28/2015,102.108,102.298,100.954,101.825,39827969
4/29/2015,101.266,101.854,100.609,101.187,36795898
4/30/2015,100.591,101.013,99.0608,99.5706,47643824
5/1/2015,99.962,100.963,99.942,100.895,35531752
5/4/2015,101.236,101.699,101.013,101.071,25407444
5/5/2015,100.658,100.845,99.3647,99.4036,51710689
5/6/2015,99.5806,99.8641,98.0603,98.7366,46109906
5/7/2015,98.7169,99.5903,98.6391,99.315,31702398
5/8/2015,100.344,100.776,100.189,100.551,35692795
5/11/2015,100.618,100.825,100.08,100.159,21270006
5/12/2015,99.5706,100.219,98.8254,99.7074,36386384
5/13/2015,100.139,100.666,99.7663,99.9121,22414825
5/14/2015,100.736,101.482,100.364,101.403,25836540
5/15/2015,101.689,101.796,101.147,101.403,25856516
5/18/2015,101.236,102.05,101.157,101.845,19038541
5/19/2015,101.96,102.118,101.571,101.728,15361717
5/20/2015,101.806,102.414,101.266,101.796,22840026
5/21/2015,101.63,102.463,101.472,102.326,18127577
5/22/2015,102.198,102.568,102.148,102.218,14638531
5/26/2015,102.01,102.148,100.618,101.041,27543979
5/27/2015,101.354,102.766,101.127,102.657,33043991
5/28/2015,102.472,102.707,102.138,102.444,18697894
5/29/2015,102.385,102.511,101.6,101.835,32838954
6/1/2015,102.385,102.453,101.344,102.178,26556356
6/2/2015,101.796,102.356,101.295,101.854,21008369
6/3/2015,102.316,102.529,101.912,102.158,22164935
6/4/2015,101.591,102.228,101.051,101.383,33910710
6/5/2015,101.266,101.501,100.491,101.137,24471981
6/8/2015,101.09,101.167,99.8841,100.08,26533678
6/9/2015,99.8541,100.286,99.1685,99.922,29781869
6/10/2015,100.179,101.62,100.149,101.315,32745975
6/11/2015,101.659,101.931,101.285,101.462,19015657
6/12/2015,100.915,101.137,100.461,100.609,29399621
6/15/2015,99.8641,100.268,99.2752,100.1,33764042
6/16/2015,100.001,100.825,99.962,100.658,17787112
6/17/2015,100.825,101.276,100.315,100.944,25179929
6/18/2015,101.325,102.578,101.266,102.424,46510890
6/19/2015,102.472,102.529,101.845,101.921,30061842
6/22/2015,102.647,102.973,102.434,102.647,20619006
6/23/2015,102.766,102.835,102.326,102.736,19548329
6/24/2015,102.607,103.061,102.188,102.218,17055155
6/25/2015,102.597,102.707,101.854,102.02,19762581
6/26/2015,102.01,102.228,100.954,101.344,34843376
6/29/2015,100.199,100.766,98.9134,98.953,54861200
6/30/2015,99.668,99.8841,99.0025,99.2852,37537448
7/1/2015,100.268,100.461,99.6093,100.06,22961306
7/2/2015,100.364,100.442,99.7961,100.09,22105628
7/6/2015,99.4722,100.442,99.2556,99.8641,26215887
7/7/2015,99.971,100.209,98.1291,100.109,47696395
7/8/2015,99.4036,99.5208,98.1878,98.3739,42801418
7/9/2015,99.678,99.7762,98.3157,98.3256,30604792
7/10/2015,99.6293,100.189,99.2653,99.8251,28485608
7/13/2015,100.686,101.679,100.676,101.6,27800748
7/14/2015,101.728,102.529,101.679,102.258,23699185
7/15/2015,102.453,102.756,102.089,102.375,30870429
7/16/2015,103.216,103.824,103.012,103.804,32176925
7/17/2015,104.629,105.325,104.451,105.325,38741843
7/20/2015,105.561,106.051,105.215,105.685,28618463
7/21/2015,105.715,105.883,105.315,105.627,38247957
7/22/2015,104.011,104.953,104.011,104.422,38362367
7/23/2015,104.51,104.885,103.774,104.04,27711782
7/24/2015,104.589,104.786,102.875,103.031,33261537
7/27/2015,102.453,102.895,101.97,102.188,38815170
7/28/2015,102.617,103.255,101.825,103.061,36182477
7/29/2015,103.274,103.677,102.885,103.454,28807174
7/30/2015,103.216,104.108,102.568,103.944,27431191
7/31/2015,104.267,104.306,103.619,103.814,23811913
8/3/2015,103.834,104.118,102.805,103.502,26960797
8/4/2015,103.454,103.647,102.875,103.294,23866475
8/5/2015,103.874,104.786,103.746,104.089,31261295
8/6/2015,104.188,104.315,101.98,102.434,45415111
8/7/2015,102.188,102.529,101.462,102.307,32357981
8/10/2015,102.955,103.687,102.945,103.473,23185385
8/11/2015,102.925,103.314,101.591,102.158,38940010
8/12/2015,101.442,102.687,100.354,102.491,45171104
8/13/2015,102.578,103.089,102.118,102.336,24274310
8/14/2015,102.098,102.617,101.894,102.481,19329404
8/17/2015,102.238,103.364,101.99,103.334,22887974
8/18/2015,103.206,103.274,102.657,102.805,15080039
8/19/2015,102.491,103.041,101.551,102.148,45842270
8/20/2015,101.197,101.521,99.2852,99.2952,62272088
8/21/2015,97.8743,98.7464,94.9646,94.9646,105423647
8/24/2015,87.3829,95.0912,78.5846,91.304,162648213
8/25/2015,94.6491,95.2942,90.8877,90.9632,80971733
8/26/2015,93.6089,95.744,91.7405,95.5568,112260852
8/27/2015,96.9371,98.0115,95.7833,97.9429,74813679
8/28/2015,97.4311,98.2962,97.2399,97.9233,53831051
8/31/2015,97.3949,97.9133,96.4919,96.7353,42648183
9/1/2015,94.3087,95.7931,93.317,93.6933,78887602
9/2/2015,95.4283,96.3616,94.2991,96.342,47408260
9/3/2015,96.7353,97.3851,95.6235,95.8715,48667990
9/4/2015,94.5548,95.399,94.1932,94.7343,53248738
9/8/2015,96.5497,97.5096,96.152,97.4047,40269547
9/9/2015,98.5607,98.5901,96.0645,96.3028,50840878
9/10/2015,96.1999,97.9819,96.0843,97.3557,51416869
9/11/2015,96.9272,97.8743,96.6361,97.8743,31386597
9/14/2015,98.2568,98.2766,97.2399,97.5901,21263865
9/15/2015,97.8056,99.0704,97.4606,98.7663,32372434
9/16/2015,98.7859,99.3937,98.4231,99.3051,33783889
9/17/2015,99.1961,100.816,98.9134,99.3447,60538638
9/18/2015,97.7958,99.11,97.7467,97.9133,52048384
9/21/2015,98.4721,99.0608,97.3461,98.2374,38481932
9/22/2015,96.7353,97.0744,95.8715,96.7744,50946505
9/23/2015,97.0352,97.2883,96.3322,96.849,23424294
9/24/2015,95.9008,96.8586,95.0814,96.4919,41140758
9/25/2015,97.5096,97.5998,95.0912,95.6891,48085472
9/28/2015,95.2843,95.3511,92.6707,92.9521,47415793
9/29/2015,93.1765,94.1158,91.7982,92.4669,53050540
9/30/2015,93.7795,94.6969,93.412,94.5923,44547801
10/1/2015,94.7625,95.0453,93.4961,95.0353,42318553
10/2/2015,93.6933,96.6871,93.4021,96.6871,63867404
10/5/2015,97.3949,98.3356,97.1909,98.0603,35334987
10/6/2015,97.8154,98.1586,96.849,97.5998,35554742
10/7/2015,98.2175,98.4033,96.947,98.1878,40221078
10/8/2015,97.7958,98.7663,96.8783,98.5901,53989983
10/9/2015,98.6391,99.2061,98.3551,99.041,25718308
10/12/2015,99.2061,99.4523,98.8836,99.2653,17385352
10/13/2015,98.7169,99.6975,98.541,98.6391,29044486
10/14/2015,98.6391,99.1397,98.0507,98.4721,33243092
10/15/2015,98.855,100.08,98.7169,100.07,41301656
10/16/2015,100.295,100.551,99.8151,100.491,29142917
10/19/2015,100.374,101.157,100.139,101.09,25576955
10/20/2015,100.885,101.127,100.209,100.551,16061863
10/21/2015,101.081,101.187,99.9021,99.942,32482116
10/22/2015,100.835,102.089,100.541,102.01,46018658
10/23/2015,104.717,105.255,104.178,104.835,57197938
10/26/2015,104.757,105.098,104.354,104.905,27880970
10/27/2015,104.609,105.255,104.579,105.108,33767942
10/28/2015,105.265,105.963,104.412,105.963,45419580
10/29/2015,105.514,105.973,105.394,105.814,26800176
10/30/2015,105.863,106.022,105.315,105.345,29259205
11/2/2015,105.627,106.668,105.404,106.53,23856546
11/3/2015,106.314,107.295,106.149,106.902,21964733
11/4/2015,107.265,107.345,106.471,106.912,30795509
11/5/2015,107.001,107.265,106.051,106.628,26897745
11/6/2015,106.422,106.817,105.735,106.698,32191340
11/9/2015,106.294,106.441,104.924,105.58,36015431
11/10/2015,105.009,105.404,104.687,105.295,38137158
11/11/2015,105.6,106.079,105.001,105.167,24471739
11/12/2015,104.707,105.245,104.07,104.148,33559574
11/13/2015,103.707,103.824,102.069,102.128,56837674
11/16/2015,102.03,103.609,101.786,103.589,36554212
11/17/2015,103.746,104.373,103.384,103.647,32895412
11/18/2015,104.05,105.715,103.962,105.627,35463197
11/19/2015,105.675,106.169,105.504,105.695,28171524
11/20/2015,106.179,106.501,106.079,106.412,24448826
11/23/2015,106.461,106.836,105.657,106.089,22263572
11/24/2015,105.434,106.256,104.895,105.993,28367631
11/25/2015,106.129,106.294,105.873,106.089,15232337
11/27/2015,106.324,106.471,105.883,106.246,9496504
11/30/2015,106.53,106.568,105.647,105.963,26938192
12/1/2015,106.402,107.04,106.276,107.04,30808528
12/2/2015,107.107,107.598,106.218,106.382,24084521
12/3/2015,106.668,106.854,103.972,104.57,45987784
12/4/2015,104.895,107.206,104.677,107.021,43069630
12/7/2015,107.098,107.167,106.013,106.539,27853106
12/8/2015,105.454,106.892,105.394,106.549,33124813
12/9/2015,106.051,106.668,104.296,104.943,52183172
12/10/2015,105.177,106.099,104.865,105.414,32438437
12/11/2015,104.198,104.461,102.935,103.003,60265192
12/14/2015,103.176,103.814,101.699,103.764,57087913
12/15/2015,104.658,105.295,104.277,104.392,52095821
12/16/2015,105.098,106.109,104.001,105.923,48348061
12/17/2015,106.392,106.412,104.382,104.402,49127537
12/18/2015,104.03,104.306,102.501,102.501,43969381
12/21/2015,103.384,103.58,102.607,103.56,28348095
12/22/2015,104.099,104.364,103.56,104.227,28463334
12/23/2015,104.737,105.069,104.56,105.001,27515973
12/24/2015,104.963,105.265,104.934,104.982,12312092
12/28/2015,104.717,104.943,103.982,104.924,20573665
12/29/2015,105.58,106.807,105.494,106.568,29734649
12/30/2015,106.441,106.52,105.608,105.618,16831355
12/31/2015,105.235,105.444,104.286,104.296,30032829
1/4/2016,102.05,102.208,100.806,102.118,48522817
1/5/2016,102.597,102.736,101.462,101.94,37018318
1/6/2016,100.159,101.551,100.139,100.944,41545296
1/7/2016,98.8154,100.031,97.7075,97.7664,62360455
1/8/2016,98.5311,99.1198,96.8882,96.986,57773753
1/11/2016,97.6879,97.9429,95.7931,97.2783,53648789
1/12/2016,98.1878,98.9333,97.0546,98.4033,48918733
1/13/2016,98.855,99.0608,94.8687,95.0215,68987651
1/14/2016,95.4089,97.8645,93.8677,97.0448,72344565
1/15/2016,93.7698,95.0617,92.7853,94.0244,95389568
1/19/2016,95.3116,95.4656,93.1286,94.2227,60662356
1/20/2016,92.7582,94.955,90.6808,93.945,86350077
1/21/2016,94.3473,95.4469,93.0719,94.0344,61647495
1/22/2016,95.8813,96.8,95.6136,96.7645,40292919
1/25/2016,96.4675,96.9666,95.2548,95.3411,35341248
1/26/2016,95.7265,96.5893,94.8883,96.1811,32648199
1/27/2016,95.6332,96.0275,93.3825,93.7795,50031722
1/28/2016,95.302,95.399,93.4776,95.1205,48701947
1/29/2016,95.1205,97.1371,95.0617,97.1075,46646734
2/1/2016,96.6183,97.6977,96.2489,97.3461,27949104
2/2/2016,96.947,96.947,94.9646,95.2646,40667989
2/3/2016,95.851,95.8715,93.1286,94.7923,64186124
2/4/2016,94.4981,95.5373,93.6442,94.7824,47154390
2/5/2016,94.4412,94.4785,91.1191,91.4904,62286786
2/8/2016,89.821,90.4915,88.4339,90.1023,90831602
2/9/2016,88.9172,91.1759,88.7483,89.8112,67114196
2/10/2016,90.9121,92.0218,90.0927,90.1563,55385720
2/11/2016,89.0034,90.7433,88.7572,90.0289,73363013
2/12/2016,91.0806,91.4904,90.1944,91.3965,48068616
2/16/2016,92.7197,93.4482,92.1737,93.4482,36568857
2/17/2016,94.1735,95.7166,93.8961,95.5861,39929882
2/18/2016,95.8617,95.8813,94.3568,94.4785,33304532
2/19/2016,94.0784,95.0617,93.8225,94.7625,26284870
2/22/2016,95.6235,96.3913,95.5666,96.2931,21860165
2/23/2016,95.744,95.9988,94.6491,94.7157,26623618
2/24/2016,93.6442,95.744,93.0285,95.6332,40612248
2/25/2016,95.8127,96.5595,94.9646,96.5595,28980006
2/26/2016,97.2399,97.3065,96.2096,96.4391,27344781
2/29/2016,96.3225,97.0744,95.5861,95.5861,25930075
3/1/2016,96.4578,98.6479,96.1901,98.6479,35285863
3/2/2016,98.4919,98.7071,97.894,98.6874,29807796
3/3/2016,98.5706,98.6099,97.7664,98.4919,22559036
3/4/2016,98.6198,99.1685,97.8545,98.5311,29581847
3/7/2016,98.0016,98.5999,97.2302,97.9038,27026282
3/8/2016,97.2585,98.0901,96.947,97.1172,29905758
3/9/2016,97.4899,97.7372,96.9371,97.7175,24120938
3/10/2016,98.1878,98.7169,96.3225,97.5801,48258134
3/11/2016,98.6577,99.2952,98.3356,99.2952,28929555
3/14/2016,98.9333,99.688,98.9134,99.4622,27213552
3/15/2016,99.1001,99.5308,98.8057,99.4236,28446582
3/16/2016,99.1775,100.561,99.1685,100.305,33989498
3/17/2016,100.001,100.471,99.6393,100.249,31770248
3/18/2016,100.481,100.658,99.8741,100.412,40293263
3/21/2016,100.209,100.895,100.169,100.796,18486466
3/22/2016,100.229,101.364,100.209,101.117,20145704
3/23/2016,100.915,100.993,100.041,100.277,22361905
3/24/2016,99.7563,100.335,99.6293,100.305,20334946
3/28/2016,100.581,100.6,99.981,100.159,14315365
3/29/2016,99.9909,101.854,99.8151,101.786,26610830
3/30/2016,102.404,102.925,102.069,102.288,23653170
3/31/2016,102.228,102.578,101.98,102.138,17990256
4/1/2016,101.561,103.255,101.383,103.226,26472765
4/4/2016,103.176,103.274,102.568,102.825,16593189
4/5/2016,102.02,102.424,101.699,101.835,18622383
4/6/2016,101.95,103.551,101.94,103.512,23218612
4/7/2016,102.925,103.089,101.591,102.02,27298081
4/8/2016,102.657,102.905,101.6,101.95,22416791
4/11/2016,102.404,102.905,101.571,101.581,23735107
4/12/2016,101.63,102.607,101.022,102.424,26557193
4/13/2016,103.186,103.884,103.081,103.717,23640154
4/14/2016,102.885,104.108,102.885,103.726,17008714
4/15/2016,103.657,103.854,103.226,103.483,19843157
4/18/2016,103.196,104.05,103.118,104.011,16527273
4/19/2016,104.217,104.217,102.766,103.394,34211463
4/20/2016,103.384,103.953,103.041,103.483,17854634
4/21/2016,103.424,103.854,103.021,103.493,14776919
4/22/2016,102.148,102.607,101.117,101.931,36863154
4/25/2016,101.6,101.94,101.432,101.931,14740709
4/26/2016,102.138,102.316,101.117,101.432,16557752
4/27/2016,100.384,100.835,99.7762,100.6,31448066
4/28/2016,100.706,101.334,99.1861,99.3937,28111139
4/29/2016,99.3347,99.5903,98.0702,98.8836,70093015
5/2/2016,99.11,99.942,98.7169,99.8061,21640520
5/3/2016,99.1001,99.5408,98.6198,98.8935,35052771
5/4/2016,98.306,98.6479,97.9819,98.2374,26327896
5/5/2016,98.5999,98.8254,98.0016,98.2075,19678926
5/6/2016,97.7175,98.7564,97.6193,98.7464,23288328
5/9/2016,98.7761,99.4822,98.7071,99.0213,17980522
5/10/2016,99.3745,100.422,99.1861,100.374,22246309
5/11/2016,100.209,100.511,99.4425,99.4722,18199896
5/12/2016,99.7663,99.8151,98.3256,99.0312,26715101
5/13/2016,99.0025,99.5506,98.4623,98.6675,20121604
5/16/2016,98.8354,100.258,98.7269,99.8931,17585911
5/17/2016,99.8251,100.09,98.3739,98.6479,27601955
5/18/2016,98.4623,99.5308,98.2275,99.0124,28537095
5/19/2016,98.6198,98.865,97.7467,98.4821,21304914
5/20/2016,98.9034,99.962,98.8354,99.5706,28308589
5/23/2016,99.6393,100.031,99.3447,99.4425,13834857
5/24/2016,99.981,101.571,99.952,101.442,24754381
5/25/2016,101.816,102.472,101.659,102.168,38012349
5/26/2016,102.278,102.588,102.03,102.472,20534125
5/27/2016,102.538,103.021,102.511,103.012,14478583
5/31/2016,103.146,103.354,102.667,103.206,23456952
6/1/2016,102.885,103.444,102.795,103.216,18625998
6/2/2016,103.012,103.434,102.444,103.424,14398005
6/3/2016,103.236,103.265,102.268,102.945,19994098
6/6/2016,103.118,103.589,102.955,103.304,12688044
6/7/2016,103.374,103.473,103.012,103.051,12163938
6/8/2016,103.236,103.444,102.845,103.236,14289297
6/9/2016,102.815,103.176,102.597,103.061,17601898
6/10/2016,102.138,102.326,101.541,101.903,32576564
6/13/2016,101.334,101.884,100.895,101.031,24214421
6/14/2016,100.796,101.413,100.286,101.031,23997304
6/15/2016,101.315,101.423,100.561,100.736,20557285
6/16/2016,100.219,101.137,99.6003,101.041,26874774
6/17/2016,100.825,100.855,99.6193,99.8541,28129076
6/20/2016,101.022,101.511,100.403,100.471,19624672
6/21/2016,100.638,101.013,100.422,100.796,20026764
6/22/2016,100.875,101.462,100.461,100.551,19318434
6/23/2016,101.373,102.02,100.915,102.01,18639301
6/24/2016,98.2766,99.8641,97.5703,97.7761,67570800
6/27/2016,97.1567,97.1567,95.4283,95.842,47886555
6/28/2016,96.898,97.9819,96.8683,97.9329,26941963
6/29/2016,98.7071,99.8841,98.6775,99.678,29604307
6/30/2016,99.8741,100.905,99.5121,100.835,31939862
7/1/2016,100.796,101.728,100.756,101.364,19860517
7/5/2016,100.875,100.954,100.169,100.726,20445873
7/6/2016,100.249,101.62,99.922,101.571,23888362
7/7/2016,101.649,102.089,101.393,101.864,17849160
7/8/2016,102.385,103.493,102.238,103.434,25190065
7/11/2016,103.774,104.392,103.756,104.001,19244096
7/12/2016,104.619,104.815,104.392,104.52,22259588
7/13/2016,104.815,104.845,104.286,104.296,16697054
7/14/2016,104.982,105.187,104.727,105.001,16189969
7/15/2016,105.215,105.295,104.579,104.825,14584801
7/18/2016,104.885,105.705,104.875,105.532,20409274
7/19/2016,105.167,105.474,104.953,105.128,14200035
7/20/2016,105.715,106.559,105.59,106.363,17408738
7/21/2016,106.441,106.648,105.833,106.109,16391748
7/22/2016,106.208,106.678,105.863,106.559,13643247
7/25/2016,106.481,106.598,106.208,106.568,12827092
7/26/2016,106.539,107.068,106.149,106.688,17010954
7/27/2016,107.608,107.726,106.982,107.444,24540033
7/28/2016,107.608,107.952,107.265,107.824,15275495
7/29/2016,108.071,108.364,107.716,108.061,21046142
8/1/2016,108.136,108.903,108.012,108.657,14554281
8/2/2016,108.502,108.587,107.088,107.805,20543686
8/3/2016,107.726,108.176,107.648,108.166,12197488
8/4/2016,108.146,108.597,107.874,108.493,12601995
8/5/2016,109.04,109.735,108.903,109.501,16890543
8/8/2016,109.541,109.589,109.04,109.381,11777168
8/9/2016,109.451,109.983,109.401,109.627,13542917
8/10/2016,109.667,109.716,109.069,109.363,12088660
8/11/2016,109.706,110.039,109.501,109.815,9024343
8/12/2016,109.627,109.905,109.511,109.895,18618660
8/15/2016,110.011,110.61,110.001,110.353,11103648
8/16/2016,110.136,110.155,109.726,109.745,12524067
8/17/2016,109.775,109.992,109.188,109.954,13532897
8/18/2016,109.845,110.126,109.647,109.983,9368516
8/19/2016,109.795,110.185,109.481,109.954,15952520
8/22/2016,109.785,110.215,109.589,110.03,14129980
8/23/2016,110.433,110.647,110.175,110.225,11591806
8/24/2016,110.155,110.295,109.168,109.521,17934692
8/25/2016,109.238,109.667,109.118,109.353,23744020
8/26/2016,109.391,110.205,108.854,109.501,23409683
8/29/2016,109.531,109.944,109.511,109.647,11316340
8/30/2016,109.451,109.785,108.932,109.305,18420707
8/31/2016,109.138,109.305,108.764,109.188,15001736
9/1/2016,109.238,109.599,108.726,109.461,19617787
9/2/2016,110.001,110.225,109.411,109.815,18074222
9/6/2016,109.983,110.493,109.755,110.493,16871636
9/7/2016,110.59,110.754,110.136,110.561,14150046
9/8/2016,110.235,110.255,109.627,109.925,18634075
9/9/2016,109.002,109.266,107.127,107.147,47016742
9/12/2016,106.549,109.247,106.539,109.089,40638672
9/13/2016,108.55,108.864,107.578,108.116,37720290
9/14/2016,108.255,109.228,108.206,108.657,25229358
9/15/2016,108.707,110.453,108.677,110.325,32509862
9/16/2016,110.175,110.363,109.696,110.245,24731572
9/19/2016,110.503,110.873,109.56,109.765,16972556
9/20/2016,110.145,110.413,109.785,109.983,10888565
9/21/2016,110.413,111.226,109.795,111.069,28085162
9/22/2016,111.717,112.079,111.589,111.941,18339544
9/23/2016,111.785,111.863,111.079,111.226,17265619
9/26/2016,110.59,110.724,110.126,110.285,16165068
9/27/2016,110.255,111.431,110.108,111.382,18057649
9/28/2016,111.491,111.639,111.012,111.569,14583655
9/29/2016,111.382,111.589,110.285,110.764,23853675
9/30/2016,111.069,111.932,110.953,111.589,21745966
10/3/2016,111.402,111.569,111.012,111.422,16026671
10/4/2016,111.727,112.02,110.843,111.265,19973187
10/5/2016,111.569,112.029,111.539,111.658,15088343
10/6/2016,111.501,111.843,111.069,111.599,11354508
10/7/2016,111.727,111.872,110.813,111.353,17212538
10/10/2016,111.922,112.334,111.892,112.079,13742680
10/11/2016,111.961,112,109.983,110.453,24723103
10/12/2016,110.513,110.744,110.03,110.363,13593875
10/13/2016,109.627,110.265,109.002,109.983,23066055
10/14/2016,110.513,110.972,110.039,110.098,18504746
10/17/2016,110.058,110.255,109.667,109.805,13571316
10/18/2016,111.089,111.303,110.724,110.784,16231297
10/19/2016,110.695,110.943,110.571,110.774,13685060
10/20/2016,110.61,110.893,110.001,110.637,17283263
10/21/2016,110.724,111.129,110.353,111.069,13616208
10/24/2016,111.794,112.5,111.755,112.423,16111118
10/25/2016,112.471,112.51,111.872,112.049,16188682
10/26/2016,111.303,111.892,110.953,111.275,19176386
10/27/2016,111.765,111.853,110.6,110.764,16964293
10/28/2016,110.413,111.031,109.726,110.058,31927668
10/31/2016,110.463,110.463,109.915,109.973,19945353
11/1/2016,110.145,110.165,108.225,109.158,24997664
11/2/2016,109.098,109.334,108.022,108.295,28679844
11/3/2016,108.136,108.483,107.078,107.206,38514675
11/4/2016,106.882,107.676,106.638,106.817,28719587
11/7/2016,108.558,109.481,108.414,109.381,25452249
11/8/2016,109.257,110.571,109.011,110.068,20018803
11/9/2016,108.804,110.764,108.707,110.58,70452177
11/10/2016,111.059,111.275,107.355,108.834,69167031
11/11/2016,108.325,109.098,107.972,108.864,38216611
11/14/2016,108.903,109.002,107.187,107.766,38196373
11/15/2016,108.578,109.627,108.444,109.266,33824864
11/16/2016,108.794,109.973,108.774,109.895,15895257
11/17/2016,109.845,110.705,109.618,110.685,19038413
11/18/2016,110.754,111.022,110.165,110.275,16145077
11/21/2016,110.533,111.521,110.503,111.392,19944638
11/22/2016,111.833,112.049,111.481,111.765,18591191
11/23/2016,111.382,111.511,110.823,111.313,19490230
11/25/2016,111.431,111.717,111.313,111.668,7158120
11/28/2016,111.511,111.941,111.303,111.402,11838922
11/29/2016,111.501,112.364,111.207,111.804,19433924
11/30/2016,111.922,111.99,110.403,110.433,29563293
12/1/2016,110.403,110.413,108.404,108.578,38142468
12/2/2016,108.677,109.208,108.335,108.794,33404527
12/5/2016,109.353,110.03,108.844,109.608,20346944
12/6/2016,109.865,110.039,109.411,109.865,15938936
12/7/2016,109.637,111.382,109.324,111.255,25786556
12/8/2016,111.294,111.737,111.089,111.461,17551294
12/9/2016,111.892,112.393,111.863,112.354,17877177
12/12/2016,111.814,112.069,111.353,111.823,19134055
12/13/2016,112.206,113.834,112.177,113.244,44235177
12/14/2016,113.324,113.726,112.695,113.022,27996790
12/15/2016,113.176,113.834,112.903,113.195,22085654
12/16/2016,113.402,113.629,112.559,112.785,22890709
12/19/2016,112.903,113.911,112.735,113.234,15390501
12/20/2016,113.54,113.852,113.441,113.659,11792626
12/21/2016,113.659,113.765,113.324,113.55,7100668
12/22/2016,113.57,113.609,112.825,113.264,15654467
12/23/2016,113.118,113.373,112.973,113.324,7414049
12/27/2016,113.55,114.558,113.52,113.901,16274247
12/28/2016,114.138,114.266,112.963,113.04,17196867
12/29/2016,113.022,113.274,112.529,112.883,13166954
12/30/2016,113.088,113.108,111.373,111.697,44281216
1/3/2017,112.51,113.147,112.099,112.725,22344398
1/4/2017,112.845,113.52,112.835,113.324,16359253
1/5/2017,113.294,114.029,113.244,113.95,17767691
1/6/2017,114.068,115.255,113.765,114.953,23071222
1/9/2017,115.039,115.549,114.963,115.333,18148756
1/10/2017,115.373,115.932,115.107,115.598,15712879
1/11/2017,115.618,115.893,115.031,115.893,19180595
1/12/2017,115.491,115.793,114.627,115.726,19679126
1/13/2017,115.783,116.294,115.773,116.098,14921677
1/17/2017,115.763,115.982,115.432,115.763,14908400
1/18/2017,115.922,116.098,115.647,115.992,11414692
1/19/2017,116.127,116.559,115.707,115.942,12359040
1/20/2017,116.421,116.736,115.883,116.186,20677770
1/23/2017,116.098,116.441,115.569,116.274,16712827
1/24/2017,116.5,117.265,116.314,117.078,15087014
1/25/2017,117.803,118.304,117.726,118.266,14958590
1/26/2017,118.43,118.647,118.186,118.401,14969941
1/27/2017,118.629,118.737,118.236,118.629,13308685
1/30/2017,118.216,118.226,117.03,117.696,23138342
1/31/2017,117.294,117.491,116.756,117.462,17764527
2/1/2017,118.266,118.509,117.735,118.276,20456359
2/2/2017,118.059,118.529,117.735,118.166,14030059
2/3/2017,118.332,118.638,118.176,118.509,17985652
2/6/2017,118.266,118.677,118.196,118.657,11708635
2/7/2017,118.871,119.324,118.785,119.077,16043199
2/8/2017,118.931,119.441,118.697,119.275,12230800
2/9/2017,119.393,119.971,119.334,119.706,15928663
2/10/2017,119.932,120.255,119.765,120.097,14065284
2/13/2017,120.431,120.921,120.393,120.766,16197558
2/14/2017,120.815,121.176,120.413,121.176,16049675
2/15/2017,121.097,121.961,121.029,121.901,17262946
2/16/2017,121.97,122.216,121.539,121.863,14628949
2/17/2017,121.705,122.392,121.657,122.382,13969269
2/21/2017,122.597,123.058,122.557,122.978,18351912
2/22/2017,122.874,123.116,122.677,123.028,11041913
2/23/2017,123.225,123.225,122.088,122.587,17449303
2/24/2017,122.069,122.814,121.99,122.814,18490167
2/27/2017,122.587,122.968,122.373,122.96,11903342
2/28/2017,122.942,122.978,122.236,122.587,14285059
3/1/2017,123.313,124.147,123.126,123.92,20717138
3/2/2017,123.91,123.91,123.146,123.294,17918883
3/3/2017,123.175,123.55,122.893,123.51,11272787
3/6/2017,123.088,123.441,122.766,123.244,10985251
3/7/2017,122.978,123.569,122.834,123.038,13347930
3/8/2017,123.098,123.637,122.988,123.234,14761835
3/9/2017,123.225,123.51,122.696,123.333,19652653
3/10/2017,123.901,124.068,123.323,123.871,17808777
3/13/2017,123.999,124.108,123.755,124.078,11382473
3/14/2017,123.792,123.841,123.274,123.774,14870018
3/15/2017,124.049,124.844,123.627,124.556,24086508
3/16/2017,124.775,124.795,124.177,124.468,19576776
3/17/2017,124.586,124.755,124.353,124.421,18250212
3/20/2017,124.383,124.825,124.197,124.537,10695858
3/21/2017,124.999,125.116,122.567,122.647,37936853
3/22/2017,122.716,123.579,122.518,123.451,30883328
3/23/2017,123.294,123.637,122.951,123.155,21498872
3/24/2017,123.54,124.039,122.951,123.393,22788331
3/27/2017,122.567,123.821,122.246,123.598,18754599
3/28/2017,123.569,124.745,123.323,124.373,20651119
3/29/2017,124.458,124.99,124.324,124.951,12534246
3/30/2017,124.933,125.294,124.795,125.155,15937672
3/31/2017,124.961,125.421,124.844,125.067,18168140
4/3/2017,125.165,125.488,124.296,124.99,25085592
4/4/2017,124.626,125.215,124.596,125.195,12824879
4/5/2017,125.363,126.116,124.448,124.686,27866915
4/6/2017,124.834,125.077,124.43,124.755,18595320
4/7/2017,124.705,125.057,124.236,124.686,17721696
4/10/2017,124.825,125.244,124.393,124.735,15541989
4/11/2017,124.586,124.815,123.284,124.187,35752701
4/12/2017,124.187,124.276,123.54,123.677,16083525
4/13/2017,123.51,124.246,123.175,123.195,22762165
4/17/2017,123.559,124.236,123.48,124.216,12480702
4/18/2017,123.765,124.393,123.706,124.029,13075302
4/19/2017,124.576,124.98,124.049,124.226,18500078
4/20/2017,124.755,125.558,124.547,125.274,19852406
4/21/2017,125.382,125.441,124.933,125.244,16787534
4/24/2017,126.606,126.853,126.433,126.743,23758204
4/25/2017,127.136,127.892,127.039,127.656,20501701
4/26/2017,127.696,128.028,127.401,127.479,26863902
4/27/2017,127.804,128.254,127.716,128.254,16982643
4/28/2017,128.774,128.831,128.273,128.49,24102965
5/1/2017,128.95,129.792,128.871,129.616,26240490
5/2/2017,129.792,129.9,129.46,129.841,19360304
5/3/2017,129.566,129.586,129.098,129.431,25164342
5/4/2017,129.451,129.547,129.049,129.48,15460591
5/5/2017,129.802,129.949,129.333,129.949,20460529
5/8/2017,130.019,130.245,129.746,130.245,14025050
5/9/2017,130.429,130.97,130.314,130.695,30050755
5/10/2017,130.764,130.814,130.295,130.764,21687093
5/11/2017,130.41,130.705,129.792,130.666,28809718
5/12/2017,130.744,130.97,130.606,130.94,19218932
5/15/2017,130.97,131.421,130.884,131.342,21655823
5/16/2017,131.645,131.91,131.293,131.891,22891552
5/17/2017,130.903,131.086,128.547,128.567,57175330
5/18/2017,128.557,130.127,128.373,129.676,43735028
5/19/2017,130.117,130.784,130.067,130.245,38854760
5/22/2017,130.517,131.382,130.478,131.302,20575778
5/23/2017,131.704,131.704,131.096,131.44,20826578
5/24/2017,131.842,132.096,131.47,132.037,17004098
5/25/2017,132.547,133.529,132.256,133.175,25300300
5/26/2017,133.203,133.48,133.02,133.42,14654643
5/30/2017,133.331,133.695,133.262,133.539,21474988
5/31/2017,133.969,134.009,132.793,133.49,35147072
6/1/2017,133.745,134.068,133.184,134.009,21276410
6/2/2017,134.489,135.587,134.273,135.558,39356262
6/5/2017,135.538,135.764,135.351,135.529,16638646
6/6/2017,135.389,135.813,134.793,134.999,23676944
6/7/2017,135.351,135.627,134.743,135.519,19925634
6/8/2017,135.823,135.88,134.929,135.657,26847466
6/9/2017,135.813,135.968,130.487,132.226,116172593
6/12/2017,131.154,131.764,129.881,131.53,110476623
6/13/2017,132.256,132.784,131.578,132.595,54154851
6/14/2017,133.126,133.136,130.96,132.007,63458111
6/15/2017,130.724,131.578,129.9,131.43,58341579
6/16/2017,131.402,131.45,130.401,130.884,50752494
6/19/2017,132.077,133.175,131.929,133.049,41734714
6/20/2017,132.911,133.087,131.949,131.997,43144559
6/21/2017,132.285,133.39,132.216,133.321,37729663
6/22/2017,133.519,133.784,132.941,133.282,25404329
6/23/2017,133.116,133.979,132.764,133.803,22825588
6/26/2017,134.537,134.822,132.873,133.165,36252704
6/27/2017,132.684,132.823,130.764,130.774,69482275
6/28/2017,131.223,132.754,130.497,132.634,60558558
6/29/2017,132.037,132.067,129.107,130.352,93588329
6/30/2017,130.754,131.352,129.969,130.401,72716199
7/3/2017,130.97,131.126,128.96,129.059,34619569
7/5/2017,129.393,130.656,129.02,130.295,44421107
7/6/2017,129.293,129.841,128.666,129.136,51096643
7/7/2017,129.537,130.864,129.537,130.517,39016939
7/10/2017,130.596,131.645,130.265,131.342,26194658
7/11/2017,131.136,131.871,130.695,131.714,33260540
7/12/2017,132.813,133.44,132.575,133.282,38000592
7/13/2017,133.43,133.909,133.184,133.589,32768787
7/14/2017,134.126,134.832,133.754,134.655,36453630
7/17/2017,134.783,135.205,134.46,134.724,26728441
7/18/2017,134.596,135.647,134.194,135.617,27098207
7/19/2017,135.987,136.588,135.958,136.39,35619291
7/20/2017,136.703,136.822,135.977,136.568,37947332
7/21/2017,136.076,136.518,135.823,136.518,41888621
7/24/2017,136.48,137.234,136.342,137.137,28147890
7/25/2017,136.683,137.107,136.42,136.793,29652126
7/26/2017,137.107,137.312,136.909,137.234,19561245
7/27/2017,138.164,138.262,134.832,136.371,84849184
7/28/2017,135.617,136.489,135.379,136.264,40121130
7/31/2017,136.616,136.812,135.419,135.704,35617254
8/1/2017,136.156,136.204,135.597,136.017,21132945
8/2/2017,136.832,136.9,135.128,136.371,44063297
8/3/2017,136.568,136.568,135.607,135.862,28586122
8/4/2017,136.106,136.38,135.548,136.106,31107745
8/7/2017,136.314,136.929,136.156,136.929,18908795
8/8/2017,136.665,137.814,136.323,136.703,32361419
8/9/2017,135.617,136.588,135.301,136.528,38129717
8/10/2017,135.803,135.872,133.47,133.608,66699852
8/11/2017,133.803,134.939,133.48,134.636,48399766
8/14/2017,135.704,136.558,135.666,136.351,35996919
8/15/2017,136.616,136.703,136.096,136.44,26848087
8/16/2017,136.753,137.322,136.244,136.674,33686448
8/17/2017,136.174,136.361,133.89,133.89,74077933
8/18/2017,133.989,134.734,133.232,133.793,64065641
8/21/2017,133.793,134.087,132.784,133.625,39198276
8/22/2017,134.353,135.823,134.313,135.675,38232768
8/23/2017,135.029,135.509,134.909,135.205,27014789
8/24/2017,135.519,135.647,134.028,134.803,40261585
8/25/2017,135.311,135.657,134.333,134.507,27792518
8/28/2017,134.939,135.253,134.489,134.939,15785779
8/29/2017,133.745,135.685,133.635,135.469,25792667
8/30/2017,135.587,137.254,135.499,137.018,35451081
8/31/2017,137.38,138.5,137.331,138.49,40140458
9/1/2017,138.646,138.859,137.93,138.292,23524760
9/5/2017,137.88,138.184,136.057,137.058,47955887
9/6/2017,137.409,137.804,136.489,137.477,32372363
9/7/2017,137.744,138.144,137.303,137.814,23946301
9/8/2017,137.626,137.696,136.47,136.606,29430408
9/11/2017,137.646,138.411,137.646,138.174,28391153
9/12/2017,138.538,138.696,137.861,138.51,31919258
9/13/2017,138.252,138.723,138.047,138.686,29971500
9/14/2017,138.154,138.577,137.814,137.89,35818195
9/15/2017,137.89,138.869,137.636,138.352,48847370
9/18/2017,138.49,138.968,137.774,138.174,26052225
9/19/2017,138.421,138.616,137.95,138.411,21952970
9/20/2017,138.361,138.52,136.929,137.989,36011848
9/21/2017,137.9,137.9,136.665,137.147,30388447
9/22/2017,136.713,137.214,136.568,137.008,22847741
9/25/2017,136.48,136.558,134.939,135.587,57816324
9/26/2017,136.254,136.528,135.479,135.95,31191799
9/27/2017,136.645,137.666,136.314,137.147,34956739
9/28/2017,136.842,137.234,136.509,137.087,25394229
9/29/2017,137.37,138.174,137.008,138.077,45157008
10/2/2017,138.282,138.772,137.596,138.203,28790053
10/3/2017,138.352,138.666,138.077,138.5,20734341
10/4/2017,138.222,138.939,138.096,138.636,27776349
10/5/2017,139.136,140.068,139.008,139.999,33224661
10/6/2017,139.537,140.174,139.527,140.145,24813777
10/9/2017,140.369,140.519,139.851,140.029,14425291
10/10/2017,140.489,140.646,139.517,140.126,20191234
10/11/2017,140.059,140.578,139.89,140.548,13066171
10/12/2017,140.349,140.849,140.145,140.281,15227123
10/13/2017,140.889,140.998,140.291,140.841,19349726
10/16/2017,141.186,141.37,140.889,141.331,22947594
10/17/2017,141.273,141.538,141.056,141.518,13799973
10/18/2017,141.685,141.685,141.126,141.34,18101027
10/19/2017,140.529,140.831,139.822,140.812,29112545
10/20/2017,141.39,141.518,141.016,141.196,31338363
10/23/2017,141.488,141.508,140.059,140.253,30826900
10/24/2017,140.509,140.802,139.98,140.499,21325229
10/25/2017,140.223,140.686,138.929,139.97,38040373
10/26/2017,139.91,140.233,139.497,139.527,29582749
10/27/2017,141.794,143.85,141.675,143.586,63323102
10/30/2017,143.429,144.488,143.34,143.907,33423457
10/31/2017,144.351,144.653,143.957,144.45,27721053
11/1/2017,145.019,145.097,143.833,144.4,31051713
11/2/2017,144.244,144.304,143.126,144.135,32669367
11/3/2017,144.673,145.546,144.165,145.528,27594581
11/6/2017,145.388,146.095,145.359,145.997,30213615
11/7/2017,145.918,146.293,145.596,146.115,22419102
11/8/2017,146.056,146.744,145.871,146.715,18249284
11/9/2017,145.518,146.017,144.41,145.938,42714845
11/10/2017,145.616,146.047,145.321,145.928,21210638
11/13/2017,145.378,146.283,145.359,146.115,13135481
11/14/2017,145.566,145.753,144.841,145.566,26384457
11/15/2017,144.879,145.263,144.105,144.859,26081485
11/16/2017,145.636,147.066,145.586,146.744,36616043
11/17/2017,146.782,146.89,146.047,146.194,30243079
11/20/2017,146.293,146.408,145.861,146.076,22252654
11/21/2017,146.764,147.713,146.685,147.644,21198522
11/22/2017,147.772,147.967,147.508,147.83,18173962
11/24/2017,147.977,148.388,147.9,148.341,8721597
11/27/2017,148.284,148.635,147.957,148.274,23811115
11/28/2017,148.595,148.754,147.84,148.664,26508053
11/29/2017,148.526,148.526,145.378,146.105,75697684
11/30/2017,146.665,147.597,146.351,147.32,59551904
12/1/2017,146.398,147.4,144.557,146.695,62128198
12/4/2017,147.614,147.772,144.831,144.979,53992388
12/5/2017,144.909,146.754,144.4,145.069,42719705
12/6/2017,144.557,145.977,144.371,145.753,30092698
12/7/2017,145.743,146.665,145.586,146.253,34089304
12/8/2017,147.272,147.673,146.665,146.9,29500248
12/11/2017,146.958,148.066,146.958,148.017,21788437
12/12/2017,147.938,148.234,147.518,147.83,21455978
12/13/2017,148.36,148.566,147.9,148.096,25688242
12/14/2017,148.36,148.724,147.85,148.007,25631621
12/15/2017,148.566,149.811,148.311,149.586,51699713
12/18/2017,150.595,151.066,150.379,150.889,27068254
12/19/2017,150.644,150.801,149.596,150.047,32995071
12/20/2017,150.556,150.586,149.272,149.85,40043600
12/21/2017,150.047,150.556,149.702,149.87,19580647
12/22/2017,149.645,149.762,149.311,149.702,24519474
12/26/2017,148.901,149.085,148.36,148.891,23003844
12/27/2017,148.891,149.321,148.784,148.911,23513616
12/28/2017,149.41,149.43,148.911,149.094,26665688
12/29/2017,149.262,149.262,148.126,148.176,34832162
1/2/2018,148.871,150.831,148.576,150.791,34184402
1/3/2018,150.908,152.409,150.908,152.261,30828701
1/4/2018,152.8,152.987,152.33,152.538,25999606
1/5/2018,153.215,154.144,152.967,154.035,28350581
1/8/2018,154.016,154.721,153.977,154.605,24309208
1/9/2018,154.939,155.124,154.184,154.653,25976687
1/10/2018,153.929,154.322,153.282,154.292,35685198
1/11/2018,154.585,155.379,154.322,155.369,21477719
1/12/2018,155.115,156.662,155.028,156.507,39670936
1/16/2018,157.507,158.309,155.605,156.065,43270119
1/17/2018,156.77,157.947,156.075,157.712,35400909
1/18/2018,157.507,158.105,157.115,157.732,27673201
1/19/2018,158.223,158.507,157.487,158.242,40883935
1/22/2018,158.174,159.948,157.996,159.948,27316209
1/23/2018,160.447,161.436,160.379,161.271,36836762
1/24/2018,161.585,161.997,159.299,160.231,56522531
1/25/2018,161.33,161.407,159.664,160.173,30354492
1/26/2018,161.056,162.635,160.759,162.635,33649730
1/29/2018,162.231,162.615,161.515,161.861,39113590
1/30/2018,160.369,161.203,159.674,160.506,47173547
1/31/2018,161.446,161.761,160.163,161.185,43191916
2/1/2018,159.948,161.505,159.281,159.8,39824171
2/2/2018,159.203,159.555,156.488,156.613,71587870
2/5/2018,155.212,157.682,150.311,150.429,110364274
2/6/2018,148.368,154.614,147.578,154.419,124589577
2/7/2018,153.919,155.625,152.429,152.429,94432433
2/8/2018,152.899,152.997,146.017,146.017,98367803
2/9/2018,148.096,149.576,142.83,148.506,118735163
2/12/2018,149.988,152.211,148.842,151.174,65652289
2/13/2018,150.291,152.27,150.037,151.959,33360516
2/14/2018,151.086,155.018,150.311,154.77,54714383
2/15/2018,156.173,157.635,154.547,157.557,53761960
2/16/2018,157.164,158.645,156.681,157.028,65386546
2/20/2018,157.26,158.576,157.26,157.26,38558901
2/21/2018,157.967,159.575,156.721,156.82,42648756
2/22/2018,157.497,158.318,156.4,156.8,38075569
2/23/2018,157.967,159.996,157.418,159.996,52595179
2/26/2018,160.731,162.133,160.625,162.133,40594648
2/27/2018,162.152,162.438,160.035,160.115,44364804
2/28/2018,161.037,161.575,158.977,159.076,45128354
3/1/2018,159.154,159.899,155.086,156.498,80731262
3/2/2018,154.682,158.184,154.074,157.897,60377791
3/5/2018,157.231,160.085,156.595,159.674,40507791
3/6/2018,160.417,160.898,159.338,160.36,30986010
3/7/2018,159.126,160.858,158.85,160.731,36376313
3/8/2018,161.32,161.751,160.751,161.634,27146982
3/9/2018,162.799,164.752,162.528,164.752,40266406
3/12/2018,165.202,166.007,164.859,165.615,39556340
3/13/2018,166.311,166.683,162.956,163.357,58479447
3/14/2018,164.202,164.348,162.635,163.33,42605875
3/15/2018,163.476,164.153,162.607,163.185,30281214
3/16/2018,163.426,163.84,162.643,162.72,32768398
3/19/2018,161.221,161.281,157.821,159.232,74917118
3/20/2018,159.232,160.143,158.77,159.761,35756680
3/21/2018,159.358,160.838,158.358,159.056,46027416
3/22/2018,156.959,157.947,154.949,155.153,69893153
3/23/2018,154.959,155.645,150.988,151.066,84062392
3/26/2018,154.064,156.86,151.694,156.671,60317177
3/27/2018,157.781,157.801,150.252,151.615,82780856
3/28/2018,150.811,152.29,148.694,149.831,93778433
3/29/2018,150.694,154.094,149.262,152.606,72081304
4/2/2018,151.535,152.261,146.655,148.186,89769764
4/3/2018,149.537,150.487,147.185,149.841,67251732
4/4/2018,147.026,152.703,146.811,152.261,69013187
4/5/2018,153.724,153.967,152.008,153.105,45178849
4/6/2018,151.487,152.928,148.546,149.253,62824410
4/9/2018,150.576,153.3,150.037,150.301,43692089
4/10/2018,152.606,154.114,151.605,153.605,50998920
4/11/2018,152.674,154.38,152.576,152.751,43675441
4/12/2018,153.694,155.124,153.556,154.585,31970928
4/13/2018,155.359,155.605,153.125,153.763,46805338
4/16/2018,154.81,155.536,153.869,154.959,29570992
4/17/2018,156.478,158.625,156.213,158.271,37289149
4/18/2018,158.29,159.134,157.527,158.605,31032817
4/19/2018,157.831,158.164,156.613,157.164,36417790
4/20/2018,156.76,156.869,154.114,154.663,51624130
4/23/2018,155.427,156.055,153.437,154.272,34670606
4/24/2018,154.979,155.261,149.969,151.017,73722651
4/25/2018,151.35,151.84,149.094,151.204,54658990
4/26/2018,153.165,154.89,152.654,154.37,45127079
4/27/2018,156.623,156.681,153.566,154.468,53561476
4/30/2018,154.84,155.82,152.997,153.359,37372243
5/1/2018,152.977,155.153,152.615,155.133,38314811
5/2/2018,155.447,155.898,154.016,154.203,40553364
5/3/2018,153.487,154.76,151.752,154.184,63313683
5/4/2018,153.507,157.478,153.397,157.124,43592652
5/7/2018,157.821,158.927,157.702,158.408,34103447
5/8/2018,158.006,158.595,157.115,158.242,27324782
5/9/2018,158.566,160.105,157.957,159.987,30559399
5/10/2018,160.516,161.791,160.389,161.674,28402892
5/11/2018,161.407,161.9,160.798,161.515,25906794
5/14/2018,161.88,162.799,161.525,161.801,22898257
5/15/2018,160.486,160.586,159.116,159.977,51796742
5/16/2018,160.202,161.426,160.115,161.046,24072891
5/17/2018,160.486,161.664,159.634,160.417,28835813
5/18/2018,159.82,160.36,159.338,159.585,27511320
5/21/2018,160.808,161.555,159.79,160.486,24086960
5/22/2018,161.212,161.505,159.987,160.281,20438594
5/23/2018,159.046,161.674,159.027,161.654,27867984
5/24/2018,161.614,161.89,159.948,161.604,29062862
5/25/2018,161.595,162.319,161.271,161.771,28815218
5/29/2018,160.977,161.959,160.065,161.037,43253953
5/30/2018,161.683,162.468,161.281,162.172,23783986
5/31/2018,162.142,163.135,161.683,162.083,37430662
6/1/2018,162.847,164.713,162.839,164.625,47790072
6/4/2018,165.015,166.144,164.926,166.115,21468945
6/5/2018,166.465,166.879,165.877,166.604,26001690
6/6/2018,166.79,167.614,165.957,167.584,26271754
6/7/2018,167.634,167.653,165.378,166.232,41553875
6/8/2018,165.398,166.644,165.035,166.242,33348134
6/11/2018,166.115,167.084,166.095,166.674,23420783
6/12/2018,166.899,167.721,166.722,167.555,23622385
6/13/2018,167.81,168.819,167.172,167.545,39726223
6/14/2018,168.319,169.533,168.21,169.271,37687779
6/15/2018,168.663,168.996,167.829,168.663,52063370
6/18/2018,167.634,168.711,167.064,168.566,33122446
6/19/2018,166.415,168.134,165.897,168.094,40036101
6/20/2018,168.848,169.976,168.711,169.301,34593434
6/21/2018,169.701,169.879,167.476,167.81,45515931
6/22/2018,168.388,168.447,166.83,167.437,31488998
6/25/2018,165.947,166.163,162.172,163.663,81462449
6/26/2018,164.26,165.262,163.663,164.328,40844606
6/27/2018,164.995,165.77,162.007,162.113,55331312
6/28/2018,161.919,164.056,161.585,163.486,48592530
6/29/2018,164.26,165.134,163.692,163.938,38122534
7/2/2018,162.399,165.075,162.053,165.025,33265722
7/3/2018,165.605,165.644,162.966,163.106,26713815
7/5/2018,164.183,165.262,163.33,165.134,33115124
7/6/2018,165.507,167.839,165.202,167.711,38747754
7/9/2018,168.556,169.281,167.917,169.241,28650236
7/10/2018,169.445,169.731,168.77,169.37,25027789
7/11/2018,168.055,169.125,167.897,168.487,31706125
7/12/2018,169.261,171.388,169.134,171.388,29245036
7/13/2018,171.349,171.811,170.906,171.534,29389368
7/16/2018,171.564,171.861,170.838,171.124,22413046
7/17/2018,169.35,172.534,169.331,172.161,32495125
7/18/2018,172.171,172.329,171.32,171.841,24314050
7/19/2018,171.282,171.791,170.779,170.985,32558022
7/20/2018,171.494,172.072,170.75,170.945,37598109
7/23/2018,170.427,171.564,169.751,171.485,23229150
7/24/2018,173.23,173.849,171.485,172.191,38637504
7/25/2018,172.251,174.711,172.181,174.603,37717956
7/26/2018,172.241,172.798,171.721,171.956,42797761
7/27/2018,173.115,173.151,168.663,169.643,62255220
7/30/2018,169.672,169.741,166.425,167.231,63026810
7/31/2018,167.849,169.182,166.949,168.517,49511267
8/1/2018,168.926,169.662,168.19,169.172,38848641
8/2/2018,167.967,171.661,167.887,171.455,49399327
8/3/2018,171.711,171.996,171.035,171.986,30296646
8/6/2018,171.88,173.045,171.661,172.995,25976728
8/7/2018,173.467,173.937,173.115,173.632,31303114
8/8/2018,173.389,174.142,172.918,173.819,23748534
8/9/2018,173.751,174.417,173.476,173.721,19740470
8/10/2018,172.564,173.075,171.751,172.408,35410598
8/13/2018,172.731,173.809,172.132,172.211,27317443
8/14/2018,172.868,173.495,171.946,173.29,21897581
8/15/2018,171.996,172.466,170.114,171.173,61283448
8/16/2018,172.456,172.848,171.398,171.731,29016401
8/17/2018,171.3,172.201,170.249,171.771,37791842
8/20/2018,172.171,172.211,170.955,171.623,26113054
8/21/2018,172.151,173.28,172.035,172.251,27494887
8/22/2018,171.87,173.125,171.671,172.918,18891794
8/23/2018,172.653,173.849,172.388,172.682,26989680
8/24/2018,173.24,174.417,173.2,174.27,24225335
8/27/2018,175.18,176.045,174.879,176.045,30725013
8/28/2018,176.474,176.682,175.937,176.3,21231655
8/29/2018,176.573,178.446,176.534,178.349,30549145
8/30/2018,178.036,179.112,177.437,178.036,30695591
8/31/2018,177.817,178.779,177.624,178.261,30002210
9/4/2018,177.739,178.026,176.524,177.496,30431815
9/5/2018,177.2,177.2,174.603,175.199,44629986
9/6/2018,175.289,175.487,172.466,173.641,48261335
9/7/2018,172.417,174.456,172.329,172.965,48824759
9/10/2018,173.918,174.045,172.604,173.553,27362241
9/11/2018,172.828,175.171,172.408,174.889,31534308
9/12/2018,174.651,174.76,172.868,174.368,37908415
9/13/2018,175.418,176.543,175.388,176.222,32598903
9/14/2018,176.348,176.603,175.024,175.718,32694127
9/17/2018,175.408,175.546,173.025,173.18,34628152
9/18/2018,173.359,175.477,173.24,174.623,33378100
9/19/2018,174.641,175.054,173.349,174.486,33342527
9/20/2018,175.68,176.632,175.269,176.406,34863349
9/21/2018,176.927,177.13,175.229,175.457,40422849
9/24/2018,174.172,176.007,173.467,175.937,36525072
9/25/2018,175.827,176.3,175.259,176.162,26420015
9/26/2018,176.27,177.956,175.947,176.29,37847215
9/27/2018,177.026,178.436,176.907,177.797,34609921
9/28/2018,177.23,178.231,176.957,177.758,29345860
10/1/2018,178.76,179.437,177.671,178.121,28608425
10/2/2018,177.916,179.103,177.299,177.72,26776518
10/3/2018,178.465,178.907,177.633,177.916,30445242
10/4/2018,177.2,177.299,173.23,174.496,84198309
10/5/2018,174.505,175.054,170.711,172.359,87091781
10/8/2018,171.613,172.828,169.301,171.31,69886623
10/9/2018,171.445,173.19,171.025,171.861,51317077
10/10/2018,170.808,170.896,164.084,164.298,119644915
10/11/2018,163.644,165.897,160.556,162.27,149551594
10/12/2018,166.455,167.291,163.546,166.772,106692126
10/15/2018,166.173,166.505,164.143,164.762,67817937
10/16/2018,166.485,169.967,166.182,169.563,75233027
10/17/2018,170.437,170.547,167.887,169.633,70015345
10/18/2018,168.976,169.055,164.975,165.683,86214419
10/19/2018,166.839,168.457,164.926,165.525,86671718
10/22/2018,166.525,167.672,165.114,166.388,55300675
10/23/2018,163.396,166.584,161.535,165.77,81072845
10/24/2018,165.624,165.857,157.878,158.174,107652727
10/25/2018,160.731,164.645,159.929,163.663,87254246
10/26/2018,158.076,162.625,157.134,159.448,136890531
10/29/2018,161.861,162.528,153.175,156.173,116928320
10/30/2018,155.782,158.85,155.009,158.741,96768574
10/31/2018,161.271,163.85,161.261,162.488,77165542
11/1/2018,162.74,164.781,161.495,164.625,55089065
11/2/2018,164.114,165.085,160.947,162.063,79400324
11/5/2018,162.28,162.329,159.849,161.674,41362177
11/6/2018,161.644,163.79,161.436,162.887,35965671
11/7/2018,164.79,167.997,164.438,167.997,53482376
11/8/2018,167.191,167.721,166.125,166.899,42117863
11/9/2018,165.339,165.75,162.819,164.104,52889854
11/12/2018,162.976,163.252,158.987,159.126,65406787
11/13/2018,159.919,162.162,158.82,159.261,67026539
11/14/2018,160.828,161.417,157.154,158.036,78672798
11/15/2018,157.702,161.261,156.39,160.828,76565299
11/16/2018,159.281,161.037,158.605,160.261,68346202
11/19/2018,159.526,159.674,154.557,155.057,70321421
11/20/2018,151.535,154.399,150.321,152.3,107292496
11/21/2018,154.312,154.969,152.37,153.427,44907811
11/23/2018,152.241,153.869,152.241,152.35,24566051
11/26/2018,154.458,155.938,153.791,155.868,43911519
11/27/2018,154.999,156.76,154.203,156.371,38262675
11/28/2018,157.497,161.417,156.41,161.417,73311219
11/29/2018,160.741,161.959,159.605,160.878,46914454
11/30/2018,161.106,162.152,160.301,162.053,38382555
12/3/2018,165.605,165.809,162.182,164.867,53066472
12/4/2018,163.978,164.477,158.348,158.547,73785486
12/6/2018,155.447,159.683,154.77,159.674,74956925
12/7/2018,158.937,159.889,153.889,154.399,84067550
12/10/2018,154.134,156.691,152.528,156.035,77303637
12/11/2018,158.488,158.595,155.222,156.537,61727610
12/12/2018,158.869,160.36,157.801,157.888,56210739
12/13/2018,158.869,159.605,156.939,157.937,48474051
12/14/2018,156.144,156.721,153.734,154.104,59103248
12/17/2018,153.467,154.672,149.41,150.614,78216426
12/18/2018,151.83,153.036,150.232,151.585,66518614
12/19/2018,151.409,153.754,146.725,147.86,85556205
12/20/2018,147.508,149.114,143.88,145.715,103476838
12/21/2018,146.448,147.439,140.359,141.196,147508175
12/24/2018,140.213,141.997,137.646,137.686,58534687
12/26/2018,139.244,146.37,138.232,146.293,103161408
12/27/2018,144.468,146.987,141.126,146.87,89448127
12/28/2018,147.782,149.272,145.576,146.792,81143985
12/31/2018,148.196,148.694,146.536,148.007,55253793
1/2/2019,144.859,149.43,144.752,148.595,61049969
1/3/2019,146.428,147.066,143.429,143.745,77979380
1/4/2019,146.027,150.634,145.596,149.88,77863790
1/7/2019,150.184,152.429,149.772,151.704,54257444
1/8/2019,153.105,153.605,150.831,153.066,51474046
1/9/2019,153.644,154.979,153.017,154.302,48454780
1/10/2019,153.135,154.83,152.29,154.741,40587732
1/11/2019,153.811,154.341,153.31,154.174,31450798
1/14/2019,152.869,153.477,152.193,152.82,32006919
1/15/2019,153.487,156.025,153.427,155.82,42600066
1/16/2019,156.055,157.154,155.735,155.792,35239850
1/17/2019,155.291,157.692,155.028,157.008,40989554
1/18/2019,158.145,159.281,157.192,158.547,59597706
1/22/2019,157.408,157.487,154.243,155.389,59106247
1/23/2019,156.173,156.889,153.811,155.595,39715024
1/24/2019,156.075,156.82,155.506,156.585,33781948
1/25/2019,157.791,158.927,157.31,158.448,38005785
1/28/2019,156.429,156.517,155.202,156.507,34905322
1/29/2019,156.585,156.623,154.468,155.028,32083984
1/30/2019,156.77,159.536,156.291,158.957,43092319
1/31/2019,159.899,162.152,159.722,161.359,38831528
2/1/2019,160.596,161.791,160.231,160.674,33500883
2/4/2019,160.731,162.672,160.556,162.672,27846935
2/5/2019,162.877,164.288,162.829,164.104,29345222
2/6/2019,164.133,164.428,162.877,163.614,29150992
2/7/2019,162.182,162.597,160.192,161.426,43811098
2/8/2019,159.977,161.781,159.82,161.751,30246097
2/11/2019,162.29,162.72,161.185,161.595,22339104
2/12/2019,162.73,164.212,162.478,163.978,30977036
2/13/2019,164.665,165.163,163.908,164.084,27195914
2/14/2019,163.476,164.859,162.956,164.278,31607326
2/15/2019,165.507,165.555,164.212,164.966,33894857
2/19/2019,164.448,165.789,164.438,165.282,20310514
2/20/2019,165.427,166.066,164.378,165.252,33969176
2/21/2019,164.799,165.262,163.8,164.665,26271740
2/22/2019,165.005,165.997,164.926,165.877,28906436
2/25/2019,167.132,167.584,166.368,166.485,33985602
2/26/2019,166.027,167.181,165.799,166.654,22866082
2/27/2019,165.907,166.752,164.79,166.554,26224434
2/28/2019,166.027,166.762,165.692,166.163,26144662
3/1/2019,167.341,167.574,166.153,167.321,32758281
3/4/2019,168.27,168.672,165.467,167.35,39670620
3/5/2019,167.447,167.997,166.634,167.476,23262280
3/6/2019,167.604,167.672,166.251,166.525,28342825
3/7/2019,166.076,166.153,163.879,164.486,41071353
3/8/2019,162.653,164.318,162.478,164.24,40962737
3/11/2019,164.887,167.771,164.877,167.653,31806993
3/12/2019,168.084,169.015,167.691,168.576,35387128
3/13/2019,169.455,170.721,169.222,169.84,44217503
3/14/2019,169.947,170.161,169.505,169.553,24754342
3/15/2019,170.239,171.632,170.104,171.124,39804548
3/18/2019,171.045,172.044,170.711,171.524,34264165
3/19/2019,172.201,173.015,171.368,172.092,38382109
3/20/2019,172.102,173.839,171.329,172.788,52126896
3/21/2019,172.28,175.738,172.241,175.487,44140609
3/22/2019,174.721,175.199,171.445,171.632,73651335
3/25/2019,171.025,171.898,170.074,171.31,48206353
3/26/2019,172.614,173.681,171.233,172.092,34589792
3/27/2019,172.309,172.749,169.751,171.005,38593668
3/28/2019,171.435,172.035,170.368,171.388,31593694
3/29/2019,172.663,172.848,171.661,172.692,36626170
4/1/2019,174.387,175.19,173.751,174.987,32219190
4/2/2019,175.161,175.807,174.741,175.641,23558956
4/3/2019,176.593,177.748,176.095,176.632,32909989
4/4/2019,176.662,177.338,175.566,176.563,29682139
4/5/2019,177.14,177.605,176.868,177.496,26710717
4/8/2019,177.21,178.094,176.494,177.956,23613464
4/9/2019,177.338,177.936,176.937,177.319,26666217
4/10/2019,177.585,178.339,177.358,178.28,25554155
4/11/2019,178.573,178.583,177.526,177.857,21487555
4/12/2019,178.661,178.75,177.886,178.631,25997527
4/15/2019,178.611,178.869,177.457,178.661,21923412
4/16/2019,179.289,179.681,178.73,179.279,28293146
4/17/2019,180.468,180.631,179.377,179.907,30848112
4/18/2019,180.208,180.507,179.085,180.121,29734195
4/22/2019,179.318,180.689,179.21,180.622,18659810
4/23/2019,181.065,183.142,180.826,182.915,35024078
4/24/2019,183.044,183.31,182.287,182.347,25985015
4/25/2019,183.729,183.799,182.103,183.024,30708623
4/26/2019,182.807,183.29,181.28,183.25,27423230
4/29/2019,183.22,183.888,182.945,183.602,22592562
4/30/2019,182.132,182.486,180.906,182.188,32766215
5/1/2019,183.358,183.888,181.454,181.592,36201286
5/2/2019,181.543,182.486,179.641,180.808,45890110
5/3/2019,182.327,183.829,181.987,183.69,31612362
5/6/2019,179.859,182.807,179.535,182.575,39920204
5/7/2019,180.566,181.359,177.348,179.035,61191638
5/8/2019,178.484,179.927,177.787,178.573,38665061
5/9/2019,176.613,178.221,175.024,177.605,57585288
5/10/2019,176.907,178.691,174.005,177.827,60888133
5/13/2019,173.309,174.23,171.153,171.651,69896930
5/14/2019,172.544,174.594,171.917,173.544,45110378
5/15/2019,172.427,176.416,172.349,175.987,42596793
5/16/2019,176.007,178.869,175.847,177.758,40866280
5/17/2019,175.997,178.388,175.788,175.937,46506159
5/20/2019,173.514,174.152,172.378,172.965,40166264
5/21/2019,174.466,175.259,173.898,174.789,32889509
5/22/2019,173.79,175.014,173.731,173.995,25314447
5/23/2019,172.054,172.072,170.268,171.329,47181382
5/24/2019,172.339,172.868,171.045,171.252,26948550
5/28/2019,171.731,172.692,170.586,170.606,25763122
5/29/2019,169.613,170.143,168.299,169.222,43880823
5/30/2019,169.691,170.398,168.966,169.918,31579705
5/31/2019,167.937,168.497,167.113,167.191,47280109
6/3/2019,166.781,167.191,162.71,163.526,78902776
6/4/2019,165.292,168.19,164.722,168.134,49726647
6/5/2019,169.751,169.761,167.614,169.397,35801361
6/6/2019,169.672,171.134,168.926,170.721,31120300
6/7/2019,171.573,174.721,171.407,174.015,47740088
6/10/2019,175.161,177.681,175.142,176.035,43055311
6/11/2019,177.896,178.211,175.69,176.27,42925307
6/12/2019,175.788,176.152,174.947,175.269,28878250
6/13/2019,176.016,176.722,175.651,176.29,24672841
6/14/2019,175.369,176.007,174.889,175.556,23765922
6/17/2019,175.907,177.091,175.748,176.593,21201855
6/18/2019,178.681,180.438,178.241,179.19,50121411
6/19/2019,179.506,180.258,178.379,179.869,32950958
6/20/2019,182.357,182.397,179.917,181.513,42573300
6/21/2019,181.26,182.407,180.866,181.26,41593759
6/24/2019,181.602,181.799,181.171,181.27,20112162
6/25/2019,181.171,181.25,177.886,178.151,35211339
6/26/2019,179.328,180.468,178.701,178.995,23455174
6/27/2019,179.661,180.093,179.19,179.691,20458890
6/28/2019,180.103,180.298,179.269,179.917,21984823
7/1/2019,183.32,183.582,181.463,182.317,32379868
7/2/2019,182.257,183.054,181.74,183.034,18721777
7/3/2019,183.465,184.416,183.31,184.416,16392733
7/5/2019,183.172,184.377,182.446,184.044,22230186
7/8/2019,182.886,182.895,182.006,182.749,18268216
7/9/2019,181.867,183.897,181.73,183.671,19923543
7/10/2019,184.759,186.024,184.445,185.515,29453769
7/11/2019,185.819,186.258,184.779,185.377,24638952
7/12/2019,185.581,186.455,185.407,186.446,20980664
7/15/2019,186.866,187.074,186.357,187.035,16199668
7/16/2019,186.759,186.975,185.515,186.082,20958874
7/17/2019,186.132,186.407,185.142,185.161,17402746
7/18/2019,184.288,185.739,183.699,185.377,30171905
7/19/2019,186.719,186.729,183.819,184.004,30505746
7/22/2019,184.475,185.878,184.416,185.486,19674518
7/23/2019,186.495,186.71,185.249,186.69,24691480
7/24/2019,186.004,188.023,185.964,188.013,21199677
7/25/2019,187.357,187.396,185.868,186.23,24326109
7/26/2019,187.396,188.376,187.308,188.132,21208368
7/29/2019,188.042,188.042,186.308,187.495,21229552
7/30/2019,186.092,187.415,185.925,186.68,19416472
7/31/2019,187.19,187.308,182.377,184.093,43210819
8/1/2019,184.485,187.847,182.287,183.172,65657493
8/2/2019,181.897,182.066,179.407,180.487,57314132
8/5/2019,176.771,176.771,172.634,174.103,77894199
8/6/2019,175.699,177.053,174.436,176.534,43490857
8/7/2019,174.681,177.748,173.299,177.496,51892033
8/8/2019,178.369,181.406,177.807,181.368,39879358
8/9/2019,180.458,181.114,178.251,179.681,34887280
8/12/2019,178.553,179.103,176.762,177.595,25580186
8/13/2019,177.516,182.72,177.269,181.473,42012481
8/14/2019,178.523,179.151,175.738,176.055,52940409
8/15/2019,176.386,176.849,174.525,175.857,38249739
8/16/2019,177.358,179.151,177.348,178.691,36108093
8/19/2019,181.143,181.907,180.622,181.513,23427058
8/20/2019,181.114,181.72,180.074,180.121,20697975
8/21/2019,181.74,182.287,181.075,181.71,21534553
8/22/2019,182.056,182.516,179.721,181.134,25193676
8/23/2019,179.937,181.533,174.917,175.408,57551724
8/26/2019,177.437,178.094,176.357,178.046,28743051
8/27/2019,179.279,179.611,176.967,177.671,29148151
8/28/2019,177.091,178.611,176.192,178.309,22679831
8/29/2019,180.507,181.543,179.849,181.035,26394358
8/30/2019,182.016,182.046,179.602,180.593,27334344
9/3/2019,179.456,180.328,178.251,178.859,29092640
9/4/2019,180.556,181.573,180.065,181.416,22500818
9/5/2019,183.407,185.277,183.358,184.749,35356542
9/6/2019,184.994,185.132,184.161,184.564,20229062
9/9/2019,185.142,185.229,183.24,184.181,25335949
9/10/2019,183.211,183.749,181.987,183.651,24647844
9/11/2019,183.975,185.486,183.572,185.387,26016939
9/12/2019,186.553,187.582,185.906,186.16,29781129
9/13/2019,185.888,186.317,185.249,185.495,28722245
9/16/2019,184.288,185.044,184.103,184.651,21091841
9/17/2019,184.67,185.552,184.278,185.552,21916757
9/18/2019,185.161,185.552,183.132,185.477,32358758
9/19/2019,185.799,186.936,185.427,185.789,27211985
9/20/2019,186.044,186.24,183.182,183.809,31277613
9/23/2019,183.749,184.426,183.122,183.878,23741877
9/24/2019,184.719,185.132,180.64,181.436,42574807
9/25/2019,181.27,183.955,179.76,183.474,37812021
9/26/2019,183.27,183.397,181.445,182.789,28002263
9/27/2019,183.102,183.23,179.318,180.527,42271900
9/30/2019,181.23,182.545,180.886,182.257,27515164
10/1/2019,182.945,183.965,180.468,180.759,33839945
10/2/2019,179.573,180.699,176.652,177.662,50692003
10/3/2019,177.681,179.75,175.507,179.631,41037120
10/4/2019,180.497,182.516,180.398,182.257,33930738
10/7/2019,181.691,183.142,181.378,181.701,22174477
10/8/2019,180.507,181.339,178.849,178.995,34396172
10/9/2019,180.468,181.543,179.965,180.719,21578204
10/10/2019,180.739,182.836,180.612,182.132,27653921
10/11/2019,184.171,185.945,184.093,184.465,42919054
10/14/2019,184.191,185.044,184.014,184.445,15925712
10/15/2019,184.994,187.239,184.907,186.807,24589573
10/16/2019,186.19,186.817,185.759,186.347,21433370
10/17/2019,187.445,187.759,186.122,186.836,19851047
10/18/2019,186.563,186.956,184.073,185.034,28716089
10/21/2019,185.964,186.807,185.477,186.68,16439731
10/22/2019,187.327,187.681,185.132,185.191,23815871
10/23/2019,184.779,185.591,184.505,185.552,15744992
10/24/2019,186.906,187.475,186.053,187.357,19957128
10/25/2019,186.397,188.935,186.357,188.837,22280699
10/28/2019,189.74,190.965,189.72,190.721,19520036
10/29/2019,190.397,190.691,189.2,189.23,19237601
10/30/2019,189.592,190.474,188.504,190.151,22547146
10/31/2019,190.711,190.799,189.131,190.239,27765829
11/1/2019,191.062,191.965,190.779,191.955,22927930
11/4/2019,193.24,193.562,191.945,193.151,19699831
11/5/2019,193.387,193.581,192.613,193.25,15590152
11/6/2019,193.031,193.051,191.868,192.818,20434986
11/7/2019,193.787,194.731,192.905,193.465,18473763
11/8/2019,193.071,194.267,192.603,194.247,15821849
11/11/2019,193.27,194.064,192.992,193.985,10553645
11/12/2019,194.152,195.2,193.847,194.552,15309838
11/13/2019,193.867,194.79,193.737,194.602,16689810
11/14/2019,193.857,194.572,193.26,194.444,17669157
11/15/2019,195.59,195.886,195.001,195.886,19097583
11/18/2019,195.59,196.327,194.78,196.033,19070938
11/19/2019,196.749,196.749,195.57,196.307,17608947
11/20/2019,195.827,196.387,193.649,195.15,38026552
11/21/2019,194.943,195.071,194.093,194.711,18579428
11/22/2019,195.17,195.309,193.767,194.838,17815574
11/25/2019,195.65,197.16,195.65,197.12,18434771
11/26/2019,197.219,197.748,196.955,197.503,15345721
11/27/2019,198.002,198.897,197.768,198.877,17550129
11/29/2019,198.445,198.678,197.877,197.974,10209008
12/2/2019,197.983,198.051,194.79,195.964,29132497
12/3/2019,193.357,194.503,187.054,194.424,32555735
12/4/2019,195.475,195.886,195.14,195.417,15888397
12/5/2019,196.092,196.092,194.847,195.808,15579709
12/6/2019,197.15,198.022,197.051,197.877,17157970
12/9/2019,197.523,198.455,196.888,196.975,14536895
12/10/2019,197.071,197.758,196.377,196.808,22635619
12/11/2019,197.268,198.061,196.945,197.857,19577487
12/12/2019,197.659,200.122,197.387,199.347,33880969
12/13/2019,199.198,200.69,198.807,199.993,33704613
12/16/2019,201.267,202.259,201.247,202.012,22134692
12/17/2019,202.23,202.434,201.797,202.13,16611393
12/18/2019,202.327,202.837,202.072,202.278,16048014
12/19/2019,202.366,203.61,202.347,203.553,18535615
12/20/2019,204.444,205.132,203.925,204.347,28686940
12/23/2019,205.102,205.218,204.717,204.885,24601109
12/24/2019,205.043,205.16,204.532,204.993,7328046
12/26/2019,205.326,206.846,205.296,206.828,17737884
12/27/2019,207.552,207.562,206.091,206.649,18753955
12/30/2019,206.551,206.669,204.258,205.276,22565970
12/31/2019,204.708,205.817,204.297,205.669,18815303
1/2/2020,207.404,209.119,207.011,209.119,32060659
1/3/2020,206.335,208.443,206.325,207.208,28460997
1/6/2020,205.552,208.559,205.306,208.531,22459573
1/7/2020,208.609,209.099,207.845,208.501,23900581
1/8/2020,208.443,211.03,208.14,210.062,27356527
1/9/2020,211.777,212.257,210.611,211.854,24438423
1/10/2020,212.591,212.699,210.933,211.306,22653543
1/13/2020,212.16,213.768,211.844,213.738,23616422
1/14/2020,213.54,213.991,212.571,212.893,25401899
1/15/2020,212.991,213.981,212.297,212.982,26610051
1/16/2020,214.021,215.071,213.59,215.032,19439020
1/17/2020,215.961,216.267,214.873,216.089,25145357
1/21/2020,215.461,216.54,215.392,216.001,21859269
1/22/2020,217.061,217.814,216.297,216.57,21435588
1/23/2020,216.413,217.365,215.431,217.266,27389505
1/24/2020,218.257,218.509,214.443,215.431,38698759
1/27/2020,210.62,212.131,210.092,210.991,43689481
1/28/2020,212.432,214.725,211.923,214.228,27633215
1/29/2020,215.392,215.659,213.62,214.581,30043074
1/30/2020,213.169,215.431,212.521,215.335,40902241
1/31/2020,216.207,216.267,211.169,211.933,53769691
2/3/2020,212.952,215.609,212.806,215.131,26327042
2/4/2020,218.051,220.432,217.336,220.061,31726051
2/5/2020,222.706,222.736,219.454,220.778,39834126
2/6/2020,221.305,222.736,220.538,222.679,23224618
2/7/2020,221.678,222.923,221.077,221.717,26757716
2/10/2020,220.973,224.412,220.924,224.402,22203146
2/11/2020,225.609,226.394,223.844,224.442,31216192
2/12/2020,225.736,226.735,225.207,226.628,25296392
2/13/2020,225.04,227.265,224.786,226.345,23541020
2/14/2020,226.638,227.196,225.942,226.993,24228825
2/18/2020,225.863,227.501,225.649,227.078,25348045
2/19/2020,228.373,229.716,228.157,229.255,22980025
2/20/2020,228.755,229.226,224.314,227.118,44040530
2/21/2020,226.03,226.384,221.833,222.756,68285963
2/24/2020,214.611,216.932,213.07,214.168,87372467
2/25/2020,215.913,216.68,207.737,208.346,101038661
2/26/2020,209.591,213.09,207.894,209.404,83110966
2/27/2020,204.148,209.356,198.797,198.936,125930151
2/28/2020,192.425,200.404,191.689,199.09,154279356
3/2/2020,202.072,209.494,199.228,209.346,116741828
3/3/2020,210.022,212.442,200.848,202.659,136402729
3/4/2020,206.365,211.218,204.463,211.109,75550516
3/5/2020,205.748,209.296,203.257,204.678,81359234
3/6/2020,197.993,202.337,196.287,201.237,92857207
3/9/2020,187.17,194.611,185.848,187.259,120349546
3/10/2020,194.562,197.629,187.367,197.445,103991216
3/11/2020,192.838,194.207,186.455,188.846,92175359
3/12/2020,176.132,184.555,171.173,171.534,142467710
3/13/2020,180.965,188.132,172.319,186.073,139429906
3/16/2020,168.477,178.661,163.654,163.79,95158256
3/17/2020,169.741,178.379,164.25,176.182,125345632
3/18/2020,165.997,173.379,161.359,170.838,118005419
3/19/2020,169.957,177.506,166.017,171.87,124972846
3/20/2020,175.807,176.897,164.555,165.114,122995765
3/23/2020,165.702,168.916,159.909,165.252,128551769
3/24/2020,174.436,178.241,172.534,178.075,97859777
3/25/2020,178.819,183.739,174.505,176.742,91540600
3/26/2020,178.28,186.866,178.026,186.063,82394942
3/27/2020,181.24,184.71,179.055,179.681,60691903
3/30/2020,181.396,186.641,180.66,186.2,50906068
3/31/2020,185.711,189.309,183.435,184.602,64625910
4/1/2020,179.2,181.947,175.359,176.752,55401305
4/2/2020,176.055,184.307,175.467,180.358,58237588
4/3/2020,179.869,181.378,175.778,177.787,48978083
4/6/2020,184.583,191.631,183.426,190.503,66796208
4/7/2020,196.003,196.484,190.033,190.425,72098523
4/8/2020,192.044,195.061,190.2,194.474,47382342
4/9/2020,196.112,197.021,192.963,194.761,70468367
4/13/2020,193.837,197.219,192.69,196.838,44198975
4/14/2020,200.867,206.032,200.141,205.405,65967020
4/15/2020,202.14,205.385,200.819,203.062,48512238
4/16/2020,205.326,207.845,203.316,206.768,66686720
4/17/2020,209.375,209.914,205.621,208.748,64836270
4/20/2020,206.788,209.306,206.101,206.268,39449627
4/21/2020,204.208,204.727,197.425,198.651,75221863
4/22/2020,202.777,205.885,201.992,204.542,41450150
4/23/2020,205.346,207.904,203.699,204.101,44636896
4/24/2020,204.512,207.776,203.13,207.336,35380020
4/27/2020,209.591,210.032,207.972,209.012,37595784
4/28/2020,210.66,210.708,204.766,205.052,48333667
4/29/2020,209.621,213.268,208.599,212.334,50245436
4/30/2020,213.308,213.337,210.738,212.247,44720371
5/1/2020,208.012,210.072,205.228,206.268,50326463
5/4/2020,205.16,208.906,204.688,208.679,33871780
5/5/2020,210.787,213.431,210.248,211.04,38968947
5/6/2020,212.699,214.317,211.472,212.334,37599412
5/7/2020,215.003,215.951,213.708,215.071,39837128
5/8/2020,216.747,218.16,215.708,218.031,32967662
5/11/2020,216.698,220.993,216.453,219.972,36835061
5/12/2020,220.548,221.157,215.325,215.354,42342661
5/13/2020,215.877,217.786,210.112,212.669,67577678
5/14/2020,211.482,215.121,209.404,215.081,53167290
5/15/2020,212.111,216.531,211.688,216.473,57496908
5/18/2020,219.395,221.717,218.609,220.499,43934532
5/19/2020,220.728,222.854,219.814,219.962,37374659
5/20/2020,222.501,224.706,222.501,224.343,38591382
5/21/2020,224.442,225.069,221.394,221.903,45012699
5/22/2020,221.503,222.874,220.568,222.669,29665137
5/26/2020,226.345,226.471,221.823,222.071,34092832
5/27/2020,221.552,223.393,217.13,223.276,57412704
5/28/2020,222.081,226.374,222.081,222.981,44358355
5/29/2020,223.413,226.501,221.794,226.266,52475488
6/1/2020,225.334,227.314,224.943,226.943,26960567
6/2/2020,227.285,228.52,224.953,228.46,34431198
6/3/2020,229.041,230.237,228.187,229.482,38397172
6/4/2020,229.127,230.549,226.579,227.883,39931253
6/5/2020,228.883,232.992,228.46,232.394,48852200
6/8/2020,232.246,234.324,230.668,234.216,33971086
6/9/2020,233.341,236.745,233.158,235.912,36146226
6/10/2020,237.54,240.263,237.068,238.715,59907466
6/11/2020,234.921,236.168,226.843,226.903,75208114
6/12/2020,231.804,233.091,224.686,228.707,74295695
6/15/2020,225.374,232.158,224.422,231.481,46729403
6/16/2020,236.351,236.951,231.814,235.47,50424575
6/17/2020,236.959,238.029,235.351,236.198,35839920
6/18/2020,235.902,237.088,235.119,236.844,31538398
6/19/2020,239.224,239.479,235.08,236.805,50973291
6/22/2020,236.755,239.765,236.371,239.647,24780978
6/23/2020,241.255,243.942,240.697,241.695,33737106
6/24/2020,240.862,242.157,235.208,236.696,47394684
6/25/2020,236.894,239.254,234.226,238.951,38034058
6/26/2020,238.677,238.881,232.794,233.321,54387874
6/29/2020,233.091,235.882,230.519,235.872,35395198
6/30/2020,235.804,241.029,235.619,240.481,40060721
7/1/2020,240.539,244.294,239.971,243.294,35715824
7/2/2020,245.694,246.95,244.481,244.941,32902235
7/6/2020,248.116,251.49,248.087,250.961,35612697
7/7/2020,250.673,253.392,248.941,249.233,37660706
7/8/2020,250.577,252.549,249.136,252.519,31326725
7/9/2020,254.361,255.312,250.224,254.646,41505949
7/10/2020,254.468,256.625,251.812,256.372,33858524
7/13/2020,259.206,262.047,250.284,251.107,66005342
7/14/2020,248.714,253.302,245.491,252.891,74368144
7/15/2020,254.166,255.134,250.088,253.412,56137479
7/16/2020,250.549,252.311,248.274,251.674,49002638
7/17/2020,252.244,252.832,249.772,251.97,36177761
7/20/2020,252.646,259.755,251.351,259.118,41811967
7/21/2020,260.704,260.704,255.557,256.401,44728643
7/22/2020,256.85,258.243,254.998,257.31,30749376
7/23/2020,256.94,257.606,249.184,250.586,52883621
7/24/2020,246.803,249.549,244.108,248.215,55654257
7/27/2020,249.96,253.038,249.078,252.646,37524337
7/28/2020,251.881,252.381,249.145,249.43,32228771
7/29/2020,250.902,253.175,250.49,252.301,28372417
7/30/2020,250.372,254.196,249.184,253.636,43010753
7/31/2020,258.184,258.302,253.362,258.144,55347049
8/3/2020,260.352,262.39,260.174,261.646,33031006
8/4/2020,261.028,262.703,260.392,262.605,25648525
8/5/2020,263.037,263.703,262.203,263.254,22327706
8/6/2020,262.987,267.075,262.43,266.742,28878299
8/7/2020,266.164,266.979,261.507,263.654,46300205
8/10/2020,263.92,264.155,259.009,262.537,36126799
8/11/2020,261.37,262.664,257.02,257.557,44379978
8/12/2020,259.695,264.998,259.695,264.037,40045332
8/13/2020,264.801,266.93,263.693,264.645,32839657
8/14/2020,265.154,265.536,262.928,264.33,31710992
8/17/2020,266.037,267.921,264.369,267.41,25536999
8/18/2020,268.471,270.468,267.008,269.98,24225843
8/19/2020,269.94,271.007,267.654,268.163,32946365
8/20/2020,267.39,272.358,266.959,271.88,28543840
8/21/2020,272.008,274.222,271.439,273.761,35777314
8/24/2020,276.869,277.771,273.173,275.486,37496324
8/25/2020,274.653,277.83,274.251,277.645,35898447
8/26/2020,278.86,283.821,277.615,283.563,43466074
8/27/2020,284.653,285.409,280.399,282.684,50947135
8/28/2020,283.87,284.752,282.565,284.124,28850291
8/31/2020,284.732,288.211,284.202,286.407,37395932
9/1/2020,289.044,291.418,287.301,291.299,37472890
9/2/2020,294.546,294.782,288.35,294.055,52341260
9/3/2020,289.612,290.025,276.232,279.153,113341151
9/4/2020,277.545,280.614,263.979,275.438,127627493
9/8/2020,264.438,270.222,261.92,262.193,102515338
9/9/2020,267.624,271.989,265.144,269.9,66756722
9/10/2020,272.88,274.075,262.773,264.508,71729241
9/11/2020,266.449,267.311,259.236,262.673,73934172
9/14/2020,266.401,269.253,265.104,267.253,39665330
9/15/2020,270.888,272.378,267.223,271.046,43088457
9/16/2020,271.721,272.29,266.371,266.712,43691491
9/17/2020,259.843,266.507,259.019,262.547,83984899
9/18/2020,263.801,264.262,255.077,259.206,88803684
9/21/2020,255.342,260.342,253.008,260.204,58774431
9/22/2020,262.673,265.615,259.263,265.026,42284194
9/23/2020,264.715,264.9,256.047,256.94,50209106
9/24/2020,254.429,261.361,254.089,258.134,72615744
9/25/2020,258.559,264.949,257.08,264.135,56794132
9/28/2020,269.066,269.634,264.242,269.634,60079814
9/29/2020,269.164,270.123,267.852,268.411,27942376
9/30/2020,268.547,273.4,268.331,270.251,50767906
10/1/2020,274.085,275.154,272.184,274.536,51425288
10/2/2020,268.471,274.526,265.969,266.811,77618110
10/5/2020,268.791,272.812,268.681,272.496,28976284
10/6/2020,271.652,273.499,266.752,267.644,51100424
10/7/2020,270.241,273.054,269.713,272.261,28313249
10/8/2020,274.605,274.751,272.645,273.711,26157987
10/9/2020,275.359,277.976,274.987,277.898,31049492
10/12/2020,282.664,289.33,281.555,286.487,81600174
10/13/2020,288.241,288.926,285.104,286.477,66044530
10/14/2020,287.262,288.251,282.329,284.085,38225646
10/15/2020,279.408,282.762,278.713,282.173,43708397
10/16/2020,283.831,285.262,280.281,280.614,41710329
10/19/2020,282.555,283.514,275.066,276.055,37789250
10/20/2020,276.79,279.772,275.222,276.644,33099727
10/21/2020,276.898,279.476,275.949,276.429,30129344
10/22/2020,277.272,278.163,273.133,276.419,33100551
10/23/2020,277.017,277.134,274.075,276.967,25351199
10/26/2020,274.605,277.506,269.203,272.792,39500341
10/27/2020,273.721,275.761,272.536,274.939,31417527
10/28/2020,270.537,271.036,263.96,264.213,54913906
10/29/2020,265.575,271.851,265.064,268.839,44461089
10/30/2020,266.881,267.724,259.785,262.028,67788028
11/2/2020,264.302,266.047,259.685,262.605,41110653
11/3/2020,264.428,269.263,263.429,267.145,44828983
11/4/2020,275.821,280.87,274.163,279.075,77855407
11/5/2020,285.399,287.329,284.026,286.35,53516385
11/6/2020,285.563,287.301,281.908,286.565,42110320
11/9/2020,289.183,290.967,280.252,280.692,88967893
11/10/2020,277.466,278.83,272.939,275.682,70963783
11/11/2020,278.104,282.319,275.646,281.839,37117061
11/12/2020,282.772,284.104,279.408,280.516,35486401
11/13/2020,282.085,283.602,280.006,282.975,25579474
11/16/2020,282.744,285.495,282.065,285.193,31015789
11/17/2020,285.389,285.712,283.642,284.281,22457044
11/18/2020,283.732,285.36,282.094,282.183,28858093
11/19/2020,281.565,284.703,280.946,284.388,23356580
11/20/2020,284.309,285.064,282.358,282.446,26635043
11/23/2020,283.447,284.752,280.202,282.456,27630522
11/24/2020,283.524,286.926,281.712,286.427,25205466
11/25/2020,287.378,288.819,286.545,288.181,23982074
11/27/2020,290.133,291.977,289.751,290.84,17645226
11/30/2020,291.122,291.78,286.731,291.437,28618151
12/1/2020,293.613,296.8,292.613,295.172,28419121
12/2/2020,293.956,295.887,292.141,295.553,24283488
12/3/2020,295.76,297.525,295.241,295.966,23469985
12/4/2020,296.016,297.32,295.341,297.17,19875119
12/7/2020,297.359,299.22,297.17,298.858,21347350
12/8/2020,298.375,300.162,296.623,299.867,18754386
12/9/2020,299.652,299.936,292.016,293.083,50149668
12/10/2020,291.034,295.388,289.936,294.25,28292438
12/11/2020,292.593,293.721,290.309,293.593,27512114
12/14/2020,294.802,297.689,294.732,295.73,29613958
12/15/2020,298.006,298.897,295.8,298.897,26514907
12/16/2020,299.289,301.318,298.25,300.533,26177112
12/17/2020,302.142,302.74,300.935,302.504,24397112
12/18/2020,303.152,303.455,299.2,301.583,42329949
12/21/2020,298.624,301.554,295.838,301.024,38068609
12/22/2020,301.926,302.769,298.994,301.837,27070329
12/23/2020,301.887,302.25,300.152,300.318,21757454
12/24/2020,300.583,302.092,300.504,301.642,17225320
12/28/2020,304.27,305.162,302.425,304.691,23087931
12/29/2020,306.025,306.642,304.053,304.964,26550626
12/30/2020,306.133,306.455,304.347,304.974,18613888
12/31/2020,304.877,306.21,303.789,305.72,22178346
1/4/2021,307.062,307.24,297.379,301.395,46494413
1/5/2021,300.405,304.161,300.405,303.886,30092652
1/6/2021,299.152,303.906,298.163,299.681,54194982
1/7/2021,302.348,307.767,302.318,306.934,31192176
1/8/2021,309.22,311.22,307.032,310.877,34846614
1/11/2021,307.905,309.071,305.73,306.385,33731353
1/12/2021,306.425,307.515,303.25,305.895,30034520
1/13/2021,306.162,308.76,305.553,307.964,23499112
1/14/2021,308.404,309.406,305.835,306.317,24116610
1/15/2021,306.104,307.072,302.64,303.886,36039990
1/19/2021,306.22,308.828,305.113,308.318,25180733
1/20/2021,311.953,316.434,308.404,315.505,31534189
1/21/2021,316.835,318.768,315.465,318.015,25981076
1/22/2021,316.964,318.11,316.405,317.091,22176327
1/25/2021,320.504,321.873,313.2,319.717,40105851
1/26/2021,320.445,321.335,318.846,320.189,26167005
1/27/2021,317.916,317.926,309.24,311.258,56713730
1/28/2021,312.474,318.073,311.848,313.112,43960053
1/29/2021,311.405,312.524,304.769,306.523,56708634
2/1/2021,309.973,315.278,307.944,314.18,36581113
2/2/2021,317.151,320.465,316.982,319.297,34820956
2/3/2021,321.394,321.759,317.975,318.035,25475741
2/4/2021,319.434,321.883,318.11,321.796,22937282
2/5/2021,322.756,323.913,321.111,322.896,23328289
2/8/2021,324.592,325.198,322.945,325.05,20999615
2/9/2021,324.132,326.248,324.122,324.982,18059114
2/10/2021,326.422,326.874,321.082,324.248,28805030
2/11/2021,325.775,326.432,323.642,326.023,22624409
2/12/2021,325.168,328.013,324.142,327.845,20880580
2/16/2021,328.649,329.552,325.785,326.954,27791190
2/17/2021,323.983,327.071,321.739,325.386,32292945
2/18/2021,321.786,325.327,319.962,323.983,33081897
2/19/2021,325.317,325.445,321.544,322.562,40184905
2/22/2021,318.149,319.415,313.993,314.2,48496642
2/23/2021,308.897,314.945,303.054,313.269,99792895
2/24/2021,310.592,316.16,307.885,315.856,59733204
2/25/2021,313.18,315.757,303.287,304.837,113073014
2/26/2021,307.777,310.954,302.936,306.114,107487493
3/1/2021,311.103,315.668,309.808,315.328,50454256
3/2/2021,315.976,316.053,310.003,310.259,49638932
3/3/2021,309.15,310.102,301.201,301.249,88565019
3/4/2021,300.885,304.062,292.437,296.327,142781436
3/5/2021,298.946,301.692,289.841,300.789,124711672
3/8/2021,300.24,302.132,291.858,292.27,90729045
3/9/2021,299.613,305.711,299.074,303.798,82500024
3/10/2021,308.083,308.374,302.24,302.936,78812717
3/11/2021,307.7,311.681,306.81,309.905,54887877
3/12/2021,305.835,310.092,303.425,307.396,71133965
3/15/2021,307.72,310.847,306.065,310.678,44254430
3/16/2021,312.885,315.926,310.944,312.386,56366773
3/17/2021,309.327,315.582,307.61,313.67,80311699
3/18/2021,308.769,309.75,303.603,304.062,85118102
3/19/2021,303.896,306.692,301.74,305.132,80504093
3/22/2021,307.535,312.935,307.535,310.857,57597095
3/23/2021,311.944,313.278,308.671,309.494,54789390
3/24/2021,310.877,310.917,304.131,304.28,66420905
3/25/2021,302.425,305.27,299.906,303.751,80693689
3/26/2021,303.535,308.621,302.132,308.299,65104766
3/29/2021,307.767,309.268,304.867,308.211,55970703
3/30/2021,306.249,307.25,303.955,306.672,45749558
3/31/2021,308.454,312.935,308.123,311.355,56405870
4/1/2021,315.209,316.798,314.955,316.662,57075235
4/5/2021,319.16,323.766,316.729,322.995,43224889
4/6/2021,322.678,324.728,321.983,322.766,34374130
4/7/2021,322.287,324.382,321.354,323.553,32846098
4/8/2021,326.412,327.1,325.61,326.914,30687971
4/9/2021,325.553,329.111,324.818,328.903,37579865
4/12/2021,327.854,328.893,326.571,328.473,26477676
4/13/2021,330.011,332.777,329.797,332.308,31132016
4/14/2021,332.549,332.677,327.493,328.316,43626530
4/15/2021,331.208,333.689,328.022,333.294,37249756
4/16/2021,333.826,333.902,331.806,333.689,41879761
4/19/2021,332.11,333.265,328.699,330.629,35394901
4/20/2021,329.973,331.256,326.238,328.217,39032148
4/21/2021,326.924,331.218,325.835,331.032,37511386
4/22/2021,330.639,331.63,325.875,327.033,47082478
4/23/2021,327.669,332.472,327.669,331.158,37323649
4/26/2021,331.403,333.601,330.649,333.314,31580879
4/27/2021,333.61,333.826,330.913,331.874,34015369
4/28/2021,331.542,332.549,330.1,330.747,34454575
4/29/2021,334.031,334.443,328.699,331.943,38649909
4/30/2021,329.482,331.982,328.844,329.768,39218284
5/3/2021,330.973,331.728,327.551,328.003,30471635
5/4/2021,325.435,325.755,318.267,322.102,66772714
5/5/2021,324.162,325.03,320.238,321.024,47372709
5/6/2021,320.757,323.603,318.503,323.444,47982532
5/7/2021,326.229,328.453,323.623,326.062,54655172
5/10/2021,324.679,324.857,317.621,317.826,62215241
5/11/2021,311.915,318.189,311.248,317.386,73759462
5/12/2021,312.435,314.767,308.299,309.17,93439873
5/13/2021,312.131,314.552,309.18,311.562,71621564
5/14/2021,314.748,319.355,314.239,318.444,45477268
5/17/2021,316.719,318.424,313.62,316.504,40378100
5/18/2021,317.464,318.699,314.101,314.375,37440022
5/19/2021,308.946,315.042,308.592,314.739,67974101
5/20/2021,316.218,321.689,316.015,320.827,47625697
5/21/2021,322.386,322.806,318.691,319.042,51586443
5/24/2021,321.354,325.543,318.934,324.412,33286203
5/25/2021,325.934,326.65,323.688,324.867,32060915
5/26/2021,325.534,326.462,324.848,325.993,26079909
5/27/2021,325.543,326.392,324.572,324.778,28628784
5/28/2021,325.983,327.395,325.475,325.795,30674288
6/1/2021,327.128,327.601,323.365,324.719,31922657
6/2/2021,325.129,326.2,323.632,325.346,22598145
6/3/2021,322.502,323.786,320.288,321.963,37982603
6/4/2021,323.776,327.874,323.707,327.425,39703214
6/7/2021,326.884,328.463,326.2,328.404,33425680
6/8/2021,330.158,331.032,326.865,328.562,27963660
6/9/2021,329.944,330.717,328.453,328.639,22021485
6/10/2021,328.983,332.168,328.532,332.07,34543102
6/11/2021,332.08,332.944,331.423,332.934,21752445
6/14/2021,333.364,336.128,332.168,336.118,28522156
6/15/2021,335.766,336.08,333.207,333.931,36861256
6/16/2021,334.385,335.461,329.238,332.707,56782033
6/17/2021,331.699,337.953,331.649,336.933,61213079
6/18/2021,335.258,336.415,333.543,334.277,56797739
6/21/2021,334.473,336.687,332.258,336.365,33776502
6/22/2021,336.158,339.963,335.854,339.512,29629234
6/23/2021,339.453,340.824,338.834,339.677,27834409
6/24/2021,341.618,343.295,341.07,341.776,33355692
6/25/2021,342.335,342.579,340.745,341.355,29364260
6/28/2021,342.638,345.64,342.579,345.502,40059978
6/29/2021,345.324,346.784,344.481,346.754,30125155
6/30/2021,346.599,346.991,345.62,346.206,33501433
7/1/2021,345.854,346.854,344.49,346.344,29985860
7/2/2021,348.245,350.637,348.02,350.315,33504792
7/6/2021,350.923,352.109,348.216,351.824,39765231
7/7/2021,354.038,354.345,350.607,352.568,36103089
7/8/2021,347.491,351.303,346.196,350.442,52099087
7/9/2021,349.852,353.107,349.275,352.628,36020463
7/12/2021,354.038,354.469,352.451,354.009,26328688
7/13/2021,353.629,356.98,353.147,354.009,40666770
7/14/2021,356.364,357.01,353.814,354.647,36175886
7/15/2021,354.557,354.765,350.139,352.149,54660056
7/16/2021,353.011,353.999,348.951,349.305,48384830
7/19/2021,345.834,346.941,343.863,346.444,65934777
7/20/2021,347.381,351.911,345.59,350.462,43185919
7/21/2021,350.03,353.167,349.804,353.167,30978786
7/22/2021,353.373,355.52,353.373,355.51,30970985
7/23/2021,356.834,359.932,355.481,359.655,32720136
7/26/2021,358.959,360.333,358.087,359.941,29113770
7/27/2021,359.675,359.675,351.795,355.978,59309548
7/28/2021,357.12,358.921,354.815,357.333,43065621
7/29/2021,356.774,359.148,356.774,357.97,26282471
7/30/2021,354.029,356.695,353.999,356.117,37351467
8/2/2021,357.775,358.364,355.432,356.147,27983512
8/3/2021,356.804,358.412,353.599,358.294,36403325
8/4/2021,358.254,359.775,357.147,358.812,30305538
8/5/2021,359.636,361.322,358.921,361.087,21953398
8/6/2021,359.825,360.795,358.383,359.508,34124024
8/9/2021,359.971,360.705,358.861,360.175,26577018
8/10/2021,360.695,360.978,357.138,358.324,35965449
8/11/2021,359.597,360.097,356.374,357.706,35063533
8/12/2021,357.195,359.364,355.854,358.998,26621687
8/13/2021,359.354,360.598,358.851,360.263,19795586
8/16/2021,359.138,360.461,355.264,360.422,35876699
8/17/2021,357.647,358.628,354.805,357.234,45858134
8/18/2021,356.705,358.107,353.471,353.804,39457635
8/19/2021,351.853,357.185,351.608,355.52,49651635
8/20/2021,356.586,359.597,356.276,359.198,40424160
8/23/2021,360.244,365.245,360.234,364.569,34843356
8/24/2021,365.156,366.284,364.694,365.677,22249252
8/25/2021,365.93,366.675,365.166,366.097,20927546
8/26/2021,365.235,365.92,363.342,363.785,29825486
8/27/2021,364.412,367.823,363.929,367.313,27748714
8/30/2021,368.108,371.931,368.088,371.439,27944168
8/31/2021,371.685,371.754,369.587,371.137,30332094
9/1/2021,372.194,373.823,371.547,371.754,28806833
9/2/2021,373.097,373.429,370.351,371.576,26109458
9/3/2021,370.419,373.107,370.399,372.705,25209987
9/7/2021,372.813,373.89,371.665,373.234,24539696
9/8/2021,373.057,373.057,369.665,371.951,33731979
9/9/2021,372.165,373.272,370.419,370.667,30097450
9/10/2021,372.381,373.097,367.508,367.853,41205667
9/13/2021,370.196,370.629,365.528,367.597,49899808
9/14/2021,369.098,369.823,365.588,366.548,42820358
9/15/2021,367.009,369.625,364.704,369.284,34907975
9/16/2021,367.94,370.107,365.989,369.537,36029215
9/17/2021,369.058,369.108,364.116,365.146,62359446
9/20/2021,359.324,361.077,352.943,357.597,77928107
9/21/2021,359.439,360.647,356.913,358.038,42876537
9/22/2021,358.959,362.863,357.855,361.392,48036181
9/23/2021,362.559,365.756,361.914,364.723,45662727
9/24/2021,362.451,365.478,362.077,365.06,36872968
9/27/2021,362.009,363.04,359.587,362.155,44319063
9/28/2021,357.568,362.106,351.393,351.901,99913168
9/29/2021,353.176,355.333,350.696,351.323,59391221
9/30/2021,352.982,354.656,349.196,350.03,62774054
10/1/2021,350.657,353.255,346.541,352.207,57651581
10/4/2021,350.578,350.913,342.559,344.815,78503651
10/5/2021,345.883,351.726,345.657,349.471,48302049
10/6/2021,346.245,351.98,345.334,351.706,58092386
10/7/2021,354.775,357.587,354.237,354.941,40303267
10/8/2021,356.028,356.246,352.628,353.167,42768982
10/11/2021,351.618,355.166,350.363,350.452,35635968
10/12/2021,351.911,352.353,348.588,349.236,44898920
10/13/2021,351.551,352.706,349.509,352.029,41028953
10/14/2021,355.647,358.726,354.98,358.51,44417018
10/15/2021,359.735,360.892,358.696,360.775,41334806
10/18/2021,359.468,364.615,358.861,364.403,35294748
10/19/2021,365.468,367.204,364.442,367.155,29749455
10/20/2021,367.617,368.234,365.185,366.675,32100878
10/21/2021,365.871,369.117,365.568,368.919,26045789
10/22/2021,367.656,368.626,364.146,365.813,37096947
10/25/2021,367.244,370.489,365.284,369.567,33335675
10/26/2021,371.823,374.235,369.537,370.735,48259481
10/27/2021,371.186,374.665,370.918,371.595,46796313
10/28/2021,373.489,375.969,372.715,375.714,38867317
10/29/2021,372.617,377.734,372.272,377.567,38154653
11/1/2021,378.008,378.988,375.91,378.862,31461694
11/2/2021,378.243,380.91,378.194,380.43,25704245
11/3/2021,380.92,384.901,379.89,384.478,34512827
11/4/2021,385.752,390.36,385.203,389.398,41176742
11/5/2021,391.185,392.113,388.36,389.772,44365820
11/8/2021,389.742,390.77,388.596,389.243,29918503
11/9/2021,390.32,390.723,385.203,386.576,51633608
11/10/2021,383.782,386.616,378.959,380.88,56180925
11/11/2021,383.881,384.055,381.596,381.938,32972822
11/12/2021,383.097,386.507,381.486,385.969,35516710
11/15/2021,387.155,387.478,383.419,385.88,34480062
11/16/2021,385.144,389.115,384.948,388.616,28503860
11/17/2021,388.937,390.869,387.87,388.819,29352978
11/18/2021,390.879,393.37,388.646,392.858,46756449
11/19/2021,394.507,396.318,393.675,395.055,46214663
11/22/2021,396.585,399.663,390.35,390.46,63112334
11/23/2021,389.292,391.369,384.224,388.676,71685463
11/24/2021,386.194,390.211,383.852,389.929,48017222
11/26/2021,387.35,388.732,381.137,382.537,52699802
11/29/2021,387.135,391.86,386.399,390.839,55679549
11/30/2021,389.949,392.31,383.077,385.105,83173708
12/1/2021,389.456,391.615,378.087,378.556,80153407
12/2/2021,377.264,383.067,375.83,381.273,86327443
12/3/2021,382.645,383.654,370.519,374.646,107733745
12/6/2021,375.136,379.026,370.908,377.655,69118714
12/7/2021,384.331,389.634,384.291,389.017,57272977
12/8/2021,389.351,390.967,387.458,390.761,40091448
12/9/2021,389.525,391.34,384.821,385.015,51104899
12/10/2021,387.85,389.456,384.655,389.194,53735171
12/13/2021,389.185,389.506,383.205,383.575,51301956
12/14/2021,378.734,381.447,375.136,379.616,76901359
12/15/2021,379.361,388.616,375.379,388.252,75529849
12/16/2021,389.224,389.654,376.684,378.282,84460874
12/17/2021,374.841,380.567,373.312,376.389,83490884
12/20/2021,371.635,373.528,369.587,372.735,66730708
12/21/2021,376.027,381.388,372.262,381.078,49942687
12/22/2021,380.781,385.93,380.124,385.722,37832450
12/23/2021,386.076,390.105,385.91,388.626,30226919
12/27/2021,389.929,395.055,389.901,395.055,33520894
12/28/2021,395.957,396.136,392.34,393.221,33820168
12/29/2021,393.36,394.636,390.77,393.166,32936465
12/30/2021,392.948,395.144,391.399,391.988,24358876
12/31/2021,391.311,392.683,389.037,389.535,35494293
1/3/2022,390.713,393.545,388.587,393.29,41441490
1/4/2022,393.839,393.879,385.075,388.183,59265144
1/5/2022,386.497,387.626,376.007,376.264,77355663
1/6/2022,374.43,379.263,372.184,375.998,72325060
1/7/2022,376.007,377.705,370.146,371.931,74202251
1/10/2022,366.989,372.685,361.597,372.165,93728307
1/11/2022,371.429,377.928,369.342,377.763,69752702
1/12/2022,380.342,382.045,376.968,379.263,55740686
1/13/2022,380.617,381.331,368.833,369.773,79657867
1/14/2022,367.234,372.401,367.029,372.077,81830497
1/18/2022,366.225,368.361,362.047,362.813,77429658
1/19/2022,364.373,366.863,358.559,358.821,83536402
1/20/2022,362.067,366.058,353.629,354.167,90501080
1/21/2022,351.96,354.617,344.06,344.346,146447946
1/24/2022,338.677,346.59,327.167,345.922,203703088
1/25/2022,339.433,343.696,334.541,337.904,127052280
1/26/2022,345.54,349.423,333.659,337.375,149686191
1/27/2022,342.1,343.933,332.944,333.971,97287818
1/28/2022,335.864,344.667,330.893,344.452,110475526
1/31/2022,345.825,356.057,344.176,355.471,96338726
2/1/2022,356.814,358.54,351.638,357.884,76020959
2/2/2022,362.038,362.374,356.675,360.795,80457748
2/3/2022,351.039,354.374,345.101,346.168,97419687
2/4/2022,346.686,353.852,344.618,350.529,88159795
2/7/2022,351.127,353.509,346.454,347.716,59439671
2/8/2022,346.57,352.716,345.432,351.618,66101637
2/9/2022,356.157,359.148,354.557,359.068,56956129
2/10/2022,352.009,358.831,349.088,350.942,114867859
2/11/2022,350.942,352.548,338.579,339.815,103735953
2/14/2022,339.256,343.647,336.706,340.227,81966569
2/15/2022,345.54,348.923,344.472,348.688,56572499
2/16/2022,346.434,349.629,343.385,348.598,60204649
2/17/2022,345.372,346.078,337.816,338.236,63119808
2/18/2022,339.176,339.569,332.061,334.375,81708247
2/22/2022,331.423,336.856,327.366,331.022,87801097
2/23/2022,334.188,335.031,322.228,322.542,88054669
2/24/2022,312.181,333.912,311.611,333.374,133400542
2/25/2022,334.178,338.755,330.346,338.55,80524087
2/28/2022,335.354,341.257,334.188,339.56,79169242
3/1/2022,338.532,340.804,331.826,334.356,68845045
3/2/2022,335.914,341.305,333.128,339.973,72115371
3/3/2022,342.618,342.728,333.236,335.109,72605989
3/4/2022,332.737,334.178,327.924,330.258,78652671
3/7/2022,330.248,331.413,317.866,318.073,91852420
3/8/2022,317.278,326.248,313.259,316.592,118631922
3/9/2022,324.818,329.354,322.218,327.993,66104159
3/10/2022,323.913,325.563,319.885,324.343,70842482
3/11/2022,327.336,327.649,317.131,317.621,67641334
3/14/2022,316.375,319.767,310.817,311.523,81505096
3/15/2022,314.18,322.082,312.562,321.296,78102405
3/16/2022,325.228,333.324,321.544,333.207,107488182
3/17/2022,331.306,337.306,330.001,337.247,69256593
3/18/2022,335.581,344.442,334.414,344.147,87269239
3/21/2022,343.305,345.54,338.77,343.185,75281275
3/22/2022,343.686,350.805,343.305,349.932,64618187
3/23/2022,347.04,350.617,344.844,344.903,72033719
3/24/2022,346.834,352.618,344.671,352.568,54630871
3/25/2022,352.51,353.569,347.956,352.276,58740695
3/28/2022,352.266,357.825,351.019,357.726,57975334
3/29/2022,361.637,364.51,358.851,363.882,69440153
3/30/2022,362.004,363.677,358.373,359.864,70138661
3/31/2022,360.01,360.363,354.557,355.402,68357282
4/1/2022,355.667,356.452,351.531,354.725,55622913
4/4/2022,355.568,362.038,355.303,362.028,46873048
4/5/2022,360.569,361.286,352.843,353.989,63998723
4/6/2022,348.648,349.756,343.657,346.304,91886207
4/7/2022,345.304,349.335,341.824,347.13,65058297
4/8/2022,345.382,346.138,341.638,342.275,63200439
4/11/2022,338.02,338.944,333.831,334.178,67435122
4/12/2022,338.954,340.844,331.379,332.767,74252156
4/13/2022,333.11,340.59,332.386,339.531,62600283
4/14/2022,339.619,340.138,331.552,331.766,74995952
4/18/2022,330.707,334.326,329.18,332.021,59736703
4/19/2022,331.374,340.022,330.346,339.443,57650762
4/20/2022,340.256,340.717,333.265,334.493,66815544
4/21/2022,338.394,341.022,326.641,327.571,77323418
4/22/2022,327.728,328.953,318.563,318.992,84220348
4/25/2022,317.356,323.405,316.083,323.09,103799551
4/26/2022,321.054,321.206,310.616,310.897,107944942
4/27/2022,310.994,316.524,308.799,310.524,113437622
4/28/2022,315.515,323.395,311.268,321.554,101447340
4/29/2022,317.327,320.782,306.445,307.082,93825170
5/2/2022,306.672,312.445,303.55,312.21,117831743
5/3/2022,312.23,314.846,309.759,312.543,79755829
5/4/2022,313.023,323.786,307.711,323.11,118414849
5/5/2022,318.768,318.846,303.525,306.839,157712630
5/6/2022,304.827,308.887,299.098,303.162,142376028
5/9/2022,297.506,303.258,289.897,291.299,115664648
5/10/2022,298.515,299.74,290.732,294.838,126617505
5/11/2022,292.563,298.105,285.223,286.093,143144501
5/12/2022,281.791,289.926,279.33,285.417,123339260
5/13/2022,289.897,297.033,288.292,295.996,85365684
5/16/2022,294.24,296.307,291.28,292.563,60379230
5/17/2022,298.455,300.523,294.632,300.142,63974886
5/18/2022,295.601,296.298,284.143,285.409,81073351
5/19/2022,283.593,288.595,281.918,283.88,81525861
5/20/2022,287.359,288.014,274.693,282.995,93607193
5/23/2022,284.045,288.083,281.634,287.703,64926734
5/24/2022,282.451,283.173,276.693,281.584,74967142
5/25/2022,280.084,287.613,279.878,285.525,68493099
5/26/2022,284.722,294.994,284.437,293.436,60656488
5/27/2022,296.584,303.162,296.464,303.016,68330955
5/31/2022,302.986,305.201,298.336,302.212,62192836
6/1/2022,304.357,306.494,297.749,299.975,66653994
6/2/2022,298.848,308.366,297.428,308.191,60482158
6/3/2022,302.946,304.357,298.916,300.172,62138113
6/6/2022,304.632,306.2,299.603,301.172,52825079
6/7/2022,297.828,304.553,296.731,303.77,45802083
6/8/2022,302.966,305.582,300.731,301.583,39112135
6/9/2022,299.887,302.966,293.339,293.504,57023197
6/10/2022,287.87,289.064,282.708,283.153,87689972
6/13/2022,274.242,276.78,269.126,269.989,96338811
6/14/2022,272.194,273.173,267.955,270.478,65996925
6/15/2022,273.915,281.182,271.163,277.232,87779711
6/16/2022,270.163,270.626,263.979,266.047,83555408
6/17/2022,266.821,271.731,265.186,269.281,84364442
6/21/2022,273.786,278.405,273.678,276.074,52569718
6/22/2022,273.561,280.102,272.962,275.673,68696022
6/23/2022,278.167,280.631,275.319,279.779,58499347
6/24/2022,282.618,289.788,282.38,289.365,59481296
6/27/2022,290.731,291.299,286.103,287.244,55133068
6/28/2022,287.783,290.386,278.306,278.491,62988539
6/29/2022,278.356,280.26,275.841,278.747,58341466
6/30/2022,275.751,278.89,270.869,275.289,80751317
7/1/2022,273.985,277.499,272.098,277.107,57702470
7/5/2022,273.356,281.969,271.823,281.85,62950066
7/6/2022,282.234,285.771,280.505,283.657,64340261
7/7/2022,284.473,290.436,284.473,289.728,57646480
7/8/2022,286.879,291.466,285.938,290.091,60981218
7/11/2022,287.666,287.893,283.009,283.895,56275884
7/12/2022,285.151,287.077,279.542,281.144,56808535
7/13/2022,275.605,282.921,275.034,280.564,75279736
7/14/2022,277.952,282.439,274.819,281.566,64897301
7/15/2022,284.572,286.78,282.95,286.674,64974996
7/18/2022,289.472,290.887,283.068,284.247,60598507
7/19/2022,287.893,293.285,286.281,292.989,56172768
7/20/2022,293.41,298.824,292.628,297.634,68997903
7/21/2022,298.098,301.961,295.425,301.908,56047256
7/22/2022,300.974,303.057,294.774,296.614,58163283
7/25/2022,296.644,297.112,292.91,294.922,41318027
7/26/2022,293.215,293.47,288.314,289.13,50981828
7/27/2022,293.716,303.047,293.147,301.348,70560661
7/28/2022,301.132,304.871,297.356,304.293,56139476
7/29/2022,305.839,310.755,304.414,309.842,58543378
8/1/2022,308.066,313.134,306.963,309.657,47199191
8/2/2022,307.35,312.872,306.287,308.734,49558872
8/3/2022,310.424,317.966,310.364,317.142,54709809
8/4/2022,317.221,318.938,315.058,318.625,39680144
8/5/2022,313.507,318.066,312.721,316.023,54870921
8/8/2022,316.944,320.656,313.527,315,44865097
8/9/2022,313.095,313.35,309.804,311.434,40485035
8/10/2022,318.812,320.422,316.324,320.127,52392384
8/11/2022,322.459,324.477,317.603,318.31,46729648
8/12/2022,320.367,324.699,319.312,324.507,41670297
8/15/2022,323.556,327.627,323.536,327.128,38960282
8/16/2022,326.145,328.467,323.299,326.362,41933468
8/17/2022,323.21,325.531,320.549,322.641,48709401
8/18/2022,322.592,324.607,320.973,323.417,42697377
8/19/2022,320.363,321.022,316.344,317.112,52709028
8/22/2022,312.83,313.065,307.947,308.763,52025172
8/23/2022,308.527,311.354,307.751,308.507,40213047
8/24/2022,308.027,311.228,307.418,309.402,38746928
8/25/2022,311.19,314.892,310.136,314.872,38788871
8/26/2022,314.578,315.785,301.878,301.966,70299385
8/29/2022,299.197,301.751,297.88,298.989,49197793
8/30/2022,300.651,301.269,293.127,295.659,52112334
8/31/2022,298.578,299.482,293.834,293.942,50951201
9/1/2022,291.437,294.442,287.734,294.07,59041957
9/2/2022,296.956,298.34,288.294,289.913,65839070
9/6/2022,290.396,291.319,285.691,287.833,58038795
9/7/2022,288.314,294.649,288.047,293.647,50153336
9/8/2022,291.564,296.494,290.19,295.17,56658599
9/9/2022,297.44,302.123,295.171,301.622,57142610
9/12/2022,303.009,305.541,302.692,305.208,46737881
9/13/2022,296.425,297.624,287.572,288.47,81004415
9/14/2022,289.614,291.644,287.843,290.76,55902514
9/15/2022,288.833,291.251,284.305,285.918,66483109
9/16/2022,282.598,284.562,280.534,284.169,81369127
9/19/2022,281.512,286.541,281.452,286.383,53471297
9/20/2022,283.865,286.403,281.788,284.1,52106700
9/21/2022,284.945,289.238,278.876,279.014,84282517
9/22/2022,277.477,278.491,274.344,275.579,63779847
9/23/2022,273.098,273.395,267.658,271.091,76034478
9/26/2022,270.621,275.007,269.174,269.972,72336685
9/27/2022,273.356,275.716,267.748,270.078,70917346
9/28/2022,270.058,276.739,268.568,275.451,80950258
9/29/2022,271.437,271.82,264.53,267.51,82539561
9/30/2022,266.683,270.776,262.818,262.973,79761432
10/3/2022,264.756,270.747,263.241,269.145,62265946
10/4/2022,274.516,278.315,274.516,277.606,67783914
10/5/2022,273.817,279.258,271.004,277.458,56675161
10/6/2022,276.456,279.624,274.95,275.274,54361146
10/7/2022,270.611,270.738,263.447,264.785,72517566
10/10/2022,264.982,265.376,259.411,262.138,61377235
10/11/2022,260.456,263.338,256.843,258.539,67606649
10/12/2022,259.178,261.105,257.751,258.45,51404501
10/13/2022,251.068,265.837,250.182,264.51,114733942
10/14/2022,266.851,267.451,255.968,256.559,78503179
10/17/2022,262.56,265.907,262.463,265.03,65628877
10/18/2022,272.096,272.766,264.43,267.127,70918240
10/19/2022,265.601,269.291,263.77,266.152,53981045
10/20/2022,265.258,270.433,263.622,264.795,61593205
10/21/2022,263.682,271.542,262.545,271.004,79167220
10/24/2022,271.27,274.92,267.608,273.986,65006005
10/25/2022,274.93,280.036,273.445,279.654,59976273
10/26/2022,273.995,279.426,272.981,273.475,64939618
10/27/2022,272.35,273.816,267.972,268.497,58701641
10/28/2022,267.865,277.181,267.698,276.71,63672362
10/31/2022,274.447,275.274,271.563,273.494,48520019
11/1/2022,276.981,277.546,270.334,270.699,46643878
11/2/2022,270.671,273.748,261.35,261.42,81103721
11/3/2022,258.79,260.258,255.928,256.313,71180351
11/4/2022,261.272,262.335,254.926,260.436,79589510
11/7/2022,261.488,263.84,259.342,263.3,48105243
11/8/2022,264.824,268.477,261.262,265.218,64244002
11/9/2022,263.467,264.253,258.81,259.099,65919209
11/10/2022,271.582,278.51,269.459,278.216,100874314
11/11/2022,278.029,284.012,276.681,283.344,68053050
11/14/2022,281.277,284.578,279.878,280.864,55977706
11/15/2022,287.523,288.558,281.385,284.75,75191137
11/16/2022,282.782,284.842,280.036,280.864,49656089
11/17/2022,276.376,281.727,276.218,280.243,56365960
11/18/2022,283.274,283.374,277.793,280.253,54461983
11/21/2022,278.856,280.016,276.533,277.369,40736782
11/22/2022,278.107,281.522,275.964,281.365,42555870
11/23/2022,281.385,284.818,281.207,284.188,47146000
11/25/2022,282.585,283.294,281.828,282.319,15751386
11/28/2022,280.331,282.358,277.242,278.176,39510637
11/29/2022,278.404,278.806,274.694,276.069,36199371
11/30/2022,276.338,288.765,275.479,288.656,75935794
12/1/2022,288.98,291.008,286.215,289.009,52387416
12/2/2022,283.913,288.745,283.736,287.86,54456435
12/5/2022,285.724,287.003,281.561,283.027,42158169
12/6/2022,282.869,283.007,275.761,277.163,54816645
12/7/2022,275.974,278.038,274.309,276.031,46357645
12/8/2022,277.389,280.273,275.303,279.298,43289097
12/9/2022,278.276,281.059,277.075,277.517,48640486
12/12/2022,277.696,281.059,276.651,281,36314863
12/13/2022,291.892,292.115,281.326,284.022,81982344
12/14/2022,283.431,286.736,278.648,281.916,66043506
12/15/2022,277.802,278.471,271.25,272.449,61540990
12/16/2022,271.77,273.316,268.238,269.853,69413465
12/19/2022,270.122,270.211,264.817,266.06,44780466
12/20/2022,264.886,267.608,263.299,265.853,51772386
12/21/2022,266.899,271.021,266.051,269.71,47038122
12/22/2022,266.681,266.814,258.864,263.11,61114352
12/23/2022,261.838,264.372,259.926,263.702,39919639
12/27/2022,263.09,263.2,259.431,259.974,38536135
12/28/2022,259.57,261.838,256.176,256.542,47792794
12/29/2022,259.361,263.746,258.66,262.796,46530045
12/30/2022,260.013,262.766,258.7,262.637,38383317
1/3/2023,264.976,266.46,258.547,260.862,42922455
1/4/2023,262.992,263.791,258.939,262.105,48417152
1/5/2023,260.429,260.596,257.687,258,46026332
1/6/2023,259.749,266.248,256.777,265.122,55417791
1/9/2023,267.126,271.524,266.228,266.839,46200648
1/10/2023,265.803,269.207,265.292,269.099,35736599
1/11/2023,270.172,273.862,269.383,273.753,44688321
1/12/2023,274.315,276.269,269.997,275.233,61440388
1/13/2023,272.718,277.372,272.381,277.126,45424288
1/17/2023,276.93,278.982,275.757,277.69,36772747
1/18/2023,279.236,280.796,273.872,274.079,48416836
1/19/2023,272.441,273.58,270.142,271.387,44762739
1/20/2023,273.002,279.148,271.94,278.813,61454230
1/23/2023,279.663,286.24,278.863,285.007,53532164
1/24/2023,283.382,285.589,282.857,284.425,45497500
1/25/2023,279.888,284.416,277.333,283.795,51577544
1/26/2023,287.238,289.505,284.573,289.328,52311902
1/27/2023,288.006,294.179,287.889,292.207,57224708
1/30/2023,288.922,290.353,285.925,286.3,50091021
1/31/2023,286.339,290.689,286.23,290.589,47352839
2/1/2023,290.382,299.28,288.302,296.805,68499164
2/2/2023,303.361,309.389,302.535,307.457,84222699
2/3/2023,300.769,308.118,300.374,301.992,77227184
2/6/2023,299.358,301.726,298.087,299.438,41368218
2/7/2023,299.31,306.777,298.186,305.641,68521274
2/8/2023,304.319,305.267,299.517,300.206,57507497
2/9/2023,304.615,304.763,296.095,297.553,49819289
2/10/2023,295.384,297.446,293.184,295.599,50744227
2/13/2023,297.01,300.926,295.827,300.335,40186424
2/14/2023,298.748,303.511,296.795,302.554,64967742
2/15/2023,300.73,305.04,300.04,304.872,44029572
2/16/2023,300.216,304.212,299.002,299.151,60323791
2/17/2023,296.95,297.8,294.023,297.04,59038306
2/21/2023,293.194,294.644,289.87,290.008,47171967
2/22/2023,290.589,292.307,288.559,290.226,52101932
2/23/2023,293.895,294.053,288.549,292.76,70255458
2/24/2023,287.769,288.962,286.082,287.859,75362836
2/27/2023,291.034,292.434,289.328,289.918,49674500
2/28/2023,289.288,292.074,288.952,289.545,48912204
3/1/2023,289.248,289.908,286.23,287.218,59095329
3/2/2023,284.712,290.402,284.425,289.593,54483834
3/3/2023,291.35,295.817,290.837,295.579,61350748
3/6/2023,296.825,299.841,295.718,295.916,57523145
3/7/2023,295.966,296.892,291.676,292.287,66870468
3/8/2023,292.71,294.347,290.846,293.746,51581846
3/9/2023,294.249,296.863,287.839,288.657,72447693
3/10/2023,288.824,290.323,283.449,284.603,99960913
3/13/2023,282.807,290.442,281.289,286.713,98470569
3/14/2023,290.285,293.856,289.436,293.303,74623307
3/15/2023,290.679,295.177,289.23,294.841,84791385
3/16/2023,293.924,302.979,293.125,302.614,99923666
3/17/2023,302.525,304.92,299.221,301.183,91170846
3/20/2023,300.562,302.578,298.339,302.253,57052749
3/21/2023,304.199,307.022,302.671,306.569,50369092
3/22/2023,306.499,311.418,302.233,302.4,76724204
3/23/2023,306.156,310.333,303.279,305.987,75493314
3/24/2023,305.561,307.211,303.221,307.112,57949964
3/27/2023,307.813,308.901,304.149,305.008,50905975
3/28/2023,304.426,304.455,301.071,303.387,49183555
3/29/2023,307.102,309.543,306.281,308.92,53929574
3/30/2023,311.408,312.477,309.008,311.845,59072610
3/31/2023,312.071,317.268,311.766,317.029,62902436
4/3/2023,314.897,316.527,313.564,316.258,47706530
4/4/2023,316.706,317.72,313.964,315.193,46439681
4/5/2023,314.235,315.183,310.254,312.08,63568134
4/6/2023,310.423,314.681,309.019,314.186,47493599
4/10/2023,311.242,314.057,309.443,314.008,45689922
4/11/2023,313.969,314.028,311.478,311.991,40607017
4/12/2023,313.959,314.551,308.767,309.237,63585950
4/13/2023,311.005,315.765,309.819,315.292,55285577
4/14/2023,313.73,316.467,311.776,314.7,56970543
4/17/2023,314.285,315.322,312.2,314.965,43536037
4/18/2023,317.089,317.514,313.779,314.985,47321958
4/19/2023,312.565,315.904,312.437,314.837,39439362
4/20/2023,311.854,315.392,311.144,312.437,63230467
4/21/2023,312.071,313.544,310.283,312.762,59728051
4/24/2023,312.536,313.878,309.926,312.11,44584821
4/25/2023,310.472,311.144,306.126,306.223,57824277
4/26/2023,309.632,311.11,307.559,308.081,56081958
4/27/2023,311.864,316.961,311.222,316.457,66235228
4/28/2023,316.22,318.729,315.083,318.642,60447139
5/1/2023,318.176,319.696,317.189,318.274,41517877
5/2/2023,318.205,318.532,313.75,315.5,57214632
5/3/2023,315.864,318.552,313.326,313.434,60618658
5/4/2023,313.208,314.362,311.286,312.328,50842314
5/5/2023,314.601,319.826,312.369,318.966,52443347
5/8/2023,318.502,320.103,317.412,319.756,36914349
5/9/2023,318.089,318.956,317.417,317.73,32159577
5/10/2023,320.183,322.048,317.692,321.189,61190156
5/11/2023,321.743,322.779,320.183,322.237,44823203
5/12/2023,322.769,323.194,319.015,321.081,49028591
5/15/2023,321.556,323.057,320.023,322.819,33786100
5/16/2023,322.098,324.907,322.058,323.184,40511412
5/17/2023,324.252,327.68,323.066,327.096,48070234
5/18/2023,327.491,333.389,327.472,333.17,65003333
5/19/2023,333.389,334.096,331.354,332.421,62312092
5/22/2023,332.164,334.556,332.154,333.539,43545072
5/23/2023,331.808,332.966,328.954,329.309,48809759
5/24/2023,327.344,328.86,325.557,327.621,63664771
5/25/2023,335.019,336.866,332.573,335.592,67685229
5/26/2023,336.62,345.003,336.521,344.167,63781979
5/30/2023,348.425,349.63,344.296,345.728,73545825
5/31/2023,344.137,346.34,342.299,343.762,65906217
6/1/2023,343.505,349.066,342.448,347.733,51109644
6/2/2023,349.5,351.507,347.733,350.34,54028625
6/5/2023,350.124,353.151,349.55,350.587,47847633
6/6/2023,349.976,351.497,348.642,350.527,41899529
6/7/2023,350.816,352.781,343.949,344.58,70077460
6/8/2023,344.878,349.324,344.65,348.859,47733946
6/9/2023,350.321,353.314,348.741,350.192,53851284
6/12/2023,351.862,356.209,350.884,356.109,45368932
6/13/2023,358.875,359.685,355.656,358.845,57800144
6/14/2023,358.855,361.74,356.039,361.454,70380853
6/15/2023,360.179,367.253,359.556,365.762,72013877
6/16/2023,368.191,368.319,363.015,363.458,81927487
6/20/2023,361.998,364.345,359.961,362.939,49741748
6/21/2023,361.792,362.227,357.064,357.991,53960832
6/22/2023,356.736,362.376,356.332,362.217,48122588
6/23/2023,358.3,360.939,356.929,358.626,49456861
6/26/2023,359.339,360.9,353.73,353.818,53260493
6/27/2023,355.371,360.634,354.639,359.904,49967555
6/28/2023,358.071,362.564,357.995,360.605,47005516
6/29/2023,360.307,360.949,358.23,359.884,46654664
6/30/2023,363.582,366.489,363.265,365.43,59353296
7/3/2023,366.075,366.925,364.987,366.293,19644954
7/5/2023,364.714,367.993,364.679,366.283,34836993
7/6/2023,362.554,363.937,360.585,363.492,49913609
7/7/2023,363.265,366.48,362.058,362.286,47648172
7/10/2023,362.008,363.088,359.485,362.405,49028121
7/11/2023,362.83,364.652,360.684,364.195,38631219
7/12/2023,368.32,370.149,366.303,368.796,62377137
7/13/2023,371.99,375.887,371.406,375.057,47472539
7/14/2023,375.487,378.727,374.097,374.979,55750397
7/17/2023,375.701,379.359,375.214,378.479,41314963
7/18/2023,377.836,382.95,375.897,381.575,55947462
7/19/2023,382.644,383.791,380.15,381.485,54683335
7/20/2023,378.479,379.949,371.663,372.692,72726854
7/21/2023,375.087,375.818,371.141,371.573,61159943
7/24/2023,372.555,373.504,370.298,372.167,40820768
7/25/2023,372.88,376.361,372.861,374.69,39318882
7/26/2023,373.642,375.145,371.13,373.444,47589499
7/27/2023,378.933,380.557,371.26,372.555,64638076
7/28/2023,376.63,380.369,376.115,379.34,57523971
7/31/2023,379.647,380.724,378.212,379.537,44500343
8/1/2023,378.183,379.419,376.58,378.658,41759302
8/2/2023,375.165,375.165,369.102,370.348,73480422
8/3/2023,367.924,371.892,367.756,369.755,48377680
8/4/2023,371.693,374.017,367.519,368.023,62376190
8/7/2023,369.845,371.24,367.499,371.14,37636781
8/8/2023,368.617,368.636,364.838,367.983,45214602
8/9/2023,368.271,368.428,363.177,363.937,51709167
8/10/2023,366.964,370.318,363.073,364.61,72821466
8/11/2023,362.038,364.026,360.753,362.286,49238783
8/14/2023,361.484,366.47,360.763,366.352,42590622
8/15/2023,365.373,366.172,361.792,362.464,46036918
8/16/2023,361.92,363.462,358.528,358.626,53771052
8/17/2023,360.031,360.377,354.294,354.708,63287609
8/18/2023,351.425,355.53,350.881,354.264,61859239
8/21/2023,355.738,360.654,355.271,359.971,51249825
8/22/2023,362.592,362.602,358.764,359.455,45100426
8/23/2023,360.644,366.223,360.427,365.125,52335633
8/24/2023,368.617,368.716,357.114,357.319,67572018
8/25/2023,358.161,361.792,354.708,360.09,70724021
8/28/2023,363.028,363.741,360.317,362.8,41356515
8/29/2023,362.602,371.08,362.277,370.724,59130763
8/30/2023,370.832,373.371,369.825,372.792,42186973
8/31/2023,372.871,375.621,372.802,373.908,36120670
9/1/2023,376.295,376.718,372.019,373.514,40235571
9/5/2023,372.702,375.213,371.773,373.988,32697230
9/6/2023,373.208,373.554,368.676,370.695,43468028
9/7/2023,366.213,368.826,365.165,368.043,52628912
9/8/2023,367.993,370.802,367.588,368.558,36238601
9/11/2023,371.603,373.414,369.625,372.9,40372507
9/12/2023,371.22,372.881,368.478,368.766,41842770
9/13/2023,369.002,371.783,367.866,370.169,46806008
9/14/2023,371.932,374.187,369.855,373.198,48563695
9/15/2023,371.853,372.256,365.867,366.807,70573133
9/18/2023,365.861,368.308,365.574,367.189,37252434
9/19/2023,365.861,367.21,363.364,366.406,37977413
9/20/2023,367.476,367.833,361.046,361.126,45944484
9/21/2023,357.421,358.213,354.341,354.508,70394124
9/22/2023,356.263,358.412,354.241,354.557,52077422
9/25/2023,353.587,356.332,352.596,356.243,39538282
9/26/2023,353.647,354.191,349.902,350.893,54165033
9/27/2023,352.051,353.637,348.069,351.715,56596024
9/28/2023,350.794,356.797,349.932,354.656,56987026
9/29/2023,358.154,359.55,353.677,354.915,65442520
10/2/2023,355.182,359.284,354.567,357.878,52113121
10/3/2023,355.42,357.629,349.967,351.595,61050257
10/4/2023,352.439,357.232,351.972,356.382,55304644
10/5/2023,356.372,356.777,351.815,355.33,46331307
10/6/2023,352.319,362.483,351.527,361.285,75758639
10/9/2023,358.907,363.672,357.401,363.128,45733081
10/10/2023,363.463,367.803,362.958,365.138,47412853
10/11/2023,366.475,367.933,364.741,367.743,38576376
10/12/2023,368.249,370.239,364.057,366.465,50056750
10/13/2023,367.099,367.683,360.452,361.86,53016403
10/16/2023,363.187,367.01,363.038,365.949,44618939
10/17/2023,362.385,366.455,360.253,364.751,51481251
10/18/2023,362.245,364.464,358.63,359.967,54793662
10/19/2023,361.394,362.591,355.797,356.597,72957524
10/20/2023,356.093,356.667,351.051,351.279,73245708
10/23/2023,349.952,355.894,347.832,352.339,61238718
10/24/2023,354.161,356.539,352.459,355.767,47527196
10/25/2023,353.36,353.537,346.476,347.059,71863577
10/26/2023,345.851,346.791,339.143,340.442,79364718
10/27/2023,343.184,345.573,340.858,342.076,64076821
10/30/2023,344.571,347.257,343.204,345.929,55821333
10/31/2023,345.959,347.961,343.374,347.583,48122600
11/1/2023,348.427,354.181,348.327,353.617,59550387
11/2/2023,358.154,360.273,356.927,360.037,58712314
11/3/2023,361.334,365.564,361.106,364.267,53784175
11/6/2023,365.04,366.318,363.473,365.753,39216022
11/7/2023,366.803,370.081,365.589,369.21,51257451
11/8/2023,369.585,370.289,367.149,369.447,36000537
11/9/2023,370.139,371.292,366.109,366.604,54368612
11/10/2023,368.338,374.996,367.803,374.846,58920259
11/13/2023,373.261,374.737,371.726,373.677,41118603
11/14/2023,380.116,382.643,379.591,381.722,68433551
11/15/2023,383.623,384.119,380.638,382.008,54653242
11/16/2023,381.237,382.574,379.969,382.335,45772225
11/17/2023,381.602,383.444,380.691,382.425,47063520
11/20/2023,382.435,387.745,382.435,387.08,44957722
11/21/2023,385.367,385.586,383.079,384.832,43746700
11/22/2023,386.912,389.389,385.396,386.406,44596240
11/24/2023,386.001,386.595,384.862,385.861,15867439
11/27/2023,385.367,387.486,384.644,385.526,34462415
11/28/2023,384.772,387.12,384.415,386.535,35826659
11/29/2023,389.012,390.449,385.811,386.16,39178674
11/30/2023,386.426,386.892,382.206,385.188,53333881
12/1/2023,384.119,386.882,382.458,386.288,40872864
12/4/2023,382.475,382.974,379.076,382.702,51670869
12/5/2023,380.789,384.862,380.613,383.663,43338847
12/6/2023,386.615,386.715,381.098,381.442,42391087
12/7/2023,384.435,387.606,383.336,386.773,50062406
12/8/2023,385.029,388.942,384.842,388.497,47128912
12/11/2023,388.072,392.083,387.863,391.816,41587510
12/12/2023,391.855,395.055,390.717,394.935,39591952
12/13/2023,395.877,400.573,395.105,399.958,55931962
12/14/2023,401.187,402.495,396.591,399.612,55972016
12/15/2023,400.395,402.732,399.791,401.543,63491275
12/18/2023,401.94,404.976,401.611,404.074,46956819
12/19/2023,404.53,406.256,404.336,406.138,35977594
12/20/2023,405.334,407.438,399.924,400.103,54444583
12/21/2023,404.054,405.126,401.482,404.759,45908001
12/22/2023,405.979,406.941,403.477,405.364,34569340
12/26/2023,406.226,408.52,406.128,407.845,22891628
12/27/2023,407.915,408.746,407.051,408.46,32218454
12/28/2023,409.622,409.869,407.905,408.262,27230281
12/29/2023,408.242,408.599,404.569,406.495,42979577
1/2/2024,402.842,403.09,397.284,399.616,58458736
1/3/2024,396.976,398.038,394.95,395.389,47352560
1/4/2024,393.511,396.639,393.135,393.353,39726224
1/5/2024,393.521,396.609,392.421,393.82,45257089
1/8/2024,395.05,402.246,394.901,401.96,42789852
1/9/2024,398.941,403.686,398.743,402.753,39424055
1/10/2024,403.07,406.49,402.177,405.483,34215497
1/11/2024,406.763,408.164,401.256,406.326,54942013
1/12/2024,407.369,408.213,405.136,406.535,39889586
1/16/2024,405.294,408.084,403.825,406.495,44229718
1/17/2024,403.17,404.574,399.944,404.202,54790671
1/18/2024,407.488,410.519,406.138,409.939,60005721
1/19/2024,412.153,418.229,411.562,418.069,70848426
1/22/2024,420.282,421.59,418.009,418.615,45214605
1/23/2024,419.31,420.57,417.464,420.351,33249394
1/24/2024,424.283,426.675,422.188,422.685,47297365
1/25/2024,425.197,425.872,420.85,423.202,44697350
1/26/2024,421.305,423.062,420.025,420.68,37413372
1/29/2024,421.135,425.187,420.48,424.987,38982659
1/30/2024,423.947,424.522,421.245,422.159,37012338
1/31/2024,417.741,419.745,413.711,413.891,64486965
2/1/2024,415.697,419.255,414.725,418.764,51388187
2/2/2024,420.67,427.062,419.667,425.842,60045948
2/5/2024,425.9,426.437,421.86,425.285,40186032
2/6/2024,426.437,427.042,422.08,424.432,36112872
2/7/2024,427.23,429.633,425.92,428.8,37993288
2/8/2024,428.92,430.356,428.234,429.595,30112308
2/9/2024,430.736,434.61,429.941,433.822,37218812
2/12/2024,433.713,435.897,431.441,432.125,33450377
2/13/2024,424.123,428.085,422.188,425.384,64971564
2/14/2024,428.075,430.446,425.712,430.02,45428266
2/15/2024,430.716,431.766,428.145,431.301,39084827
2/16/2024,431.678,431.776,426.675,427.39,54116190
2/20/2024,425.384,426.904,420.371,424.163,54401273
2/21/2024,421.415,422.555,418.515,422.467,50553094
2/22/2024,431.281,435.877,430.506,434.834,54288740
2/23/2024,436.403,437.336,432.571,433.554,40150421
2/26/2024,434.368,435.359,433.132,433.326,33289119
2/27/2024,434.438,434.754,431.811,434.368,33964087
2/28/2024,432.214,433.444,431.091,432.056,33183925
2/29/2024,434.994,436.839,431.806,435.758,42811367
3/1/2024,436.651,443.281,436.591,442.319,44179348
3/4/2024,442.319,442.746,440.492,440.741,34581111
3/5/2024,437.683,437.693,430.446,432.829,58348108
3/6/2024,437.067,438.726,433.664,435.549,46578500
3/7/2024,439.151,443.42,437.604,442.16,44857998
3/8/2024,442.517,445.325,435.103,435.778,72632437
3/11/2024,434.279,435.419,432.224,434.159,46201245
3/12/2024,436.482,440.741,433.236,440.383,55712414
3/13/2024,439.381,439.401,435.877,436.999,38210926
3/14/2024,438.24,438.766,433.167,435.897,52583603
3/15/2024,432.849,435.632,429.547,430.716,73613551
3/18/2024,436.065,438.362,434.585,434.823,47612941
3/19/2024,432.805,436.315,430.699,435.906,43266852
3/20/2024,437.109,441.413,435.399,441.075,43920204
3/21/2024,446.154,446.611,442.964,443.162,39586046
3/22/2024,442.645,444.772,441.79,443.67,28426525
3/25/2024,440.857,443.55,439.852,442.059,27958940
3/26/2024,443.59,444.509,440.399,440.628,34350644
3/27/2024,443.73,443.829,439.246,442.129,41611937
3/28/2024,442.079,442.934,440.956,441.314,37064724
4/1/2024,442.268,444.812,440.329,442.248,38965577
4/2/2024,437.408,438.75,435.369,438.43,44530083
4/3/2024,436.295,441.304,436.285,439.416,40193835
4/4/2024,443.62,444.236,432.468,432.697,57617554
4/5/2024,434.127,440.478,433.313,437.794,55079113
4/8/2024,438.73,439.812,436.532,437.924,28316904
4/9/2024,440.271,440.548,434.783,439.545,39763037
4/10/2024,434.347,436.572,433.631,435.708,61877958
4/11/2024,437.587,443.62,435.3,442.665,45752391
4/12/2024,438.42,439.555,434.227,435.609,53992878
4/15/2024,439.376,439.466,427.598,428.441,63841311
4/16/2024,428.284,431.125,427.091,428.481,47909904
4/17/2024,430.469,430.489,422.319,423.254,57228065
4/18/2024,423.901,425.64,420.263,420.84,46833770
4/19/2024,419.656,420.184,410.561,412.132,75578651
4/22/2024,414.775,418.622,411.427,416.276,48099758
4/23/2024,418.216,423.691,416.327,422.489,44655923
4/24/2024,425.6,427.121,421.623,423.921,48736266
4/25/2024,416.694,422.738,415.6,421.872,57742824
4/26/2024,425.023,429.923,424.327,428.381,42130754
4/29/2024,430.499,431.125,427.369,430.123,30205590
4/30/2024,428.531,429.933,421.932,422.012,43932724
5/1/2024,420.58,427.528,418.106,418.961,52570955
5/2/2024,422.718,425.213,418.076,424.307,36782375
5/3/2024,431.801,433.83,429.993,432.835,48811671
5/6/2024,434.644,437.666,433.87,437.577,30411882
5/7/2024,438.024,439.286,436.911,437.647,31185474
5/8/2024,435.013,438.8,434.893,437.388,25048837
5/9/2024,437.657,438.918,435.798,438.342,24730300
5/10/2024,439.852,441.612,437.823,439.376,27282243
5/13/2024,441.294,441.393,438.968,440.389,23134682
5/14/2024,439.962,443.755,439.772,443.222,34688977
5/15/2024,445.708,450.398,444.186,450.15,41717992
5/16/2024,449.961,451.928,449.066,449.235,34992913
5/17/2024,449.365,449.971,446.81,449.017,36022473
5/20/2024,449.235,452.814,449.042,452.148,24623758
5/21/2024,450.289,453.22,450.09,453.033,23309270
5/22/2024,453.29,454.046,450.328,452.943,25273518
5/23/2024,457.754,457.784,449.107,450.906,41149116
5/24/2024,452.525,456.442,450.813,455.169,29850735
5/28/2024,456.392,456.948,453.916,456.888,26376994
5/29/2024,452.714,455.457,452.574,453.669,29920939
5/30/2024,452.734,452.873,447.476,448.808,30901778
5/31/2024,449.037,449.732,440.364,447.973,56283092
6/3/2024,451.809,452.814,445.18,450.378,33199075
6/4/2024,450.12,452.809,448.392,451.611,23912650
6/5/2024,455.198,460.795,451.648,460.715,34024027
6/6/2024,461.401,461.719,459.383,460.556,22101033
6/7/2024,460.188,462.912,459.036,460.149,25987534
6/10/2024,459.016,462.365,458.727,462.007,20846364
6/11/2024,460.725,465.297,459.224,465.178,22188022
6/12/2024,469.124,473.606,468.429,471.27,34743572
6/13/2024,474.819,475.484,471.539,473.825,26017007
6/14/2024,473.626,476.35,473.159,476.28,23515422
6/17/2024,476.549,483.904,475.237,482.115,37280900
6/18/2024,482.065,482.948,480.494,482.264,24587880
6/20/2024,483.467,483.883,476.706,478.547,34125919
6/21/2024,478.268,479.605,475.763,477.264,39673840
6/24/2024,476.031,477.774,471.691,471.83,37921386
6/25/2024,473.931,477.524,472.984,477.226,29382252
6/26/2024,476.4,478.758,475.981,478.211,22839746
6/27/2024,477.962,480.929,477.147,479.445,26340508
6/28/2024,480.242,485.01,476.31,476.957,35039045
7/1/2024,477.884,480.322,474.115,479.755,25010733
7/2/2024,478.251,484.851,478.121,484.791,26844196
7/3/2024,484.035,488.963,484.035,488.833,18146429
7/5/2024,489.68,494.368,489.38,493.931,28624574
7/8/2024,494.298,495.657,493.274,495.105,22209227
7/9/2024,496.628,497.753,494.011,495.533,25817275
7/10/2024,497.464,501.258,496.15,500.7,28173512
7/11/2024,500.809,501.018,488.52,489.719,50192152
7/12/2024,490.297,497.375,489.829,492.597,37276920
7/15/2024,494.378,498.759,491.87,493.921,31292011
7/16/2024,495.384,496.2,490.934,494.109,26067769
7/17/2024,486.085,486.602,479.535,479.605,56522779
7/18/2024,483.348,483.527,474.13,477.334,49570127
7/19/2024,476.997,479.525,471.81,473.104,42232648
7/22/2024,478.998,481.178,475.56,480.152,40481923
7/23/2024,479.247,482.253,477.981,478.461,23387557
7/24/2024,471.691,472.059,460.432,461.297,59084151
7/25/2024,461.636,465.837,453.583,456.211,59524259
7/26/2024,460.571,463.836,457.704,460.889,40172666
7/29/2024,463.618,465.808,459.54,461.816,28345861
7/30/2024,463.756,464.464,452.109,455.474,41503726
7/31/2024,465.768,470.665,464.314,468.953,44753254
8/1/2024,469.64,473.413,453.93,457.594,56909650
8/2/2024,448.863,451.532,442.472,446.733,66622644
8/5/2024,422.801,440.302,421.548,433.413,87878375
8/6/2024,435.265,445.062,432.607,437.555,63449569
8/7/2024,444.483,446.982,432.418,432.816,55177127
8/8/2024,439.077,446.972,435.185,446.056,48106259
8/9/2024,444.732,450.029,443.608,448.386,33725537
8/12/2024,449.362,452.329,446.538,449.352,27920479
8/13/2024,453.771,460.77,453.633,460.502,40265408
8/14/2024,461.427,463.02,456.34,460.65,34890543
8/15/2024,466.653,472.686,466.275,472.288,38453373
8/16/2024,470.496,474.269,469.53,472.896,38556896
8/19/2024,473.034,479.148,471.243,479.108,23844832
8/20/2024,478.191,480.769,476.4,478.101,29341198
8/21/2024,478.888,482.193,477.167,480.332,25774617
8/22/2024,482.662,483.358,471.681,472.716,37909942
8/23/2024,477.087,480.571,473.144,477.844,36224299
8/26/2024,477.296,478.221,471.114,473.204,27576569
8/27/2024,471.561,475.693,469.59,474.617,27634190
8/28/2024,474.15,474.876,465.788,469.233,37541144
8/29/2024,471.153,475.782,467.262,468.546,41266917
8/30/2024,472.906,474.757,468.396,474.13,33617549
9/3/2024,471.074,471.203,457.346,459.735,45188294
9/4/2024,456.608,462.363,455.673,458.54,32651838
9/5/2024,456.907,463.268,455.881,458.968,34607912
9/6/2024,458.261,459.148,446.176,446.673,50852916
9/9/2024,451.024,453.413,447.801,452.418,33130054
9/10/2024,454.19,457.107,450.198,456.599,29814303
9/11/2024,457.844,467.26,449.252,466.515,58104110
9/12/2024,466.544,471.91,464.751,471.094,40356818
9/13/2024,470.357,474.388,470.127,473.204,29243267
9/16/2024,471.064,471.731,467.779,471.114,22687553
9/17/2024,474.15,475.453,468.853,471.362,30220247
9/18/2024,472.567,476.678,468.713,469.321,40089375
9/19/2024,480.441,484.045,478.331,481.188,53020797
9/20/2024,480.322,481.516,476.15,480.272,34733755
9/23/2024,481.455,482.642,480.109,481.545,24920107
9/24/2024,482.96,484.824,478.683,483.868,26033218
9/25/2024,483.24,486.28,483.06,484.316,26632301
9/26/2024,491.843,492.172,484.296,487.955,32119626
9/27/2024,488.982,489.121,484.057,485.244,22922071
9/30/2024,484.276,486.898,481.425,486.56,30424779
10/1/2024,486.19,486.49,475.923,479.781,42868114
10/2/2024,478.873,482.382,476.241,480.458,23817772
10/3/2024,478.255,483.045,477.507,480.099,25415890
10/4/2024,485.942,486.37,480.892,485.812,30840369
10/7/2024,483.888,485.064,479.381,480.608,25052665
10/8/2024,483.16,488.473,482.347,487.786,28359799
10/9/2024,487.486,492.201,486.44,491.623,25072557
10/10/2024,489.331,492.939,488.015,491.065,25830399
10/11/2024,489.221,492.859,488.653,491.833,20708596
10/14/2024,494.235,497.286,493.727,495.96,26141060
10/15/2024,496.289,496.957,487.168,489.331,34892509
10/16/2024,489.66,490.168,486.06,489.39,23068179
10/17/2024,494.903,494.953,489.67,489.729,27295145
10/18/2024,492.531,494.036,491.773,492.939,25413693
10/21/2024,491.723,494.694,489.789,493.887,30430742
10/22/2024,491.205,495.905,490.447,494.425,26768698
10/23/2024,492.062,492.721,483.548,486.848,39468733
10/24/2024,490.587,491.474,487.925,490.796,22093315
10/25/2024,493.607,498.732,492.899,493.787,38882496
10/28/2024,496.917,496.977,493.567,493.867,20541360
10/29/2024,494.185,499.798,492.321,498.612,28101040
10/30/2024,497.844,498.801,494.355,494.843,29848350
10/31/2024,490.856,490.906,482.253,482.352,41373311
11/1/2024,483.998,489.232,483.698,485.922,33760255
11/4/2024,485.314,487.865,482.755,484.506,23363898
11/5/2024,486.1,491.355,486.011,490.687,24429231
11/6/2024,499.01,504.842,498.054,504.015,43215965
11/7/2024,506.826,512.738,506.767,511.951,32955126
11/8/2024,511.447,513.324,510.824,512.549,22995662
11/11/2024,513.775,513.984,509.339,512.249,24242517
11/12/2024,512.18,513.067,508.252,511.323,25915504
11/13/2024,510.814,513.386,508.371,510.665,24643696
11/14/2024,510.325,511.203,506.198,507.115,28768567
11/15/2024,501.384,501.772,492.959,495.033,51620837
11/18/2024,496.588,500.586,495.193,498.472,27277093
11/19/2024,495.881,502.394,495.541,501.902,24599162
11/20/2024,501.602,501.922,495.018,501.612,29657289
11/21/2024,504.673,505.391,496.02,503.417,34633941
11/22/2024,502.858,504.962,501.224,504.224,23900624
11/25/2024,508.321,509.869,502.702,505.022,26457059
11/26/2024,506.507,508.561,505.66,507.733,26639518
11/27/2024,506.597,506.667,500.376,503.736,25034932
11/29/2024,504.364,508.761,503.746,508.162,15381578
12/2/2024,509.429,514.662,509.039,513.695,25225245
12/3/2024,512.359,515.549,511.781,515.27,18655645
12/4/2024,518.71,521.9,517.992,521.64,26167218
12/5/2024,521.69,522.418,519.806,520.195,18226047
12/6/2024,520.863,525.089,520.733,524.851,23836392
12/9/2024,523.923,524.721,519.606,520.763,20738597
12/10/2024,521.999,523.754,517.553,518.988,24425645
12/11/2024,523.375,528.967,522.966,528.28,32268460
12/12/2024,526.047,527.323,524.391,524.871,23650710
12/13/2024,528.818,531.516,525.668,528.888,28869766
12/16/2024,531.43,537.481,531.35,536.504,32079158
12/17/2024,534.7,535.816,532.476,534.142,28667806
12/18/2024,533.494,535.218,513.416,514.871,54873004
12/19/2024,519.576,520.145,512.239,512.579,46585952
12/20/2024,508.86,523.195,507.713,517.054,60717902
12/23/2024,518.777,522.471,515.362,522.092,29717032
12/24/2024,524.049,529.261,523.41,529.171,17584388
12/26/2024,527.534,530.449,525.527,528.812,19170027
12/27/2024,525.227,525.666,517.089,521.782,33889998
12/30/2024,514.743,518.587,511.068,514.843,34635581
12/31/2024,516.131,516.889,509.5,510.469,29160432
1/2/2025,513.534,515.871,504.957,509.471,36444028
1/3/2025,512.586,518.872,511.767,517.808,29102838
1/6/2025,523.24,527.134,521.253,523.759,36163561
1/7/2025,524.808,525.207,512.516,514.413,36744965
1/8/2025,514.313,516.15,509.81,514.503,30823656
1/10/2025,510.719,510.819,503.17,506.435,40592915
1/13/2025,500.454,505.267,498.956,504.807,31741455
1/14/2025,507.983,509.396,500.843,504.328,33787528
1/15/2025,512.266,517.079,510.699,515.931,35009664
1/16/2025,518.208,518.287,512.186,512.316,28271117
1/17/2025,522.072,523.293,512.345,520.963,51915214
1/21/2025,523.699,525.187,519.286,524.019,23663192
1/22/2025,528.782,533.025,528.472,530.719,33643064
1/23/2025,528.253,531.967,527.663,531.847,23131017
1/24/2025,532.227,532.995,527.364,528.842,19907883
1/27/2025,510.239,517.219,509.391,513.445,60862285
1/28/2025,514.453,522.222,511.018,521.033,33243695
1/29/2025,521.682,521.812,516.129,520.055,26688736
1/30/2025,522.93,525.312,517.439,522.271,27472193
1/31/2025,526.136,530.727,520.414,521.513,38903373
2/3/2025,512.706,520.074,510.289,517.339,40641327
2/4/2025,517.858,524.328,517.459,523.689,26085580
2/5/2025,521.043,526.226,519.845,526.066,21165574
2/6/2025,526.575,529.021,524.959,528.812,19463424
2/7/2025,529.351,531.308,521.413,522.142,29649602
2/10/2025,526.435,529.568,525.966,528.462,20883868
2/11/2025,525.177,529.131,525.047,527.204,19354308
2/12/2025,521.523,528.402,521.173,527.514,25046642
2/13/2025,529.191,535.422,528.402,535.102,28757603
2/14/2025,535.207,538.038,534.873,537.349,17889199
2/18/2025,538.927,539.196,535.242,538.567,20595683
2/19/2025,537.768,540.005,535.662,538.717,19696177
2/20/2025,537.928,538.298,531.667,536.43,26590331
2/21/2025,537.579,537.599,524.928,525.297,47163951
2/24/2025,527.094,528.282,518.757,519.176,39326928
2/25/2025,518.467,518.547,508.682,512.556,49012978
2/26/2025,514.763,518.887,510.609,513.794,34508983
2/27/2025,517.359,518.297,499.306,499.525,52526148
2/28/2025,499.386,508.023,496.19,507.414,47725079
3/3/2025,510.759,512.276,492.845,496.31,44653669
3/4/2025,493.444,502.99,487.009,494.812,67976582
3/5/2025,495.461,502.88,490.529,501.263,46392778
3/6/2025,492.955,497.838,485.476,487.473,57660156
3/7/2025,486.435,492.546,479.815,491.058,54796287
3/10/2025,482.73,483.25,467.962,472.026,76782316
3/11/2025,471.647,478.092,466.315,470.898,68863271
3/12/2025,478.447,480.344,471.088,476.21,47041100
3/13/2025,475.541,475.571,465.736,467.643,46632759
3/14/2025,473.025,479.845,472.416,478.946,43627948
3/17/2025,478.896,485.117,477.089,482.051,41806581
3/18/2025,478.696,478.896,471.707,473.834,39130509
3/19/2025,476.1,484.608,474.163,480.174,40490602
3/20/2025,476.17,483.829,475.471,478.547,36835376
3/21/2025,473.374,480.893,472.201,480.124,42297832
3/24/2025,487.74,491.51,484.4,490.66,34567186
3/25/2025,491.39,493.62,490.42,493.46,26035241
3/26/2025,492.3,493.16,482.82,484.38,35043357
3/27/2025,482.41,486.579,480.25,481.62,33469817
3/28/2025,479.81,480.52,468.05,468.94,46363797
3/31/2025,461.92,469.86,457.33,468.92,53000303
4/1/2025,467.3,473.63,464.42,472.7,41156226
4/2/2025,466.12,479.56,465.86,476.15,49894489
4/3/2025,456.44,460.07,450.14,450.66,70456338
4/4/2025,438.14,440.37,422.67,422.67,117088441
4/7/2025,408.66,443.14,402.39,423.69,161556970
4/8/2025,438.16,443.138,409.79,416.06,101248060
4/9/2025,415.57,467.83,415.43,466,142876878
4/10/2025,453.56,455.59,432.63,446.18,108384092
4/11/2025,444.65,455.79,441.33,454.4,52483779
4/14/2025,464.46,465.05,452.63,457.48,43941179
4/15/2025,458.54,462.38,456.15,457.99,35404210
4/16/2025,449.03,452.62,437.76,444.18,48980552
4/17/2025,447.17,447.75,441.36,444.1,44837047
4/21/2025,438.23,439.08,427.93,433.11,44149313
4/22/2025,438.82,447.58,437.62,444.48,52304388
4/23/2025,458.17,463.38,452.88,454.56,55801136
4/24/2025,456.48,467.66,455.83,467.35,45956136
4/25/2025,466.97,473.09,465.39,472.56,38697063
4/28/2025,473.03,474.808,466.03,472.41,33550778
4/29/2025,470.17,476.424,469.59,475.53,30613120
4/30/2025,467.13,477.2,462.43,475.47,46810610
5/1/2025,483.41,487.18,480.74,481.68,43316539
5/2/2025,486.54,490.91,484.83,488.83,39218082
5/5/2025,484.6,489.03,484.1,485.93,28309490
5/6/2025,479.56,485.05,478.19,481.41,32786310
5/7/2025,482.08,485.8,476.782,483.3,38109864
5/8/2025,488.53,492.7,484.17,488.29,39577592
5/9/2025,490.21,491.54,486.195,487.97,27767416
5/12/2025,506.99,507.89,501.48,507.85,45090616
5/13/2025,509.16,517.39,508.42,515.59,53269573
5/14/2025,516.77,519.227,515.75,518.68,47014516
5/15/2025,516.52,521.93,515.17,519.25,50153275
5/16/2025,520.66,521.7,517.1,521.51,48394603
5/19/2025,514.24,522.53,514.24,522.01,52536154
5/20/2025,519.47,520.93,516.66,520.27,42517561
5/21/2025,516.27,523,511.24,513.04,71292831
5/22/2025,513.66,517.71,512.3,514,55607169
5/23/2025,506.18,511.84,505.58,509.24,58368075
5/27/2025,516.15,521.71,514.59,521.22,47226323
5/28/2025,522.18,523.68,518.39,518.91,46637175
5/29/2025,526.33,526.48,517.32,519.93,58724069
5/30/2025,519.44,520.68,511.93,519.11,67662836
6/2/2025,517.24,523.45,515.97,523.21,44762817
6/3/2025,523.56,528.74,522.69,527.3,44070330
6/4/2025,528.01,529.84,525.9694,528.77,41359322
6/5/2025,530.18,533.05,522.66,524.79,61286623
6/6/2025,530,531.8,528.21,529.92,42467021
6/9/2025,530.14,532.35,529.01,530.7,33688671
6/10/2025,531.17,534.9,528.89,534.21,40664795
6/11/2025,535.62,536.78,530.11,532.41,53701033
6/12/2025,531.09,534.6438,530.84,533.66,34104887
6/13/2025,527.68,531.87,525.73,526.96,55814443
6/16/2025,530.5,535.37,530.45,534.29,37622051
6/17/2025,531.71,533.325,527.91,529.08,42180866
6/18/2025,530.1,532.55,527.4,528.99,43983522
6/20/2025,532.26,533.56,524.88,526.83,61643519
6/23/2025,526.81,532.17,523.65,531.65,50666146
6/24/2025,536.89,540.7,536.27,539.78,45441982
6/25/2025,542.06,543.31,539.38,541.16,44804168
6/26/2025,543.35,546.67,541.52,546.22,43811432
6/27/2025,547.26,549.99,544.545,548.09,57577147
6/30/2025,551.26,552.8,549.01,551.64,45548742
7/1/2025,549.73,550.71,544.66,546.99,56166736
7/2/2025,546.16,551,546.12,550.8,36538281
7/3/2025,553.18,557.2,553.18,556.22,26443524
7/7/2025,553.52,554.34,549.58,552.03,45349323
7/8/2025,553.38,554.01,551.1,552.34,36153258
7/9/2025,554.48,557.63,553.1,556.25,43045534
7/10/2025,556.89,557.3,552.75,555.45,34710913
7/11/2025,553.3,555.79,552.05,554.2,39618635
7/14/2025,553.99,556.945,551.63,556.21,36453314
7/15/2025,560.25,560.8,556.66,556.72,43277661
7/16/2025,557.28,560.21,551.56,557.29,52314711
7/17/2025,558.02,562.31,557.21,561.8,40423778
7/18/2025,563.12,564.7262,559.98,561.26,50484704
7/21/2025,562.09,566.06,562.06,564.17,39595214
7/22/2025,564.3,564.35,558.61,561.25,43270647
7/23/2025,562.34,563.85,559.58,563.81,40215259
7/24/2025,565.13,566.24,563.295,565.01,42275541
7/25/2025,564.93,567.695,564.27,566.37,30630813
7/28/2025,567.74,569.04,566.87,568.14,31498739
7/29/2025,570.76,572.11,566.53,567.26,45463317
7/30/2025,568.18,570.62,565.05,568.02,43433777
7/31/2025,574.54,574.63,563.87,565.01,64613590
8/1/2025,558.83,559.02,551.68,553.88,69400789
8/4/2025,559.05,564.315,558.95,564.1,47669751
8/5/2025,565.39,566.5607,559.73,560.27,48666640
8/6/2025,561.11,567.76,560.63,567.32,41823677
8/7/2025,571.67,573.32,565.11,569.24,44462972
8/8/2025,570.45,574.77,570.15,574.55,35255472
8/11/2025,574.69,576.8,571.57,572.85,33112917
8/12/2025,575.16,580.35,572.485,580.05,42271441
8/13/2025,582.76,583.3199,578.94,580.34,41209294
8/14/2025,578.28,581.88,577.91,579.89,45425043
8/15/2025,579.8,579.84,575.5743,577.34,49480161
8/18/2025,576.44,577.765,575.2412,577.11,29830957
8/19/2025,576.39,576.56,568.25,569.28,53752635
8/20/2025,568.33,568.45,558.84,565.9,76781087
8/21/2025,564.35,566.49,560.98,563.28,46436899
8/22/2025,564.67,573.99,563.27,571.97,51502129
8/25/2025,570.4,573.2871,569.16,570.32,34044749
8/26/2025,569.83,572.92,568.8,572.61,34103014
8/27/2025,571.59,574.405,570.37,573.49,36927144
8/28/2025,574.11,578,572.46,577.08,46787857
8/29/2025,574.655,575.03,568.54,570.4,56030409
9/2/2025,561.31,565.965,559.535,565.62,65876765
9/3/2025,569.23,571.695,566.725,570.07,54230213
9/4/2025,570.74,575.6,569.025,575.23,47526280
9/5/2025,580.49,581.12,571.53,576.06,68342532
9/8/2025,578.37,580.84,577.77,578.87,46371354
9/9/2025,579.67,580.94,577.04,580.51,44007592
9/10/2025,583.74,583.77,578.55,580.7,49307959
9/11/2025,583.24,584.88,581.62,584.08,44745766
9/12/2025,585.04,587.86,584.1,586.66,50745886
9/15/2025,588.44,591.79,588.295,591.68,44360315
9/16/2025,592.61,592.86,590.49,591.18,36942130
9/17/2025,591.1,591.75,584.365,590,69384820
9/18/2025,594.91,598.14,592.96,595.32,61069294
9/19/2025,597.33,600.05,595.85,599.35,58196109
9/22/2025,597.74,602.87,597.72,602.2,57154769
9/23/2025,602.37,602.57,596.98,598.2,64635486
9/24/2025,599.58,599.9,593.36,596.1,49850301
9/25/2025,592.2,595.115,588.5,593.53,70920209
9/26/2025,594.35,596.3,591.06,595.97,54337416
9/29/2025,599.11,602.05,597.41,598.73,48332934
9/30/2025,598.43,600.71,596.1,600.37,46533814
10/1/2025,597.17,603.79,596.34,603.25,46899612
10/2/2025,607.06,607.16,602.93,605.73,43765410
10/3/2025,606.51,607.3255,601.385,603.18,46482098
10/6/2025,608.45,609.36,605.97,607.71,41962115
10/7/2025,609.02,609.71,603.03,604.51,58209463
10/8/2025,605.41,611.75,605.26,611.44,50629754
10/9/2025,611.48,611.61,607.48,610.7,45550958
10/10/2025,611.4,613.18,589.05,589.5,97614783
10/13/2025,599.68,602.95,597.23,602.01,65872584
10/14/2025,595.31,602.69,590.13,598,69203187
10/15/2025,604.01,606.7,595.93,602.22,62805456
10/16/2025,605.11,608.31,595.5,599.99,70981963
10/17/2025,597.95,605.51,596.37,603.93,72024872
10/20/2025,607.14,612.8,607.065,611.54,45761697
10/21/2025,611.64,612.7213,609.32,611.38,44538161
10/22/2025,610.82,611.41,599.74,605.49,61478802
10/23/2025,604.91,611.37,604.52,610.58,42844298
10/24/2025,615.99,618.42,615.13,617.1,47632473
10/27/2025,624.52,628.55,624.03,628.09,54098611
10/28/2025,630.36,634.68,629.25,632.92,61195733
10/29/2025,635.59,637.01,630.25,635.77,67422806
10/30/2025,632.17,633.5,625.94,626.05,61628621
10/31/2025,634.17,634.2,626.69,629.07,66305147
11/3/2025,635.11,635.82,629.85,632.08,37154307
11/4/2025,623.28,626.95,618.455,619.25,63830768
11/5/2025,618.49,626.6,617.21,623.28,48688484
11/6/2025,621.79,622.04,610.3,611.67,72115128
11/7/2025,608.31,609.95,598.67,609.74,81835388
11/10/2025,618.92,624.31,616.89,623.23,55919931
11/11/2025,620.57,622.72,617.52,621.57,44868841
11/12/2025,624.84,624.86,617.81,621.08,47444384
11/13/2025,617.54,618.12,606.08,608.4,71333634
11/14/2025,599.55,613.35,597.17,608.86,80087291
11/17/2025,606.3,612.48,599.87,603.66,63850367
11/18/2025,599.62,602.31,591.34,596.31,83327279
11/19/2025,597.07,606.16,594.59,599.87,73111487
11/20/2025,611.62,614.03,584.75,585.67,117743195
11/21/2025,587.47,596.98,580.74,590.07,103344155
11/24/2025,595.28,606.68,595.16,605.16,60168149
11/25/2025,603.51,610.2601,597.32,608.89,57560867
11/26/2025,612.51,616.19,610.39,614.27,42393598
11/28/2025,616.11,619.32,615.4174,619.25,23034394
12/1/2025,613.63,619.4401,612.52,617.17,40957588
12/2/2025,619.46,623.75,617.59,622,54541834
12/3/2025,619.62,624.22,618.03,623.52,47841627
12/4/2025,624.93,624.94,619.54,622.94,47067751
12/5/2025,624.38,628.92,623.71,625.48,53614169
12/8/2025,627.21,628.84,621.69,624.28,43462406
12/9/2025,623.01,625.87,621,625.05,37155999
12/10/2025,623.85,629.21,620.99,627.61,55031384
12/11/2025,623.82,625.78,617.72,625.58,58272844
12/12/2025,622.08,623.54,611.36,613.62,75158726
12/15/2025,618.37,618.42,609.32,610.54,49538197
12/16/2025,608.26,613.51,606.9101,611.75,55152819
12/17/2025,613.06,613.65,600.28,600.41,70654327
12/18/2025,609.8,612.93,606.92,609.11,78875824
12/19/2025,611.95,617.62,611.87,617.05,60369829
12/22/2025,621.35,621.65,617.77,619.21,43703101
12/23/2025,618.2,622.41,617.78,622.11,41120445
12/24/2025,621.99,624.28,621.72,623.93,18468707
12/26/2025,624.66,625.515,623.14,623.89,28959778
12/29/2025,620.1,622.78,618.73,620.87,32458308
12/30/2025,619.84,622.18,619.215,619.43,31226754
12/31/2025,619.65,619.96,614.05,614.31,40746527
1/2/2026,620.06,622.85,610.15,613.12,61859163
1/5/2026,619.32,620.81,616.72,617.99,46828359
1/6/2026,619.23,624.0213,618.54,623.42,43137520
1/7/2026,623.04,627.94,622.56,624.02,44880339
1/8/2026,623.03,623.42,617.8,620.47,50435941
1/9/2026,621.41,627.89,619.06,626.65,49688734
1/12/2026,622.31,628.845,622.26,627.17,37388651
1/13/2026,627.27,629.47,623.695,626.24,44481380
1/14/2026,622.24,623.45,614.56,619.55,72598700
1/15/2026,626.6,630,620.75,621.78,53934892
1/16/2026,625.5,626.08,618.88,621.26,61058094
1/20/2026,610.53,615.055,607.05,608.06,81988898
1/21/2026,609.47,620.42,607.8635,616.28,79837881
1/22/2026,622.35,622.46,617.78,620.76,42254757
1/23/2026,619.73,625.3999,618.65,622.72,43645825
1/26/2026,623.21,627.61,622.12,625.46,35983008
1/27/2026,628.91,632.0427,627.34,631.13,38997212
1/28/2026,635.46,636.6,631.81,633.22,50691691
1/29/2026,632.65,633.67,618.27,629.43,79944047
1/30/2026,625.71,628.256,619.2975,621.87,65650714
2/2/2026,618.7,628.49,618.66,626.14,49020292
2/3/2026,628.3,629.98,610.96,616.52,81233969
2/4/2026,615.02,615.1,600.47,605.75,81850748
2/5/2026,600.21,604.81,594.76,597.03,89354492
2/6/2026,600.19,611.41,598.77,609.65,78019338
2/9/2026,607.54,616.46,605.07,614.32,56797557
2/10/2026,615.305,617.02,611.01,611.47,53938859
2/11/2026,616.38,617.52,607.69,613.11,58575101
2/12/2026,614.71,615.81,599.5699,600.64,81378903
2/13/2026,600.43,606.48,596.42,601.92,69237547
2/17/2026,598.375,603.95,593.34,601.3,69013763
2/18/2026,602.11,609.771,600.72,605.79,64250668
2/19/2026,602.81,605.815,600.75,603.47,60960839
2/20/2026,600.12,610.35,599.23,608.81,74127323
2/23/2026,606.605,608.01,599.05,601.41,63859111
2/24/2026,602.4,608.99,599.73,607.87,55023732
2/25/2026,611.07,616.83,611,616.68,55710700
2/26/2026,615.59,615.59,603.98,609.24,95536906
2/27/2026,602.98,608.32,602.19,607.29,67964699
3/2/2026,598.86,609.92,597.99,608.09,75264644
3/3/2026,596.33,603.96,591.87,601.67,97015532
3/4/2026,604.16,612.88,603.43,610.72,70943888
3/5/2026,607.4,612.76,602.26,608.93,89602407
3/6/2026,600.31,606,598.33,599.83,86302307
3/9/2026,594.225,609.27,591.33,607.71,93068170
3/10/2026,607.78,613.29,605.42,607.73,64078867
3/11/2026,608.95,612.43,605.03,607.69,60114800
3/12/2026,602.76,604.14,597.05,597.26,71836629
3/13/2026,599.73,603.5999,592.57,593.72,63145490
3/16/2026,600.04,603.86,599.11,600.38,49077155
3/17/2026,603.14,605.9,601.87,603.31,47106607
3/18/2026,601.49,603.16,594.56,594.9,56127962
3/19/2026,589.51,595.8,587.08,593.02,75597578
3/20/2026,591.06,591.17,578.54,582.06,91964677
3/23/2026,590.52,595.08,585.96,588,89936118
3/24/2026,584.81,587.93,581.93,583.98,57750895
3/25/2026,589.14,591.37,585.69,587.82,60475491
3/26/2026,582.6,584.63,573.43,573.79,81492124
3/27/2026,570.81,571.02,561.57,562.58,82702240
3/30/2026,567.38,568.05,555.6,558.28,70602622
3/31/2026,564.29,578.64,564.21,577.18,95877997
4/1/2026,581.48,587.739,580.42,584.31,79435132
4/2/2026,573.97,586.05,571.92,584.98,50941709
4/6/2026,586.23,590.61,584.69,588.5,35108496
4/7/2026,585.64,588.98,578.4001,588.59,49948195
4/8/2026,608.71,609.9,602.12,606.09,63085996
4/9/2026,605.93,610.5,603.03,610.19,37837538
4/10/2026,611.84,613.67,609.58,611.07,34038533
4/13/2026,609.48,626.74,608.11,617.39,32972110
4/14/2026,620.22,628.6,620.1,628.6,49921082
4/15/2026,629.08,637.83,628.2,637.4,50102386
4/16/2026,639.21,642.18,635.255,640.47,42320581
4/17/2026,645.59,650,644.07,648.85,53488871
4/20/2026,648.04,648.76,642.52,646.79,37138511
4/21/2026,648.41,650.2,642.21,644.33,39580523
4/22/2026,650.15,655.33,648.52,655.11,37368402
4/23/2026,653.55,656.92,645.52,651.42,40099827
4/24/2026,658.51,664.51,656.5301,663.88,45563050
4/27/2026,663.4,664.43,660.69,664.23,32717030
4/28/2026,657.41,659.64,653.81,657.55,34147916
4/29/2026,658.63,661.72,656.5899,661.57,31724860
4/30/2026,665.35,668.9,657.56,667.74,40622226
5/1/2026,669.16,675.97,668.8,674.15,39172607
5/4/2026,674.66,676.73,668.9,672.88,34541990
5/5/2026,677.96,682.7734,677.51,681.61,37101063
5/6/2026,687.78,695.93,686.48,695.77,38778492
5/7/2026,696.58,701.24,691.77,694.94,43779087
5/8/2026,699.92,711.23,699.5,711.23,44320421
5/11/2026,710.36,714.59,708.91,713.29,36019146
5/12/2026,708.22,710.18,696.64,707.24,45873009
5/13/2026,709.96,716.65,704.83,714.71,40012526
5/14/2026,714.62,722.03,714.22,719.79,33327545
5/15/2026,710.14,715.13,705.55,708.93,51792656
5/18/2026,711.54,712.07,698.85,705.88,49834549
5/19/2026,699.81,706.49,695.25,701.53,46827529
5/20/2026,705.29,713.15,703.79,713.15,36779222
5/21/2026,708.99,717.12,706.77,714.51,36415360
5/22/2026,718.07,722.12,715.95,717.54,33118575
5/26/2026,725.96,731.17,724.16,730.28,34254692
5/27/2026,732.96,733.32,725.44,729.45,35148674
5/28/2026,729.73,736.6,726.41,735.6,32839952
5/29/2026,737.84,741.63,735.25,738.31,37258200
