Date,Open,High,Low,AdjClose,Volume
1/2/2015,21.9454,22.0161,21.6896,21.824,200541.5907
1/5/2015,21.6976,21.8777,21.4439,21.4897,982914.5905
1/6/2015,21.5196,21.5932,21.1832,21.3225,239594.6648
1/7/2015,21.435,21.5852,21.422,21.5802,164797.9629
1/8/2015,21.7942,22.0041,21.7623,21.9822,163527.6501
1/9/2015,21.9215,22.021,21.7404,21.814,175637.8316
1/12/2015,21.831,21.8837,21.613,21.6548,98904.50558
1/13/2015,21.8409,22.0181,21.4748,21.633,102888.303
1/14/2015,21.4439,21.5554,21.3524,21.5374,177224.7176
1/15/2015,21.5692,21.6598,21.3086,21.3106,85877.76926
1/16/2015,21.2509,21.616,21.2509,21.611,147648.7399
1/20/2015,21.6916,21.7076,21.4588,21.6648,114246.7488
1/21/2015,21.633,21.819,21.5354,21.7683,75266.03429
1/22/2015,21.8907,22.1245,21.6896,22.0977,105636.9625
1/23/2015,22.0747,22.1435,22.026,22.0419,127395.0894
1/26/2015,22.0747,22.1205,21.9693,22.1205,622428.1545
1/27/2015,21.7762,21.9026,21.639,21.7294,139862.0439
1/28/2015,21.9753,21.9753,21.5066,21.5066,336192.7084
1/29/2015,21.5574,21.7762,21.415,21.7514,157723.8079
1/30/2015,21.7294,21.7683,21.42,21.4608,175599.6418
2/2/2015,21.4628,21.6688,21.2399,21.6688,971716.9438
2/3/2015,21.7812,21.8857,21.6508,21.8817,1532557.037
2/4/2015,21.8021,21.9563,21.7643,21.822,155122.8826
2/5/2015,21.9424,22.0767,21.9285,22.0747,86364.18651
2/6/2015,22.0747,22.1385,21.8728,21.9086,986784.8236
2/9/2015,21.8797,21.9185,21.7663,21.8101,52849.63608
2/10/2015,21.9384,22.1245,21.9026,22.0917,200420.9914
2/11/2015,22.1365,22.1971,22.0439,22.1623,56568.11504
2/12/2015,22.2479,22.3792,22.2479,22.3673,63146.80783
2/13/2015,22.428,22.4837,22.3792,22.4837,80901.03741
2/17/2015,22.5255,22.5504,22.43,22.5096,80296.03083
2/18/2015,22.5096,22.5802,22.4628,22.5802,219007.3563
2/19/2015,22.5554,22.622,22.5554,22.5683,94064.45296
2/20/2015,22.5892,22.7634,22.5255,22.7384,127145.8508
2/23/2015,22.7384,22.7922,22.7086,22.7922,74681.12759
2/24/2015,22.7862,22.832,22.7394,22.7972,93145.88815
2/25/2015,22.7862,22.8638,22.7752,22.7862,63507.60079
2/26/2015,22.8031,22.834,22.7454,22.824,55952.05353
2/27/2015,22.811,22.839,22.7424,22.7424,41814.79849
3/2/2015,22.817,22.9335,22.7682,22.9285,1332624.472
3/3/2015,22.8578,22.8698,22.6886,22.8012,195175.9261
3/4/2015,22.7294,22.7544,22.5912,22.7106,150923.0114
3/5/2015,22.7892,22.7972,22.6847,22.7614,96038.26179
3/6/2015,22.7086,22.7086,22.3673,22.425,188096.7461
3/9/2015,22.5006,22.5643,22.4419,22.5285,128787.0066
3/10/2015,22.3723,22.4021,22.1653,22.1653,146051.8039
3/11/2015,22.2399,22.2399,22.0767,22.0797,64613.09454
3/12/2015,22.1155,22.3265,22.1155,22.3265,54886.75955
3/13/2015,22.2827,22.3365,22.0897,22.2221,116396.4316
3/16/2015,22.3076,22.5235,22.2479,22.5205,154911.8338
3/17/2015,22.4837,22.5484,22.3723,22.5006,113304.0641
3/18/2015,22.4439,22.811,22.3076,22.7136,101353.6767
3/19/2015,22.6906,22.7842,22.6867,22.7454,101795.8742
3/20/2015,22.9354,22.9971,22.8518,22.9354,115345.2076
3/23/2015,22.9354,22.9534,22.8518,22.8518,88227.44597
3/24/2015,22.8638,22.9136,22.7682,22.7722,61318.72317
3/25/2015,22.8051,22.8051,22.3175,22.3175,124842.4039
3/26/2015,22.2151,22.3663,22.1553,22.2717,148667.8041
3/27/2015,22.2967,22.3733,22.2599,22.3523,98816.06608
3/30/2015,22.5086,22.5872,22.4847,22.5633,95731.73853
3/31/2015,22.4996,22.5683,22.3474,22.3474,177516.1659
4/1/2015,22.3295,22.3563,22.1036,22.2339,69259.18326
4/2/2015,22.2599,22.3414,22.2419,22.3265,68375.79326
4/6/2015,22.1673,22.5156,22.1036,22.4529,115578.3663
4/7/2015,22.5016,22.5683,22.4111,22.42,92870.51971
4/8/2015,22.4877,22.5384,22.42,22.5195,67938.62073
4/9/2015,22.5683,22.5912,22.4459,22.5892,82531.13819
4/10/2015,22.628,22.6926,22.617,22.6867,67938.62073
4/13/2015,22.6698,22.7972,22.5942,22.612,88669.64347
4/14/2015,22.619,22.619,22.4558,22.5683,74552.48832
4/15/2015,22.6608,22.7334,22.637,22.6818,66842.17193
4/16/2015,22.6728,22.7246,22.637,22.6648,95383.0055
4/17/2015,22.5564,22.5564,22.3434,22.4011,119106.9013
4/20/2015,22.5962,22.6966,22.5434,22.6578,65004.03733
4/21/2015,22.7822,22.7972,22.6906,22.6906,56085.71777
4/22/2015,22.7246,22.836,22.6628,22.829,79933.22789
4/23/2015,22.7314,22.9265,22.7314,22.9116,45441.82297
4/24/2015,22.9484,23.0141,22.9156,22.9743,89987.19102
4/27/2015,23.0807,23.0837,22.8578,22.8578,85140.10344
4/28/2015,22.9305,22.9564,22.7294,22.8946,52055.69057
4/29/2015,22.832,22.836,22.622,22.7614,61318.72317
4/30/2015,22.6668,22.7036,22.3663,22.431,87350.08594
5/1/2015,22.628,22.7394,22.5633,22.7314,1169458.62
5/4/2015,22.8439,22.9066,22.7574,22.7634,502457.963
5/5/2015,22.7574,22.7574,22.4718,22.4718,62642.30069
5/6/2015,22.5633,22.6012,22.2717,22.3703,77051.90918
5/7/2015,22.3733,22.5643,22.3733,22.5215,60019.26552
5/8/2015,22.7634,22.8638,22.7314,22.829,103667.1736
5/11/2015,22.8489,22.8608,22.7226,22.7226,40144.49794
5/12/2015,22.5544,22.7574,22.4927,22.6608,35792.87255
5/13/2015,22.7196,22.7722,22.63,22.633,23813.34031
5/14/2015,22.7752,22.9534,22.7494,22.9534,57788.17814
5/15/2015,22.9912,23.0081,22.9285,22.9583,39497.2816
5/18/2015,22.9693,23.0767,22.9504,23.0579,96462.3694
5/19/2015,23.0529,23.0977,23.023,23.023,46319.18301
5/20/2015,23.0668,23.1086,22.9683,23.0061,39701.29544
5/21/2015,23.0111,23.0837,22.9812,23.0419,30001.09031
5/22/2015,23.0499,23.0807,23.028,23.0499,47193.52807
5/26/2015,22.9633,22.9882,22.7226,22.7822,61330.7831
5/27/2015,22.8578,23.0688,22.829,23.0499,54258.63811
5/28/2015,23.028,23.0529,22.9305,23.0111,38915.38989
5/29/2015,22.9354,23.0111,22.812,22.8578,63523.6807
6/1/2015,22.9583,23.0001,22.817,22.9116,33213.05214
6/2/2015,22.829,22.9683,22.7702,22.8946,1252902.293
6/3/2015,22.9116,23.0061,22.8976,22.9096,59111.75566
6/4/2015,22.8608,22.8678,22.7056,22.7056,40579.66048
6/5/2015,22.6698,22.7594,22.627,22.6867,107196.7137
6/8/2015,22.6508,22.6728,22.4996,22.5484,37933.51044
6/9/2015,22.5384,22.5633,22.4051,22.4847,153786.2402
6/10/2015,22.5663,22.82,22.5663,22.7802,34964.75723
6/11/2015,22.8538,22.8976,22.812,22.8419,44800.6366
6/12/2015,22.7056,22.7912,22.639,22.6668,65288.45072
6/15/2015,22.4429,22.5912,22.4429,22.5643,124402.2164
6/16/2015,22.5544,22.7176,22.5544,22.6926,51609.47309
6/17/2015,22.7702,22.812,22.635,22.7782,105876.1512
6/18/2015,22.7952,23.0628,22.7952,23.0399,42350.46046
6/19/2015,22.9534,23.0141,22.9136,22.9285,51422.54415
6/22/2015,23.0171,23.1474,23.0171,23.0549,87891.77787
6/23/2015,23.1106,23.1335,23.0061,23.0579,34745.66847
6/24/2015,23.031,23.0947,22.9245,22.9265,61091.59446
6/25/2015,22.9285,23.0021,22.8778,22.9096,65481.40963
6/26/2015,22.8798,22.9186,22.7752,22.834,41751.48385
6/29/2015,22.6608,22.7226,22.3345,22.3434,168323.4829
6/30/2015,22.5305,22.5404,22.3434,22.4419,99396.9528
7/1/2015,22.613,22.631,22.4628,22.5255,1365890.789
7/2/2015,22.616,22.6608,22.5255,22.5952,64159.8421
7/6/2015,22.4091,22.6041,22.3971,22.5235,81746.23763
7/7/2015,22.5116,22.6886,22.2787,22.6548,62851.3395
7/8/2015,22.5344,22.5344,22.2767,22.3265,75151.46493
7/9/2015,22.5006,22.5932,22.3434,22.3543,56253.55182
7/10/2015,22.5762,22.6728,22.5444,22.6548,43949.40642
7/13/2015,22.8031,22.9245,22.8031,22.9205,68119.51971
7/14/2015,22.9723,23.0579,22.9136,23.023,91438.40281
7/15/2015,23.0529,23.0807,22.9842,23.0001,42296.19077
7/16/2015,23.1494,23.2389,23.1494,23.2389,49220.6016
7/17/2015,23.3503,23.3633,23.2787,23.3603,156456.5101
7/20/2015,23.4111,23.4857,23.3603,23.4499,185458.636
7/21/2015,23.4379,23.4379,23.3235,23.3842,91409.25798
7/22/2015,23.2241,23.2977,23.1434,23.2609,73836.93237
7/23/2015,23.2649,23.3037,23.1036,23.1155,34279.35111
7/24/2015,23.1106,23.2151,22.9205,22.9504,462766.7175
7/27/2015,22.8489,22.9066,22.7802,22.7922,78227.75253
7/28/2015,22.9354,23.0907,22.836,23.0837,104594.7834
7/29/2015,23.1285,23.2469,23.0907,23.2379,66800.96716
7/30/2015,23.1663,23.2639,23.0867,23.2589,55815.3743
7/31/2015,23.3215,23.3215,23.2221,23.2339,111631.7536
8/3/2015,23.2499,23.2559,23.0767,23.1543,89094.75607
8/4/2015,23.2081,23.2221,23.1086,23.1613,75151.46493
8/5/2015,23.2609,23.3633,23.2051,23.2339,94482.53059
8/6/2015,23.2667,23.2667,22.8857,22.9952,143014.7111
8/7/2015,22.9564,22.9564,22.7802,22.9245,95812.13807
8/10/2015,23.0807,23.2101,23.0807,23.1813,56253.55182
8/11/2015,23.0499,23.0947,22.9096,22.9912,47447.79163
8/12/2015,22.8051,22.9882,22.636,22.9792,119094.8414
8/13/2015,23.0111,23.1255,22.9404,23.0041,90092.71542
8/14/2015,22.9792,23.0987,22.9633,23.0937,38230.98876
8/17/2015,23.0141,23.2509,22.9693,23.2509,96248.30561
8/18/2015,23.1862,23.2609,23.1543,23.1911,39112.36878
8/19/2015,23.0887,23.1941,22.9384,23.0907,89655.5429
8/20/2015,22.8638,22.8658,22.5344,22.5404,117781.3138
8/21/2015,22.3086,22.3971,21.7722,21.8071,292693.5395
8/24/2015,19.5254,21.5692,15.5613,20.9355,1374966.893
8/25/2015,21.3484,21.9583,20.6837,20.6837,680312.8121
8/26/2015,20.9026,21.5752,20.8648,21.5752,182385.3634
8/27/2015,21.7772,22.0707,21.622,22.0569,257096.6408
8/28/2015,21.9563,22.1026,21.9335,22.0191,105920.3709
8/31/2015,21.9713,22.0001,21.7653,21.821,135361.6794
9/1/2015,21.607,21.607,21.0877,21.2339,180183.4209
9/2/2015,21.2967,21.6508,21.2947,21.6508,95812.13807
9/3/2015,21.7434,21.8907,21.5752,21.624,175791.5957
9/4/2015,21.3733,21.436,21.2011,21.3305,98880.38572
9/8/2015,21.6798,21.8479,21.5972,21.8479,75586.62747
9/9/2015,22.0539,22.0767,21.5374,21.5374,94052.39303
9/10/2015,21.5235,21.8379,21.5235,21.6926,47795.51966
9/11/2015,21.634,21.7922,21.5882,21.7842,50108.01158
9/14/2015,21.8976,21.8976,21.6996,21.7324,41313.30633
9/15/2015,21.816,22.0807,21.7524,22.026,33837.15361
9/16/2015,22.0787,22.1703,21.9852,22.1643,64599.02462
9/17/2015,22.1673,22.4419,22.1573,22.1693,114377.3981
9/18/2015,21.8927,22.1155,21.8081,21.8787,67893.39599
9/21/2015,22.0121,22.1056,21.8399,21.9534,35017.01694
9/22/2015,21.7006,21.7265,21.5564,21.7006,74410.78412
9/23/2015,21.6916,21.7603,21.606,21.6788,31517.62673
9/24/2015,21.5126,21.6012,21.3185,21.5842,47354.32716
9/25/2015,21.818,21.818,21.4111,21.5046,44650.89245
9/28/2015,21.3812,21.3812,20.8648,20.8986,320369.0729
9/29/2015,20.9484,21.1315,20.7583,20.9036,156710.7736
9/30/2015,21.1385,21.3135,21.0619,21.2986,103313.4156
10/1/2015,21.3543,21.3842,21.1593,21.3135,53844.58045
10/2/2015,21.1415,21.7394,21.0907,21.7364,42031.87726
10/5/2015,21.8748,22.0867,21.8748,22.0787,60821.25099
10/6/2015,22.0419,22.0957,21.8469,21.9434,104618.9033
10/7/2015,22.0648,22.1295,21.9165,22.1056,84486.85713
10/8/2015,22.0529,22.3076,22.022,22.2847,78357.3968
10/9/2015,22.3345,22.3842,22.2727,22.3514,63909.59852
10/12/2015,22.3842,22.426,22.3185,22.4031,88328.9504
10/13/2015,22.3275,22.4578,22.2101,22.2519,27578.04901
10/14/2015,22.2609,22.2658,22.1265,22.1483,75728.33167
10/15/2015,22.2847,22.4927,22.1971,22.4767,95871.43274
10/16/2015,22.5285,22.5663,22.4857,22.5444,44650.89245
10/19/2015,22.5325,22.6748,22.5235,22.6628,129515.6274
10/20/2015,22.632,22.6926,22.5464,22.5902,27204.19113
10/21/2015,22.6906,22.6906,22.4698,22.4787,39395.77717
10/22/2015,22.6051,22.8489,22.6051,22.814,88858.5824
10/23/2015,23.2011,23.2509,23.0529,23.1991,194361.8807
10/26/2015,23.1643,23.2369,23.1056,23.1991,366398.8176
10/27/2015,23.1743,23.2449,23.1036,23.1593,86231.52726
10/28/2015,23.2817,23.4181,23.1056,23.4141,53401.37795
10/29/2015,23.3435,23.4827,23.3435,23.4499,85804.40468
10/30/2015,23.4857,23.5116,23.3285,23.3285,124756.9794
11/2/2015,23.3971,23.6051,23.3921,23.6051,140820.8085
11/3/2015,23.5504,23.7086,23.4857,23.619,252142.0189
11/4/2015,23.7236,23.7534,23.5096,23.6071,222910.7542
11/5/2015,23.629,23.6748,23.4579,23.5524,181659.7575
11/6/2015,23.5524,23.5772,23.3971,23.5295,155401.266
11/9/2015,23.4757,23.4757,23.1862,23.2997,184985.2837
11/10/2015,23.2509,23.3265,23.2081,23.2827,85356.17721
11/11/2015,23.4011,23.4011,23.2419,23.2469,36327.52953
11/12/2015,23.1961,23.2051,22.9743,22.9952,256083.6066
11/13/2015,22.9603,22.9603,22.623,22.641,122573.1267
11/16/2015,22.6508,22.9653,22.6508,22.9653,78357.3968
11/17/2015,23.0041,23.1255,22.9454,22.9971,58223.34068
11/18/2015,23.0767,23.3862,23.0628,23.3365,425053.3008
11/19/2015,23.3951,23.4141,23.3405,23.3553,144452.858
11/20/2015,23.4359,23.5404,23.4359,23.4877,105496.2633
11/23/2015,23.5365,23.5882,23.43,23.4668,103741.5432
11/24/2015,23.3882,23.5116,23.2697,23.4857,68285.34377
11/25/2015,23.5215,23.5315,23.4757,23.5026,116884.8589
11/27/2015,23.5454,23.5484,23.4549,23.5056,34578.83942
11/30/2015,23.5972,23.5972,23.3533,23.3653,73979.64156
12/1/2015,23.5185,23.6071,23.4827,23.6051,105868.1112
12/2/2015,23.6548,23.6758,23.3813,23.4141,100420.037
12/3/2015,23.4668,23.4668,22.9603,23.0469,113464.8632
12/4/2015,23.1494,23.5524,23.1494,23.5384,74410.78412
12/7/2015,23.5643,23.5643,23.3135,23.3971,103741.5432
12/8/2015,23.2609,23.4399,23.1862,23.3733,89979.15107
12/9/2015,23.3285,23.5215,22.9842,23.1036,101553.6706
12/10/2015,23.0628,23.3305,23.0628,23.1454,188228.4004
12/11/2015,22.8678,22.9554,22.6847,22.7086,93674.51516
12/14/2015,22.7614,22.8518,22.5494,22.8518,92945.89429
12/15/2015,23.0439,23.1513,22.9952,23.0021,101992.8531
12/16/2015,23.1763,23.3862,23.0141,23.3703,196550.7583
12/17/2015,23.43,23.43,23.026,23.026,118197.3815
12/18/2015,23.0111,23.0111,22.6508,22.6847,114795.4757
12/21/2015,22.7494,22.7892,22.613,22.7892,228738.7162
12/22/2015,22.8798,22.9922,22.7802,22.9484,688640.195
12/23/2015,23.0787,23.1643,23.026,23.1454,167736.5663
12/24/2015,23.0947,23.1891,23.0947,23.1593,15742.23096
12/28/2015,23.0419,23.1135,22.9971,23.1106,60437.34316
12/29/2015,23.2639,23.4459,23.1693,23.3991,101898.3836
12/30/2015,23.3633,23.4011,23.2499,23.2499,133094.4122
12/31/2015,23.2339,23.2339,22.9922,22.9922,72159.59686
1/4/2016,22.5603,22.5603,22.3325,22.5344,254511.7954
1/5/2016,22.6429,22.7136,22.5136,22.61,193686.5245
1/6/2016,22.2947,22.5136,22.2519,22.3941,235283.2392
1/7/2016,21.9872,22.2191,21.8041,21.816,154538.9809
1/8/2016,21.9862,22.026,21.5962,21.62,120661.6275
1/11/2016,21.7096,21.7722,21.4061,21.6798,177846.8091
1/12/2016,21.9195,21.9812,21.616,21.8956,121540.9975
1/13/2016,21.9842,21.9842,21.2569,21.2787,573295.9924
1/14/2016,21.3623,21.7842,21.1017,21.611,238630.8753
1/15/2016,21.0181,21.2917,20.9215,21.1285,210534.2492
1/19/2016,21.3733,21.4419,20.9971,21.2051,179058.8322
1/20/2016,20.8489,21.2051,20.438,21.0101,294002.0421
1/21/2016,21.0877,21.3165,20.9165,21.0807,100749.6751
1/22/2016,21.4538,21.5962,21.3842,21.5643,136779.7264
1/25/2016,21.5554,21.5852,21.2967,21.2967,92389.12743
1/26/2016,21.3961,21.5554,21.3106,21.5186,80600.54411
1/27/2016,21.4459,21.5106,21.0917,21.1653,92021.29952
1/28/2016,21.426,21.426,21.0877,21.3285,47705.07017
1/29/2016,21.3752,21.8041,21.3752,21.8041,100966.7539
2/1/2016,21.7116,21.9146,21.6488,21.8568,108008.7491
2/2/2016,21.7216,21.7216,21.4051,21.4778,134162.7212
2/3/2016,21.6051,21.6051,21.1822,21.4728,95285.52105
2/4/2016,21.421,21.5524,21.2698,21.4558,191360.9676
2/5/2016,21.3663,21.4091,20.818,20.8578,167178.7944
2/8/2016,20.5962,20.5962,20.219,20.5484,211918.1264
2/9/2016,20.2877,20.8071,20.2877,20.5842,3282396.859
2/10/2016,20.7245,20.9434,20.629,20.6449,159951.8803
2/11/2016,20.3016,20.5982,20.2519,20.4748,257301.6597
2/12/2016,20.6966,20.8031,20.5802,20.7892,167624.0069
2/16/2016,21.0697,21.2001,20.9523,21.2001,77175.52348
2/17/2016,21.3394,21.618,21.3016,21.5732,362745.6633
2/18/2016,21.6051,21.6051,21.4011,21.424,134879.2821
2/19/2016,21.3106,21.4827,21.2917,21.4608,95954.84727
2/22/2016,21.6936,21.7952,21.6847,21.7643,90133.92019
2/23/2016,21.7444,21.7444,21.5186,21.5186,71619.91491
2/24/2016,21.3086,21.6488,21.1832,21.636,67462.25342
2/25/2016,21.6818,21.9006,21.614,21.8976,63031.23349
2/26/2016,21.9991,22.0061,21.8419,21.8568,197678.3619
2/29/2016,21.8111,21.9245,21.639,21.639,128276.4695
3/1/2016,21.833,22.2101,21.7822,22.1991,92156.97375
3/2/2016,22.1473,22.2201,22.0907,22.2101,102978.7525
3/3/2016,22.2091,22.2231,22.0747,22.2181,133786.8533
3/4/2016,22.2897,22.3733,22.1901,22.2707,103584.7641
3/7/2016,22.1753,22.2727,22.0638,22.1871,103874.2025
3/8/2016,22.0628,22.2091,22.0181,22.0399,177410.6415
3/9/2016,22.1473,22.1473,22.0041,22.1385,174800.6713
3/10/2016,22.2319,22.3195,21.9255,22.1255,55043.53867
3/11/2016,22.3215,22.5086,22.3185,22.4847,94580.01504
3/14/2016,22.4419,22.5603,22.4419,22.5315,48399.52125
3/15/2016,22.4011,22.5285,22.3991,22.5146,126888.5723
3/16/2016,22.4917,22.7106,22.4539,22.6628,88051.57197
3/17/2016,22.6012,22.8031,22.5653,22.7314,119032.5317
3/18/2016,22.8748,22.8748,22.7166,22.7792,619593.0655
3/21/2016,22.7294,22.8479,22.7186,22.838,94628.25477
3/22/2016,22.7216,22.9205,22.7216,22.8598,134684.3132
3/23/2016,22.826,22.838,22.7246,22.7434,63064.3983
3/24/2016,22.634,22.7624,22.629,22.7624,92217.27341
3/28/2016,22.814,22.823,22.7414,22.7604,63942.76333
3/29/2016,22.7434,23.0489,22.6936,23.028,117899.9031
3/30/2016,23.1693,23.2469,23.1036,23.1375,77502.14664
3/31/2016,23.1593,23.2131,23.0767,23.0937,186801.3084
4/1/2016,23.019,23.3385,22.9504,23.3385,96126.70129
4/4/2016,23.3085,23.3235,23.2081,23.2509,133245.1613
4/5/2016,23.0379,23.1543,23.0081,23.0359,144926.2103
4/6/2016,23.0469,23.3305,23.0399,23.3305,88955.06186
4/7/2016,23.2011,23.2011,22.9723,23.028,69364.70766
4/8/2016,23.1813,23.2379,22.9762,23.0628,130354.7977
4/11/2016,23.1663,23.2221,22.9564,22.9564,48530.17051
4/12/2016,22.9842,23.1862,22.9504,23.1305,2808641.534
4/13/2016,23.2737,23.3484,23.227,23.3085,84910.96473
4/14/2016,23.3583,23.3971,23.2927,23.3365,337703.2149
4/15/2016,23.3235,23.3603,23.2737,23.3115,270858.028
4/18/2016,23.2499,23.4777,23.2499,23.4638,134664.2133
4/19/2016,23.5245,23.5245,23.3553,23.4329,69372.74762
4/20/2016,23.428,23.5156,23.3633,23.4181,196537.6934
4/21/2016,23.4429,23.4618,23.2817,23.3385,466059.0789
4/22/2016,23.2011,23.2469,23.033,23.2011,235506.3479
4/25/2016,23.1434,23.1991,23.0737,23.1991,111232.7709
4/26/2016,23.2449,23.2449,23.1106,23.1474,96656.3333
4/27/2016,23.0419,23.1643,22.9812,23.1185,61906.64485
4/28/2016,23.0489,23.1991,22.8548,22.8598,331340.5959
4/29/2016,22.8936,22.8936,22.6678,22.7962,81089.97634
5/2/2016,22.8798,23.019,22.838,23.0141,99948.69468
5/3/2016,22.8867,22.9534,22.7682,22.8528,385297.7357
5/4/2016,22.7046,22.7982,22.6956,22.7604,181998.4406
5/5/2016,22.81,22.8568,22.7166,22.7584,265882.3011
5/6/2016,22.7076,22.8648,22.6508,22.8528,131642.1954
5/9/2016,22.8917,23.0041,22.8718,22.9384,107575.5965
5/10/2016,23.033,23.2419,23.022,23.2389,146583.4459
5/11/2016,23.1862,23.2101,23.0001,23.0151,59714.75225
5/12/2016,23.0579,23.0787,22.8628,22.9653,101898.3836
5/13/2016,22.9583,23.028,22.7902,22.8598,128501.5882
5/16/2016,22.8459,23.1305,22.841,23.0737,113033.7207
5/17/2016,23.0359,23.0359,22.7604,22.8031,95317.68087
5/18/2016,22.8002,22.9743,22.6678,22.7942,103604.864
5/19/2016,22.7324,22.7324,22.5693,22.6956,69890.31969
5/20/2016,22.8071,22.9265,22.8051,22.824,61936.79468
5/23/2016,22.8528,22.9176,22.7942,22.7962,204181.6801
5/24/2016,22.9384,23.1961,22.9384,23.1663,53730.0111
5/25/2016,23.2151,23.3553,23.2151,23.2897,301569.6493
5/26/2016,23.3215,23.3703,23.2609,23.3235,271831.8675
5/27/2016,23.3235,23.4359,23.3235,23.4201,72509.33488
5/31/2016,23.4479,23.4927,23.3066,23.4111,148192.4418
6/1/2016,23.3115,23.4479,23.3115,23.426,52035.59068
6/2/2016,23.3971,23.4977,23.2877,23.4977,85960.1788
6/3/2016,23.3842,23.4708,23.3165,23.428,63942.76333
6/6/2016,23.4479,23.5544,23.423,23.5096,121767.1213
6/7/2016,23.5056,23.5952,23.5056,23.5116,76000.68513
6/8/2016,23.5116,23.617,23.5116,23.5643,53247.61382
6/9/2016,23.5026,23.6091,23.5026,23.5713,134318.4953
6/10/2016,23.4111,23.426,23.3027,23.3385,67879.32607
6/13/2016,23.2609,23.3553,23.1613,23.1891,83927.0753
6/14/2016,23.1205,23.1743,23.0379,23.1693,53207.41405
6/15/2016,23.2011,23.2697,23.1086,23.1086,153765.1353
6/16/2016,23.0399,23.2241,22.9414,23.2081,137307.3484
6/17/2016,23.1862,23.1862,22.9723,23.0529,303455.0186
6/20/2016,23.2429,23.3773,23.1743,23.1743,97926.64611
6/21/2016,23.2369,23.2827,23.1743,23.2339,82683.89733
6/22/2016,23.2639,23.3385,23.1911,23.1991,94237.31198
6/23/2016,23.3435,23.4429,23.3115,23.4429,86552.12045
6/24/2016,22.7046,23.0429,22.61,22.6728,280259.7498
6/27/2016,22.5166,22.5235,22.2101,22.2987,250296.8493
6/28/2016,22.5285,22.6808,22.4748,22.6788,197968.8053
6/29/2016,22.8827,23.0937,22.8827,23.0648,94215.20211
6/30/2016,23.0977,23.3365,23.0598,23.3365,111517.1842
7/1/2016,23.3365,23.4957,23.2817,23.426,66063.30134
7/5/2016,23.3066,23.3503,23.2469,23.3285,224722.7589
7/6/2016,23.2309,23.4728,23.1763,23.4728,152310.9085
7/7/2016,23.4897,23.5424,23.3862,23.4399,218756.1077
7/8/2016,23.5782,23.815,23.5574,23.8062,108159.4982
7/11/2016,23.8738,23.9653,23.828,23.8867,78814.66921
7/12/2016,23.9862,24.0519,23.9504,24.0011,2988745.56
7/13/2016,24.0419,24.0519,23.9604,23.9912,101524.5258
7/14/2016,24.1066,24.1474,24.0519,24.1096,111884.0072
7/15/2016,24.1553,24.1553,24.034,24.0917,63808.09409
7/18/2016,24.1156,24.1862,24.0648,24.1573,86378.25643
7/19/2016,24.0897,24.1245,24.0748,24.1245,64599.02462
7/20/2016,24.2359,24.3345,24.2359,24.2997,105504.3033
7/21/2016,24.2847,24.3125,24.1305,24.2041,131997.9634
7/22/2016,24.1941,24.3095,24.1941,24.3095,52858.68102
7/25/2016,24.2957,24.2957,24.1573,24.2599,49076.88741
7/26/2016,24.2379,24.3255,24.1375,24.2429,70466.18143
7/27/2016,24.3763,24.3763,24.1991,24.2619,42895.16738
7/28/2016,24.2997,24.3703,24.2339,24.3583,51027.58138
7/29/2016,24.3673,24.4609,24.3255,24.4091,90100.75538
8/1/2016,24.4241,24.5165,24.3833,24.4359,140547.45
8/2/2016,24.4489,24.4489,24.2221,24.3057,55855.57407
8/3/2016,24.2847,24.3483,24.2747,24.3483,54690.78566
8/4/2016,24.3643,24.4241,24.3345,24.3763,24520.85631
8/5/2016,24.4559,24.5613,24.4171,24.5385,59409.23397
8/8/2016,24.5793,24.5932,24.4539,24.4837,29349.85399
8/9/2016,24.5225,24.6021,24.5126,24.5245,152556.1271
8/10/2016,24.5126,24.5494,24.4579,24.4757,42152.47658
8/11/2016,24.5653,24.624,24.5444,24.6151,38902.32496
8/12/2016,24.5613,24.5713,24.5126,24.5534,33097.4778
8/15/2016,24.6051,24.6688,24.6051,24.631,60240.36427
8/16/2016,24.5743,24.638,24.4638,24.4638,70432.01163
8/17/2016,24.4757,24.5325,24.3643,24.5325,45464.93784
8/18/2016,24.5036,24.5424,24.4757,24.4957,53077.76978
8/19/2016,24.4678,24.5494,24.4429,24.5265,137178.7091
8/22/2016,24.4907,24.5773,24.4777,24.5126,91521.81734
8/23/2016,24.5862,24.6658,24.5653,24.6151,164525.6094
8/24/2016,24.5743,24.6091,24.3713,24.4211,62080.50886
8/25/2016,24.3951,24.4907,24.3603,24.3862,74410.78412
8/26/2016,24.4171,24.5295,24.2619,24.3951,79640.77454
8/29/2016,24.4091,24.5096,24.3553,24.4539,90211.30475
8/30/2016,24.4609,24.4807,24.3365,24.3673,93987.0684
8/31/2016,24.3643,24.3643,24.2379,24.3445,43191.6407
9/1/2016,24.3425,24.3703,24.1822,24.3673,65176.89635
9/2/2016,24.4509,24.5295,24.3793,24.4907,157254.4755
9/6/2016,24.5036,24.5325,24.4171,24.5325,67102.46546
9/7/2016,24.5474,24.5623,24.4737,24.5494,44538.33309
9/8/2016,24.4658,24.4907,24.3643,24.4141,58848.44715
9/9/2016,24.2619,24.2619,23.811,23.811,142233.8305
9/12/2016,23.6946,24.1862,23.6897,24.1623,125395.1507
9/13/2016,24.0499,24.0499,23.818,23.9305,123134.9185
9/14/2016,23.9245,24.0917,23.9106,23.9176,67479.33833
9/15/2016,23.9534,24.2579,23.9146,24.2191,86089.82306
9/16/2016,24.1822,24.1922,24.0678,24.1573,136241.0494
9/19/2016,24.2717,24.3145,24.0986,24.1534,71131.48767
9/20/2016,24.2061,24.2489,24.1573,24.2061,79745.29395
9/21/2016,24.2519,24.4559,24.1305,24.4211,80837.72277
9/22/2016,24.5295,24.626,24.5295,24.6021,154559.0808
9/23/2016,24.5623,24.5623,24.4459,24.4678,173239.9151
9/26/2016,24.3425,24.3673,24.2519,24.2549,155775.1239
9/27/2016,24.2519,24.4429,24.224,24.4241,74024.86631
9/28/2016,24.4579,24.5126,24.3673,24.5126,30225.20404
9/29/2016,24.5225,24.5225,24.2359,24.2897,62521.70137
9/30/2016,24.3445,24.5145,24.3395,24.429,95726.71356
10/3/2016,24.4021,24.4021,24.2957,24.3713,98023.12557
10/4/2016,24.4041,24.4339,24.1793,24.2579,72721.38868
10/5/2016,24.3145,24.3733,24.2977,24.2977,66382.88953
10/6/2016,24.2977,24.3813,24.2409,24.3265,47384.47699
10/7/2016,24.3513,24.3513,24.1593,24.2549,128497.5682
10/10/2016,24.3395,24.4211,24.3395,24.3483,110153.407
10/11/2016,24.3185,24.3185,23.9604,24.0399,122890.7049
10/12/2016,24.0598,24.1504,24.031,24.1066,43354.44978
10/13/2016,23.9384,24.0897,23.8469,23.9942,82738.16702
10/14/2016,24.1195,24.1763,24.024,24.0439,169950.5687
10/17/2016,24.037,24.037,23.9305,23.9334,54749.07533
10/18/2016,24.1375,24.1941,24.0917,24.1096,55199.31279
10/19/2016,24.1404,24.1941,24.0777,24.1434,84286.86326
10/20/2016,24.1335,24.1593,24.0439,24.1076,40911.3086
10/21/2016,24.1006,24.1961,24.0618,24.1793,77280.04289
10/24/2016,24.2957,24.3673,24.2957,24.3643,59643.39765
10/25/2016,24.3215,24.3215,24.2061,24.226,96652.31332
10/26/2016,24.0977,24.1961,24.0469,24.1036,64901.52791
10/27/2016,24.1941,24.2061,23.9673,23.9862,67946.66068
10/28/2016,23.9434,24.0847,23.8798,23.9305,76214.74892
10/31/2016,23.9216,23.9752,23.9016,23.9016,62114.67867
11/1/2016,23.9245,23.9245,23.5743,23.6966,82805.50164
11/2/2016,23.6758,23.7056,23.5484,23.5484,104247.0554
11/3/2016,23.5454,23.5673,23.3533,23.4201,130099.5291
11/4/2016,23.3733,23.5424,23.3733,23.3753,151855.6461
11/7/2016,23.7086,23.9056,23.6897,23.9056,262325.6263
11/8/2016,23.8718,24.1036,23.8598,24.022,79420.68079
11/9/2016,23.7255,24.1743,23.7255,24.1434,195083.4666
11/10/2016,24.2847,24.3027,23.823,23.9604,180010.5618
11/11/2016,23.9285,24.022,23.8518,23.9812,113233.7145
11/14/2016,24.017,24.017,23.7056,23.81,83125.08983
11/15/2016,23.9126,24.033,23.9056,24.0081,111121.2165
11/16/2016,23.9245,24.0877,23.9245,24.0817,105012.861
11/17/2016,24.1175,24.2549,24.1076,24.2221,219207.3501
11/18/2016,24.2619,24.2797,24.1404,24.1404,147118.1029
11/21/2016,24.224,24.3603,24.224,24.3603,91268.55877
11/22/2016,24.4091,24.4241,24.3265,24.4141,169408.8768
11/23/2016,24.3185,24.3623,24.2579,24.3623,122614.3315
11/25/2016,24.4041,24.4539,24.4041,24.4539,91096.70474
11/28/2016,24.4191,24.4559,24.3365,24.3553,123175.1183
11/29/2016,24.3643,24.5007,24.3513,24.4091,102339.5762
11/30/2016,24.4757,24.4757,24.2061,24.2061,152059.6599
12/1/2016,24.2429,24.2519,23.9056,23.9334,119429.5045
12/2/2016,23.9653,24.0559,23.9534,23.9982,141176.5765
12/5/2016,24.1195,24.2041,24.1195,24.1474,1064947.252
12/6/2016,24.2021,24.2191,24.1245,24.1961,340541.3189
12/7/2016,24.224,24.5245,24.1375,24.5165,185475.7209
12/8/2016,24.5245,24.5991,24.4777,24.5355,101964.7133
12/9/2016,24.5972,24.7235,24.5972,24.7096,1717837.789
12/12/2016,24.6608,24.7036,24.5902,24.6578,2628477.208
12/13/2016,24.7634,24.9693,24.7434,24.8688,185770.1843
12/14/2016,24.8708,24.9374,24.7196,24.7564,256033.3568
12/15/2016,24.7862,24.9354,24.7315,24.816,189519.8181
12/16/2016,24.9256,24.9256,24.6937,24.6937,50614.52872
12/19/2016,24.7693,24.8936,24.7693,24.835,58663.52819
12/20/2016,24.8896,24.9256,24.8618,24.9176,96256.34556
12/21/2016,24.9086,24.9226,24.846,24.8798,129128.7046
12/22/2016,24.843,24.843,24.7196,24.7762,118285.821
12/23/2016,24.7713,24.8538,24.7534,24.816,40867.08885
12/27/2016,24.84,24.9782,24.84,24.9026,74393.69922
12/28/2016,24.9226,24.9226,24.6758,24.6758,97694.49243
12/29/2016,24.7036,24.7414,24.634,24.7166,101849.1389
12/30/2016,24.7364,24.7464,24.4937,24.5613,207423.7918
1/3/2017,24.7364,24.8032,24.5882,24.7265,317471.6743
1/4/2017,24.7762,24.9106,24.7663,24.8688,180628.6333
1/5/2017,24.8798,24.9374,24.845,24.9226,160162.9291
1/6/2017,24.9693,25.1404,24.8868,25.1016,1096483.973
1/9/2017,25.0738,25.0917,25.018,25.0509,184713.9352
1/10/2017,25.0857,25.1444,25.0121,25.0618,132785.8789
1/11/2017,25.0509,25.0966,24.9424,25.0778,165363.7747
1/12/2017,25.0509,25.0887,24.8728,25.0738,169399.8319
1/13/2017,25.0698,25.1464,25.0698,25.1205,205544.4524
1/17/2017,25.0857,25.1156,25.0002,25.0688,121130.9599
1/18/2017,25.1066,25.1375,25.0778,25.1255,46240.79346
1/19/2017,25.1524,25.1852,25.035,25.0778,113651.7922
1/20/2017,25.1444,25.2211,25.0917,25.1613,163364.841
1/23/2017,25.1255,25.1534,25.0429,25.1335,129365.8833
1/24/2017,25.1554,25.3155,25.1255,25.2708,130086.4642
1/25/2017,25.3504,25.4629,25.3504,25.4379,145058.8695
1/26/2017,25.4877,25.4997,25.4251,25.4449,75507.23292
1/27/2017,25.4777,25.4957,25.4251,25.4698,74050.99616
1/30/2017,25.3803,25.3803,25.1832,25.2937,100753.6951
1/31/2017,25.228,25.2757,25.1424,25.2757,288389.1488
2/1/2017,25.3921,25.3921,25.2419,25.3385,146516.1113
2/2/2017,25.2807,25.3961,25.2708,25.3315,70840.03932
2/3/2017,25.4151,25.4967,25.4151,25.4659,103853.0976
2/6/2017,25.4609,25.4727,25.3991,25.4727,65262.32087
2/7/2017,25.4857,25.5583,25.4629,25.4997,97038.23114
2/8/2017,25.4857,25.5693,25.4519,25.5623,127727.7426
2/9/2017,25.5783,25.7166,25.5603,25.6827,115803.485
2/10/2017,25.7305,25.8041,25.6668,25.7743,83817.53092
2/13/2017,25.838,25.9285,25.8131,25.9016,86386.29639
2/14/2017,25.8897,25.9872,25.828,25.9852,93136.84321
2/15/2017,25.9752,26.1384,25.9494,26.1156,299445.0913
2/16/2017,26.1196,26.1315,26.0101,26.1006,101062.2284
2/17/2017,26.04,26.1444,26.04,26.1444,95573.95442
2/21/2017,26.2171,26.3166,26.1912,26.2748,135341.5795
2/22/2017,26.2499,26.2917,26.223,26.2847,175825.7655
2/23/2017,26.3285,26.3285,26.2012,26.2579,101375.7866
2/24/2017,26.1464,26.3255,26.1464,26.3066,294006.0621
2/27/2017,26.3225,26.3803,26.2559,26.3723,140427.8557
2/28/2017,26.3623,26.3703,26.2419,26.2987,94991.05772
3/1/2017,26.4698,26.6907,26.4698,26.6211,113396.5236
3/2/2017,26.6161,26.6161,26.4499,26.4877,122858.5451
3/3/2017,26.4629,26.5165,26.3922,26.5165,90310.79919
3/6/2017,26.4349,26.5125,26.3544,26.4787,104408.8594
3/7/2017,26.4081,26.5145,26.3981,26.4251,145504.082
3/8/2017,26.4251,26.5027,26.3823,26.3882,63979.94812
3/9/2017,26.3902,26.4529,26.3205,26.4151,59771.03193
3/10/2017,26.5225,26.5573,26.4151,26.5225,67508.48316
3/13/2017,26.5195,26.5753,26.4977,26.5425,61017.22488
3/14/2017,26.4847,26.4937,26.3882,26.4817,238346.4619
3/15/2017,26.5195,26.7424,26.5125,26.6827,65115.5917
3/16/2017,26.7385,26.7554,26.6011,26.6399,117379.3161
3/17/2017,26.7215,26.7355,26.6629,26.6907,54120.95388
3/20/2017,26.6847,26.7235,26.626,26.6648,144468.9379
3/21/2017,26.7484,26.8151,26.3435,26.3723,246528.1206
3/22/2017,26.3484,26.4698,26.3017,26.4599,119077.7565
3/23/2017,26.4001,26.5195,26.3524,26.4051,96475.43432
3/24/2017,26.4499,26.5067,26.2987,26.3783,73357.55008
3/27/2017,26.2081,26.428,26.1255,26.3783,143225.7599
3/28/2017,26.3753,26.6141,26.3335,26.5613,171363.5907
3/29/2017,26.5325,26.6181,26.4727,26.6141,63381.9765
3/30/2017,26.6111,26.6977,26.5823,26.6241,82382.39903
3/31/2017,26.6141,26.6877,26.6081,26.6081,95532.74965
4/3/2017,26.6429,26.6429,26.4907,26.5981,361139.6823
4/4/2017,26.5485,26.6161,26.5485,26.5882,75992.64518
4/5/2017,26.6629,26.8131,26.5395,26.5613,124435.3812
4/6/2017,26.5733,26.6449,26.5125,26.5823,67361.75399
4/7/2017,26.5733,26.6758,26.5225,26.5961,160700.6011
4/10/2017,26.6041,26.6807,26.5365,26.5713,73697.23816
4/11/2017,26.5713,26.5713,26.3783,26.5225,86632.51999
4/12/2017,26.5295,26.5395,26.4081,26.4379,93049.4087
4/13/2017,26.4221,26.5067,26.3255,26.3573,68518.50245
4/17/2017,26.3922,26.5485,26.3882,26.5485,101710.4497
4/18/2017,26.4847,26.5365,26.4081,26.4747,162673.4049
4/19/2017,26.5603,26.6011,26.4469,26.4629,158327.8095
4/20/2017,26.5265,26.7146,26.5265,26.6758,81013.59678
4/21/2017,26.6738,26.7027,26.5941,26.6429,357713.6567
4/24/2017,26.9006,26.9454,26.825,26.9256,91677.59146
4/25/2017,27.025,27.1186,26.9654,27.0976,141509.2296
4/26/2017,27.1076,27.1614,27.0518,27.0598,172649.9835
4/27/2017,27.1186,27.1654,27.0658,27.1246,145731.2107
4/28/2017,27.2449,27.2449,27.0936,27.1266,123723.8452
5/1/2017,27.1972,27.3016,27.1454,27.229,88374.17514
5/2/2017,27.2788,27.3086,27.224,27.2688,356542.8383
5/3/2017,27.239,27.239,27.1266,27.2171,104295.2951
5/4/2017,27.231,27.2539,27.1464,27.242,134075.2867
5/5/2017,27.3156,27.3584,27.229,27.3584,75478.08809
5/8/2017,27.3763,27.4041,27.3066,27.3852,137630.9565
5/9/2017,27.433,27.4519,27.3454,27.3982,76924.27491
5/10/2017,27.4081,27.4379,27.3534,27.436,59080.60083
5/11/2017,27.3713,27.4131,27.2569,27.4131,99625.08651
5/12/2017,27.4201,27.4389,27.3623,27.3882,108535.3661
5/15/2017,27.4379,27.5245,27.4379,27.5245,266794.836
5/16/2017,27.5495,27.5733,27.4589,27.5345,277121.1526
5/17/2017,27.3365,27.3882,27.0111,27.0111,245964.3188
5/18/2017,27.0111,27.2947,26.9654,27.1802,150484.8338
5/19/2017,27.2818,27.4231,27.1942,27.3603,119445.5844
5/22/2017,27.4419,27.5465,27.4389,27.5245,84688.86099
5/23/2017,27.6061,27.6061,27.5245,27.5633,120356.1092
5/24/2017,27.5941,27.6708,27.5633,27.6688,99321.57822
5/25/2017,27.7235,27.9206,27.7235,27.8429,356867.4515
5/26/2017,27.8609,27.9036,27.8201,27.8539,70441.05658
5/30/2017,27.8539,27.9186,27.8489,27.8867,120582.233
5/31/2017,27.9654,27.9753,27.829,27.9335,64248.2816
6/1/2017,27.9693,28.0798,27.8967,28.0798,96870.39709
6/2/2017,28.1286,28.2658,28.1066,28.2578,211318.1448
6/5/2017,28.246,28.2848,28.2092,28.239,141318.2807
6/6/2017,28.1992,28.2598,28.1324,28.1324,140676.0893
6/7/2017,28.231,28.241,28.0956,28.1912,99113.5444
6/8/2017,28.2062,28.229,28.0658,28.1723,181257.7598
6/9/2017,28.2111,28.2698,27.6659,27.8937,273062.9855
6/12/2017,27.8081,27.8221,27.5883,27.7603,193728.7342
6/13/2017,27.9106,27.9972,27.8738,27.9763,117666.7445
6/14/2017,28.0608,28.0976,27.827,27.9335,74001.75144
6/15/2017,27.7335,27.9106,27.6817,27.8897,95587.01935
6/16/2017,27.9812,27.9812,27.835,27.9434,83537.1375
6/19/2017,28.0688,28.223,28.0688,28.1624,105832.9364
6/20/2017,28.1932,28.1992,28.0042,28.0121,200344.6118
6/21/2017,28.1246,28.1324,28.0588,28.0927,69184.81368
6/22/2017,28.1344,28.2012,28.0848,28.1026,119832.5072
6/23/2017,28.1046,28.241,28.0898,28.219,106813.8108
6/26/2017,28.3076,28.3524,28.1246,28.1266,111240.8108
6/27/2017,28.0708,28.1166,27.829,27.8449,120023.4561
6/28/2017,27.9066,28.0996,27.8668,28.0878,167423.008
6/29/2017,28.044,28.044,27.5524,27.7136,128981.9755
6/30/2017,27.825,27.8837,27.7603,27.7763,78738.28965
7/3/2017,27.8867,27.8867,27.7285,27.7962,37619.95222
7/5/2017,27.7733,27.8937,27.6509,27.84,62152.86845
7/6/2017,27.6619,27.7385,27.5653,27.5733,128815.1464
7/7/2017,27.6787,27.8897,27.6787,27.827,47533.21615
7/10/2017,27.838,27.9554,27.832,27.8997,92845.39485
7/11/2017,27.9036,27.9305,27.7405,27.8867,93810.1894
7/12/2017,28.0788,28.1992,28.0788,28.1742,123245.4679
7/13/2017,28.2092,28.2618,28.1723,28.233,425358.8191
7/14/2017,28.2957,28.424,28.2728,28.3982,110833.7881
7/17/2017,28.4211,28.4519,28.3892,28.4022,102561.6799
7/18/2017,28.3614,28.4977,28.3246,28.4977,356365.9593
7/19/2017,28.5465,28.6599,28.5465,28.6469,118281.801
7/20/2017,28.6737,28.6927,28.5623,28.6369,150488.8538
7/21/2017,28.5355,28.6569,28.5315,28.6449,82444.70868
7/24/2017,28.6699,28.7195,28.5583,28.6449,83382.36838
7/25/2017,28.7305,28.7305,28.6369,28.6669,88719.89319
7/26/2017,28.7205,28.7205,28.6669,28.7007,53104.90463
7/27/2017,28.833,28.833,28.4071,28.5863,71653.07972
7/28/2017,28.5057,28.5952,28.4837,28.5773,90065.58058
7/31/2017,28.6469,28.6469,28.4857,28.5037,95731.73853
8/1/2017,28.6081,28.6081,28.4957,28.5723,220245.5093
8/2/2017,28.6807,28.6827,28.4648,28.5981,106080.165
8/3/2017,28.5773,28.5773,28.4907,28.5037,78834.7691
8/4/2017,28.6111,28.6111,28.5445,28.5961,59464.50866
8/7/2017,28.6271,28.7027,28.6151,28.6777,390058.3938
8/8/2017,28.6699,28.7753,28.5653,28.5653,78629.75026
8/9/2017,28.4668,28.6131,28.4489,28.6131,59676.56246
8/10/2017,28.5086,28.5623,28.1644,28.1644,415316.9159
8/11/2017,28.1932,28.3484,28.1742,28.2678,79929.20791
8/14/2017,28.4668,28.633,28.436,28.5961,83246.69415
8/15/2017,28.6301,28.6529,28.5653,28.6111,55596.28554
8/16/2017,28.6737,28.7355,28.5961,28.6807,181699.9573
8/17/2017,28.6111,28.6369,28.2032,28.2062,89800.26208
8/18/2017,28.2062,28.3136,28.1266,28.1624,60490.60786
8/21/2017,28.1882,28.243,28.0688,28.2092,51260.74006
8/22/2017,28.3574,28.5583,28.3056,28.5385,73544.47902
8/23/2017,28.4041,28.4648,28.3793,28.436,64468.37536
8/24/2017,28.4648,28.4648,28.3136,28.3793,94809.15375
8/25/2017,28.4469,28.5415,28.3693,28.3832,119652.6132
8/28/2017,28.44,28.4778,28.4022,28.436,28504.65377
8/29/2017,28.2887,28.5514,28.233,28.5215,57137.94682
8/30/2017,28.5255,28.7285,28.5255,28.6877,65225.13608
8/31/2017,28.7962,28.9434,28.7962,28.9056,56492.74047
9/1/2017,28.9763,28.9763,28.9186,28.9325,65541.70929
9/5/2017,28.8469,28.9086,28.6081,28.7504,104794.7773
9/6/2017,28.8409,28.8788,28.7385,28.8271,73384.68493
9/7/2017,28.9106,28.9474,28.8469,28.9285,74983.63088
9/8/2017,28.8728,28.9086,28.8231,28.8251,61083.5545
9/11/2017,28.9942,29.1186,28.9325,29.1106,83727.08143
9/12/2017,29.1644,29.1644,29.0848,29.1434,54860.6297
9/13/2017,29.1086,29.1624,29.1036,29.1624,62589.03599
9/14/2017,29.0917,29.1564,29.0519,29.1166,88345.03031
9/15/2017,29.0878,29.1842,29.0878,29.1345,94713.67929
9/18/2017,29.1952,29.24,29.1126,29.1664,76223.79387
9/19/2017,29.1932,29.2012,29.1305,29.1694,75171.56482
9/20/2017,29.1743,29.1852,29.0071,29.1792,70925.46384
9/21/2017,29.1404,29.1404,29.032,29.0598,79968.40269
9/22/2017,29.0121,29.0678,28.9942,29.0519,45683.02161
9/25/2017,29.0121,29.0121,28.7981,28.8748,96902.55691
9/26/2017,28.9594,29.0698,28.8639,28.9086,250601.3626
9/27/2017,29.0052,29.1066,28.9225,29.0638,41052.0078
9/28/2017,29.038,29.0986,28.9992,29.0986,40871.10883
9/29/2017,29.0598,29.224,29.0598,29.22,385969.0719
10/2/2017,29.2718,29.3454,29.225,29.2937,149258.7408
10/3/2017,29.3276,29.3624,29.3036,29.3624,91721.81121
10/4/2017,29.3554,29.426,29.3365,29.3982,61330.7831
10/5/2017,29.4449,29.6091,29.4449,29.6031,75952.4454
10/6/2017,29.5066,29.6151,29.4877,29.6121,60001.17563
10/9/2017,29.6399,29.6837,29.5783,29.5952,88081.7218
10/10/2017,29.6857,29.6977,29.5663,29.6251,50289.91555
10/11/2017,29.6589,29.7295,29.636,29.7195,88332.97038
10/12/2017,29.7007,29.7873,29.6947,29.7265,139101.2632
10/13/2017,29.833,29.834,29.7603,29.7823,107326.3579
10/16/2017,29.8439,29.8539,29.7117,29.8439,81455.79428
10/17/2017,29.8629,29.9007,29.8151,29.8907,83593.41718
10/18/2017,29.9365,29.9385,29.8728,29.9186,117684.8344
10/19/2017,29.8251,29.8728,29.7205,29.8728,135076.261
10/20/2017,30.0032,30.0121,29.9285,29.9753,115055.7692
10/23/2017,30.0589,30.0589,29.8251,29.834,297037.1249
10/24/2017,29.8947,29.8947,29.7952,29.8479,163939.6977
10/25/2017,29.8251,29.8629,29.5962,29.7345,188581.1534
10/26/2017,29.7952,29.8061,29.7295,29.7583,247254.7315
10/27/2017,29.9942,30.241,29.9912,30.2022,205828.8658
10/30/2017,30.1783,30.251,30.0977,30.1534,194822.1681
10/31/2017,30.221,30.231,30.1385,30.1922,143142.3454
11/1/2017,30.3166,30.3166,30.1345,30.2022,320434.3976
11/2/2017,30.2121,30.221,30.0788,30.221,185681.7448
11/3/2017,30.2778,30.3982,30.2121,30.3723,302700.2679
11/6/2017,30.4082,30.5036,30.4082,30.4937,199281.3278
11/7/2017,30.5126,30.5405,30.431,30.5017,213357.2782
11/8/2017,30.5036,30.6061,30.4628,30.5773,189595.1926
11/9/2017,30.4181,30.4559,30.221,30.436,195212.1059
11/10/2017,30.3982,30.4628,30.3444,30.446,187502.7945
11/13/2017,30.3444,30.5126,30.3444,30.4838,215749.1647
11/14/2017,30.3802,30.427,30.2778,30.4181,170966.618
11/15/2017,30.2976,30.3246,30.1634,30.221,453041.3875
11/16/2017,30.3355,30.5395,30.3276,30.4838,207588.6109
11/17/2017,30.4549,30.4838,30.3763,30.3802,390707.6201
11/20/2017,30.4181,30.4549,30.3892,30.4181,331981.7823
11/21/2017,30.5315,30.6917,30.5126,30.6718,322179.0677
11/22/2017,30.7017,30.7017,30.6181,30.6619,189219.3247
11/24/2017,30.7215,30.7803,30.7116,30.7703,174008.7358
11/27/2017,30.7981,30.8261,30.7375,30.7883,254261.5519
11/28/2017,30.8529,30.9743,30.7813,30.9743,264947.6564
11/29/2017,30.9843,30.9843,30.639,30.7315,426446.223
11/30/2017,30.8619,31.1156,30.8261,31.031,309411.6199
12/1/2017,31.031,31.0499,30.5036,30.9445,520434.2964
12/4/2017,31.1624,31.1664,30.7315,30.7315,396148.6593
12/5/2017,30.7415,30.9275,30.6619,30.6619,352554.0159
12/6/2017,30.6241,30.7883,30.6141,30.7515,331101.4072
12/7/2017,30.7613,30.9087,30.7515,30.8709,249426.5242
12/8/2017,31.0031,31.0688,30.9643,31.0131,391483.4757
12/11/2017,31.0599,31.1484,31.036,31.1345,476086.9122
12/12/2017,31.1823,31.241,31.1256,31.1624,362676.3187
12/13/2017,31.231,31.2868,31.1823,31.2111,333458.1189
12/14/2017,31.25,31.2838,31.1166,31.1305,607538.1587
12/15/2017,31.2698,31.429,31.2211,31.3634,238558.5157
12/18/2017,31.5524,31.6181,31.5126,31.5912,473041.7794
12/19/2017,31.5813,31.5912,31.4161,31.4768,302267.1153
12/20/2017,31.5813,31.5912,31.3772,31.42,746670.5767
12/21/2017,31.5026,31.5226,31.3724,31.4012,510471.7877
12/22/2017,31.4012,31.4012,31.3046,31.3634,195115.6264
12/26/2017,31.2788,31.3036,31.2111,31.2957,250023.4908
12/27/2017,31.3246,31.3872,31.3046,31.3544,419155.9942
12/28/2017,31.429,31.429,31.3544,31.3922,379976.2908
12/29/2017,31.429,31.429,31.241,31.2599,278374.3805
1/2/2018,31.3922,31.5325,31.3246,31.5226,917947.738
1/3/2018,31.5524,31.8181,31.5524,31.7982,739939.1248
1/4/2018,31.9225,32.0061,31.9027,31.9225,1355851.901
1/5/2018,32.0449,32.242,32.0161,32.233,816610.1411
1/8/2018,32.233,32.3196,32.1872,32.2997,879065.5129
1/9/2018,32.3763,32.442,32.2898,32.3862,552581.0495
1/10/2018,32.233,32.2997,32.1305,32.2808,946892.5792
1/11/2018,32.3574,32.4808,32.2997,32.4808,794571.6208
1/12/2018,32.4808,32.7465,32.4618,32.7166,1504019.218
1/16/2018,32.9067,33.0589,32.5574,32.6221,1420096.163
1/17/2018,32.7753,33.039,32.6788,32.9903,506602.5596
1/18/2018,33.0001,33.0877,32.9057,33.0101,1547922.395
1/19/2018,33.1156,33.1614,33.0111,33.1415,1699654.427
1/22/2018,33.1235,33.3902,33.0917,33.3902,474716.0999
1/23/2018,33.4638,33.5922,33.428,33.5434,397631.0259
1/24/2018,33.644,33.6788,33.2858,33.444,705385.4102
1/25/2018,33.5982,33.6161,33.3813,33.4938,935606.4931
1/26/2018,33.627,33.9574,33.5982,33.9574,282403.4027
1/29/2018,33.9117,33.9574,33.7106,33.7296,420874.5345
1/30/2018,33.4181,33.5514,33.2778,33.3902,2781832.306
1/31/2018,33.5793,33.6768,33.3345,33.5036,452221.3122
2/1/2018,33.3534,33.627,33.2489,33.3723,414338.0514
2/2/2018,33.2091,33.2649,32.6967,32.6967,943905.7361
2/5/2018,32.3484,32.8689,31.2599,31.3822,1181118.564
2/6/2018,30.7962,32.1544,30.6897,32.0847,1257617.727
2/7/2018,32.035,32.432,31.8748,31.8748,1487039.839
2/8/2018,31.9225,31.9325,30.5753,30.6041,893987.6685
2/9/2018,30.9534,31.3544,30.0171,31.1435,947422.2113
2/12/2018,31.429,31.837,31.1922,31.6659,801651.8057
2/13/2018,31.4937,31.8081,31.421,31.7495,593143.6251
2/14/2018,31.5524,32.2529,31.5524,32.2042,2018388.374
2/15/2018,32.4618,32.7166,32.1305,32.7166,718674.4501
2/16/2018,32.6221,32.9813,32.6221,32.6788,803277.8866
2/20/2018,32.6032,32.8917,32.6032,32.6032,4142048.897
2/21/2018,32.6868,33.0689,32.4908,32.5106,1311853.25
2/22/2018,32.6221,32.8111,32.452,32.5385,330951.6631
2/23/2018,32.7365,33.0977,32.65,33.0977,584008.2268
2/26/2018,33.2191,33.4938,33.1903,33.4938,707794.3816
2/27/2018,33.5036,33.5882,33.1077,33.1077,786440.2118
2/28/2018,33.2479,33.3405,32.7843,32.7942,732577.5414
3/1/2018,32.833,32.9345,32.0449,32.2997,528851.1237
3/2/2018,32.0161,32.5574,31.8559,32.5006,557447.232
3/5/2018,32.3296,32.9345,32.2619,32.8599,408627.6737
3/6/2018,33.0291,33.0489,32.7654,32.9345,1605010.092
3/7/2018,32.63,33.0689,32.6131,33.0201,469584.599
3/8/2018,33.1156,33.2291,33.0241,33.2091,368127.4078
3/9/2018,33.435,33.8171,33.4072,33.8171,458395.9973
3/12/2018,33.8927,33.9574,33.7694,33.8271,303571.598
3/13/2018,33.9574,34.0599,33.4838,33.5704,535628.8054
3/14/2018,33.7196,33.7395,33.3534,33.444,382549.0763
3/15/2018,33.5236,33.631,33.3634,33.444,356398.1192
3/16/2018,33.5236,33.5982,33.426,33.444,398806.8693
3/19/2018,33.2858,33.2947,32.6569,32.9335,403661.9968
3/20/2018,32.9425,33.1186,32.8857,33.0479,1411811.995
3/21/2018,33.0191,33.238,32.8211,32.8768,354094.6722
3/22/2018,32.5544,32.648,31.9933,32.0221,702632.7308
3/23/2018,32.0409,32.1654,31.2818,31.3086,1897940.81
3/26/2018,31.8699,32.2967,31.4718,32.2778,453699.6588
3/27/2018,32.439,32.4788,31.2728,31.4977,2651169.98
3/28/2018,31.4618,31.6997,31.1365,31.3086,591043.187
3/29/2018,31.4618,32.0897,31.2996,31.8409,330196.9124
4/2/2018,31.7156,31.7763,30.7315,31.0629,935828.5968
4/3/2018,31.244,31.4977,30.9663,31.423,1015215.108
4/4/2018,30.8719,31.9047,30.8359,31.8509,1046774.944
4/5/2018,32.0709,32.1863,31.8409,32.0409,317659.6083
4/6/2018,31.6897,31.9733,31.0907,31.2818,442399.5027
4/9/2018,31.5166,31.9355,31.3952,31.423,292830.2187
4/10/2018,31.8797,32.0709,31.6798,31.9833,753268.3644
4/11/2018,31.8131,32.0629,31.7643,31.8031,403969.5251
4/12/2018,31.9933,32.2191,31.9633,32.0987,302826.8972
4/13/2018,32.2967,32.2967,31.8509,32.0021,445666.7392
4/16/2018,32.2191,32.3454,32.1087,32.2489,464640.0269
4/17/2018,32.5355,32.8549,32.421,32.7823,670953.3
4/18/2018,32.84,32.9047,32.6668,32.84,506945.2626
4/19/2018,32.6947,32.7246,32.421,32.5444,690143.6665
4/20/2018,32.4878,32.4878,32.0709,32.1833,388542.8623
4/23/2018,32.3166,32.3832,31.9843,32.1455,3550026.846
4/24/2018,32.2489,32.2967,31.2996,31.5166,2434502.25
4/25/2018,31.5066,31.643,31.1952,31.5753,394298.4648
4/26/2018,31.8231,32.2052,31.7843,32.0897,279216.5657
4/27/2018,32.3066,32.3166,31.9535,32.1355,302556.5537
4/30/2018,32.1833,32.3454,31.9097,31.9097,339926.2623
5/1/2018,31.8699,32.1216,31.7255,32.1186,411066.795
5/2/2018,32.1554,32.2678,31.8997,31.9535,350973.1598
5/3/2018,31.8231,32.0609,31.4718,31.9733,433885.1909
5/4/2018,31.8609,32.5076,31.8131,32.429,300043.0629
5/7/2018,32.5355,32.7047,32.4788,32.6012,409443.7291
5/8/2018,32.5444,32.6569,32.3842,32.6102,8984379.843
5/9/2018,32.6947,32.9653,32.5813,32.9425,485886.6118
5/10/2018,33.038,33.2858,32.9893,33.2469,1302521.878
5/11/2018,33.238,33.3634,33.1604,33.3047,543255.7073
5/14/2018,33.4181,33.5036,33.2669,33.3335,3829442.4
5/15/2018,33.1505,33.1505,32.8768,32.9991,1153573.68
5/16/2018,33.0091,33.2281,33.0091,33.1315,379786.3469
5/17/2018,33.1146,33.2569,32.9515,33.0778,411774.3109
5/18/2018,33.0479,33.1415,32.9893,33.0529,339152.4167
5/21/2018,33.2947,33.3992,33.1893,33.3047,286502.7745
5/22/2018,33.4181,33.435,33.1146,33.1604,4960731.336
5/23/2018,33.0091,33.4092,32.9613,33.4092,594549.6121
5/24/2018,33.3634,33.426,33.1067,33.3813,396079.3147
5/25/2018,33.3435,33.4738,33.3186,33.3813,291122.7334
5/29/2018,33.1703,33.3047,32.9335,33.0877,811848.4781
5/30/2018,33.2469,33.4938,33.2081,33.444,422854.3733
5/31/2018,33.3813,33.5136,33.2469,33.2947,364794.8467
6/1/2018,33.4738,33.7504,33.4738,33.7306,341740.2771
6/4/2018,33.8281,33.9743,33.7982,33.9594,798312.2096
6/5/2018,34.0251,34.0927,33.9077,34.0539,717907.6394
6/6/2018,34.1315,34.3097,33.9992,34.3097,478092.8808
6/7/2018,34.3972,34.3972,33.9982,34.1604,596584.7256
6/8/2018,34.0539,34.2639,34.0151,34.244,298426.0271
6/11/2018,34.244,34.3882,34.234,34.2639,457267.3886
6/12/2018,34.3395,34.435,34.2728,34.3972,416939.9817
6/13/2018,34.445,34.5395,34.2728,34.2828,550377.097
6/14/2018,34.4549,34.5395,34.3793,34.4898,431309.3905
6/15/2018,34.3882,34.4818,34.2719,34.435,442262.8235
6/18/2018,34.2529,34.4251,34.1365,34.4161,449330.9485
6/19/2018,34.0041,34.2331,33.9196,34.2141,532435.9385
6/20/2018,34.3494,34.4629,34.2957,34.3494,234213.9253
6/21/2018,34.3972,34.4062,34.0331,34.0917,725601.8759
6/22/2018,34.243,34.243,34.0041,34.0619,481215.3982
6/25/2018,33.8917,33.8917,33.2042,33.4609,485054.4765
6/26/2018,33.5494,33.7385,33.4908,33.5684,567214.7718
6/27/2018,33.6708,33.844,33.1564,33.1564,362316.5307
6/28/2018,33.1663,33.5306,33.1017,33.442,417874.6264
6/29/2018,33.6052,33.7773,33.4708,33.4808,379308.9746
7/2/2018,33.2629,33.6808,33.2042,33.6708,1276110.627
7/3/2018,33.7962,33.7962,33.3862,33.4151,1323322.245
7/5/2018,33.633,33.7773,33.4609,33.7584,3911148.438
7/6/2018,33.7962,34.1673,33.7684,34.1205,949713.5983
7/9/2018,34.2818,34.435,34.2141,34.435,1364076.775
7/10/2018,34.4898,34.5694,34.429,34.5196,560871.2476
7/11/2018,34.2818,34.4629,34.1883,34.3494,657362.7619
7/12/2018,34.4997,34.7763,34.4818,34.7763,796052.9824
7/13/2018,34.7862,34.8559,34.6908,34.836,457258.3437
7/16/2018,34.8748,34.8748,34.6987,34.7484,441989.465
7/17/2018,34.5594,35.0241,34.5594,34.9763,6008451.98
7/18/2018,35.0241,35.0241,34.8748,35.0151,989640.0125
7/19/2018,34.9116,34.9475,34.7862,34.846,639474.868
7/20/2018,34.8937,34.9933,34.831,34.8559,489449.3166
7/23/2018,34.846,34.9256,34.6908,34.9206,382443.5518
7/24/2018,35.1683,35.2739,34.9395,35.0828,3774213.943
7/25/2018,35.0341,35.5534,35.0341,35.5494,785446.2724
7/26/2018,35.1883,35.3127,35.1415,35.2051,4263166.792
7/27/2018,35.3415,35.3415,34.6628,34.8261,791129.5153
7/30/2018,34.836,34.836,34.2818,34.3972,759963.6365
7/31/2018,34.5694,34.7664,34.4251,34.636,823916.4498
8/1/2018,34.7484,34.8649,34.5982,34.7484,885366.8272
8/2/2018,34.5096,35.0629,34.4898,35.0151,1002356.206
8/3/2018,35.044,35.1495,34.9395,35.1495,836679.8776
8/6/2018,35.1595,35.3037,35.0778,35.3037,707121.0354
8/7/2018,35.4151,35.4798,35.3594,35.3972,3389688.042
8/8/2018,35.3972,35.4997,35.3226,35.435,527878.2892
8/9/2018,35.4708,35.5494,35.4141,35.4151,659837.0579
8/10/2018,35.2439,35.3127,35.0639,35.1783,890206.8799
8/13/2018,35.2241,35.3883,35.0729,35.1027,617637.3466
8/14/2018,35.2241,35.3495,35.0828,35.3226,495560.687
8/15/2018,35.1315,35.1683,34.8062,35.0341,1005804.341
8/16/2018,35.2639,35.3972,35.1783,35.2051,711316.8867
8/17/2018,35.1683,35.3693,35.035,35.2937,735911.1076
8/20/2018,35.3972,35.3972,35.2291,35.3325,1617873.014
8/21/2018,35.4151,35.5494,35.3783,35.3972,4686514.617
8/22/2018,35.3037,35.4997,35.3037,35.4539,954072.2586
8/23/2018,35.4251,35.6172,35.3883,35.4251,842057.6022
8/24/2018,35.5296,35.7326,35.4898,35.7136,564604.8015
8/27/2018,35.9206,36.035,35.846,36.035,940576.19
8/28/2018,36.1017,36.1993,35.9962,36.0629,849551.8448
8/29/2018,36.1315,36.4052,36.0917,36.3803,899278.9636
8/30/2018,36.3117,36.4579,36.1853,36.2749,1012508.658
8/31/2018,36.2381,36.3903,36.1903,36.3117,390236.2778
9/4/2018,36.2659,36.3027,36.0629,36.2749,1308875.452
9/5/2018,36.1993,36.1993,35.837,35.9495,1038992.268
9/6/2018,35.9873,35.9962,35.6072,35.827,868552.2674
9/7/2018,35.6648,35.9395,35.6172,35.7494,802041.7435
9/10/2018,35.8928,35.8928,35.7415,35.8171,635842.8186
9/11/2018,35.7136,36.0719,35.642,36.0151,843472.6342
9/12/2018,36.0062,36.0539,35.7783,35.9962,1464040.544
9/13/2018,36.1703,36.3305,36.1515,36.2937,812753.978
9/14/2018,36.3505,36.3634,36.1385,36.2659,609714.9764
9/17/2018,36.2459,36.2459,35.8698,35.9106,915121.6939
9/18/2018,35.9495,36.2659,35.9206,36.1703,750418.2005
9/19/2018,36.1993,36.2381,36.0151,36.1315,578432.5183
9/20/2018,36.3117,36.5017,36.2191,36.4639,751916.6471
9/21/2018,36.5783,36.5883,36.3505,36.3703,1044483.557
9/24/2018,36.2659,36.4052,36.1206,36.3992,1289901.159
9/25/2018,36.4341,36.4639,36.3216,36.4141,704225.6468
9/26/2018,36.4341,36.6659,36.3117,36.3405,714884.6165
9/27/2018,36.4738,36.6948,36.4539,36.5504,846985.0893
9/28/2018,36.5027,36.6659,36.4888,36.5793,580283.7178
10/1/2018,36.7804,36.8768,36.628,36.7047,1366541.021
10/2/2018,36.6948,36.7902,36.5594,36.628,1301273.675
10/3/2018,36.7804,36.837,36.5892,36.628,1177638.269
10/4/2018,36.5892,36.5892,35.8987,36.1405,1291717.184
10/5/2018,36.1405,36.2559,35.5724,35.8609,1883172.419
10/8/2018,35.7395,35.8908,35.3186,35.6818,1367306.826
10/9/2018,35.6142,35.9186,35.5852,35.6918,7792141.017
10/10/2018,35.5654,35.5793,34.2649,34.3116,2624483.361
10/11/2018,34.1693,34.5326,33.441,33.7186,5899796.015
10/12/2018,34.4748,34.5724,33.9117,34.4579,1994570.008
10/15/2018,34.3813,34.4619,34.0729,34.1215,1291523.22
10/16/2018,34.4579,35.1077,34.428,35.039,1152409.897
10/17/2018,35.1177,35.1365,34.6658,35.0201,3403890.622
10/18/2018,34.8977,34.8977,34.1643,34.3713,1223153.457
10/19/2018,34.4928,34.7704,34.1793,34.2649,2420423.285
10/22/2018,34.4092,34.5126,34.1315,34.3017,705718.0634
10/23/2018,33.6987,34.2838,33.3952,34.1215,1909255.036
10/24/2018,34.1315,34.1693,32.84,32.8967,2229704.508
10/25/2018,33.242,33.9405,33.0599,33.7286,3420473.028
10/26/2018,32.9733,33.5346,32.5624,33.0111,5181539.643
10/29/2018,33.4996,33.652,32.0261,32.5902,4154490.727
10/30/2018,32.4858,33.0987,32.4092,33.0499,6234620.926
10/31/2018,33.4898,33.9405,33.4898,33.6142,1495745.1
11/1/2018,33.7186,34.0629,33.5196,34.0251,4662615.853
11/2/2018,34.1027,34.2311,33.45,33.6987,3487768.453
11/5/2018,33.7385,33.8161,33.431,33.7286,1043147.92
11/6/2018,33.7286,34.0151,33.6987,33.9683,8161043.275
11/7/2018,34.2649,34.8937,34.2649,34.8698,1537683.513
11/8/2018,34.7902,34.8788,34.648,34.8102,1396433.572
11/9/2018,34.6192,34.626,34.1693,34.4181,925787.6986
11/12/2018,34.2549,34.2738,33.5076,33.5584,1252340.502
11/13/2018,33.652,33.9703,33.4141,33.5196,991628.8962
11/14/2018,33.8062,33.8639,33.0699,33.242,5353366.536
11/15/2018,33.1166,33.7863,32.8599,33.6987,2163502.518
11/16/2018,33.4599,33.8639,33.3852,33.7286,1306859.433
11/19/2018,33.642,33.642,32.7146,32.8211,920797.9018
11/20/2018,32.1892,32.6569,32.0101,32.2838,5209586.019
11/21/2018,32.5704,32.6947,32.3902,32.419,1005471.688
11/23/2018,32.2052,32.437,32.1614,32.235,567310.2462
11/26/2018,32.6102,32.8311,32.4768,32.8111,2008293.206
11/27/2018,32.648,32.9067,32.5156,32.9067,3034666.766
11/28/2018,33.1255,33.9017,33.0399,33.8917,1526368.282
11/29/2018,33.8062,34.0251,33.5992,33.8161,1342611.101
11/30/2018,33.8539,34.1465,33.7664,34.1215,1095045.826
12/3/2018,34.7604,34.8072,34.4092,34.629,1629163.12
12/4/2018,34.5027,34.5226,33.3574,33.4042,2461028.07
12/6/2018,32.7922,33.4898,32.4668,33.4898,5444996.892
12/7/2018,33.3852,33.5852,32.419,32.5424,2872559.172
12/10/2018,32.4668,32.9255,32.0559,32.7823,2255437.388
12/11/2018,33.2609,33.2708,32.6102,32.84,1655396.487
12/12/2018,33.2897,33.5484,33.0699,33.0887,1658383.33
12/13/2018,33.1932,33.3852,32.9067,33.0887,950062.3313
12/14/2018,32.7634,32.8499,32.2937,32.3624,1265588.337
12/17/2018,32.2151,32.3812,31.418,31.6549,3834089.494
12/18/2018,31.9037,32.0947,31.5375,31.7773,1652288.039
12/19/2018,31.7673,32.2838,30.9534,31.1942,2372203.657
12/20/2018,31.041,31.2878,30.3355,30.6867,6168280.246
12/21/2018,30.7663,31.1027,29.8171,29.8927,6238432.87
12/24/2018,29.6917,29.9027,29.1246,29.1434,4755965.755
12/26/2018,29.3554,30.6708,29.1634,30.6509,8714746.903
12/27/2018,30.2798,30.9683,29.7873,30.9683,5577215.955
12/28/2018,31.1514,31.3734,30.7305,30.9107,6210862.861
12/31/2018,31.1604,31.2678,30.9087,31.229,4537935.253
1/2/2019,30.7305,31.2878,30.6807,31.1514,3349803.838
1/3/2019,30.9972,31.0271,30.3186,30.3753,3092413.739
1/4/2019,30.8459,31.5753,30.7793,31.4967,2417452.522
1/7/2019,31.5256,31.9215,31.431,31.7086,1281284.338
1/8/2019,32.0659,32.1524,31.6798,32.0857,2827410.808
1/9/2019,32.1902,32.3395,32.0171,32.2161,7565934.886
1/10/2019,32.0261,32.3743,31.9027,32.3345,2157245.423
1/11/2019,32.1803,32.3146,32.0947,32.3046,866038.7766
1/14/2019,32.0559,32.1803,31.9733,32.0659,1144542.801
1/15/2019,32.1723,32.5932,32.1524,32.5733,1058370.569
1/16/2019,32.5932,32.6977,32.5076,32.5266,1097461.833
1/17/2019,32.4112,32.8917,32.3942,32.7763,1181106.505
1/18/2019,33.0749,33.2569,32.8847,33.1693,1735182.986
1/22/2019,32.9773,33.0001,32.4718,32.7176,3905009.933
1/23/2019,32.8629,32.9485,32.439,32.7663,1252507.331
1/24/2019,32.7962,32.8539,32.5733,32.8051,957616.8736
1/25/2019,32.9963,33.1206,32.9205,33.0161,1236345.012
1/28/2019,32.7375,32.7475,32.449,32.6509,965845.767
1/29/2019,32.6878,32.6977,32.4112,32.5355,1424962.345
1/30/2019,32.7863,33.2559,32.7275,33.1693,1592480.828
1/31/2019,33.2081,33.629,33.1893,33.5554,2021337.027
2/1/2019,33.5266,33.6888,33.438,33.5554,4803510.026
2/4/2019,33.5554,33.8141,33.4898,33.8141,2030362.881
2/5/2019,33.8907,34.0429,33.8629,34.0041,1653907.085
2/6/2019,33.9972,34.0241,33.7942,33.9107,1522363.379
2/7/2019,33.6788,33.7365,33.3534,33.5922,1652922.191
2/8/2019,33.3813,33.7066,33.3813,33.7066,1182541.636
2/11/2019,33.7843,33.8818,33.6569,33.7464,1098493.962
2/12/2019,33.9574,34.2261,33.9295,34.1893,908695.7603
2/13/2019,34.2937,34.3823,34.2081,34.2549,846203.2038
2/14/2019,34.1315,34.3823,34.0429,34.235,849770.9336
2/15/2019,34.4658,34.5444,34.3753,34.5444,854371.7976
2/19/2019,34.449,34.6878,34.449,34.5932,1994416.244
2/20/2019,34.621,34.6638,34.444,34.6112,6343700.999
2/21/2019,34.4947,34.6112,34.3902,34.5246,1298929.023
2/22/2019,34.631,34.8529,34.628,34.833,872098.8923
2/25/2019,35.0231,35.0917,34.8529,34.8818,1105015.37
2/26/2019,34.8032,35.0002,34.7833,34.8917,585635.3126
2/27/2019,34.7833,34.9564,34.641,34.9196,1023852.029
2/28/2019,34.8917,35.0509,34.8788,34.9196,816331.7577
3/1/2019,35.1683,35.2351,34.9594,35.2061,1086139.567
3/4/2019,35.3525,35.3903,34.7454,35.0917,1917578.399
3/5/2019,35.1117,35.1575,34.9693,35.0519,1344522.6
3/6/2019,35.1017,35.1117,34.8231,34.8629,1038289.777
3/7/2019,34.8231,34.8231,34.439,34.5744,1509055.245
3/8/2019,34.2649,34.4758,34.1793,34.4658,1182562.741
3/11/2019,34.5444,34.9853,34.5046,34.9853,3475878.365
3/12/2019,35.0231,35.1783,34.9753,35.1017,6827100.25
3/13/2019,35.2351,35.4649,35.1883,35.3236,1497675.694
3/14/2019,35.3236,35.3564,35.2161,35.2847,794137.4633
3/15/2019,35.3525,35.5724,35.3236,35.4927,1427552.216
3/18/2019,35.5027,35.5823,35.3803,35.5326,1729340.954
3/19/2019,35.6698,35.7754,35.4649,35.6112,1986490.859
3/20/2019,35.5624,35.848,35.3992,35.65,1241157.93
3/21/2019,35.5226,36.0917,35.5126,36.0629,900908.0593
3/22/2019,35.8798,35.9674,35.3952,35.4072,1748681.064
3/25/2019,35.3127,35.5385,35.2539,35.436,1867453.302
3/26/2019,35.6798,35.8241,35.5126,35.7096,5745705.262
3/27/2019,35.7376,35.7754,35.2371,35.4927,2445205.44
3/28/2019,35.5823,35.6798,35.3982,35.6211,1291664.924
3/29/2019,35.834,35.8798,35.6698,35.8698,1469372.039
4/1/2019,36.1117,36.2589,36.0629,36.2201,2507480.917
4/2/2019,36.2679,36.3057,36.1475,36.2589,1075621.296
4/3/2019,36.438,36.5037,36.2401,36.3335,1167007.439
4/4/2019,36.3634,36.4281,36.1415,36.3435,1114637.185
4/5/2019,36.438,36.4898,36.3923,36.4679,753204.0448
4/8/2019,36.4181,36.4828,36.2489,36.4778,735650.8141
4/9/2019,36.3535,36.4091,36.2639,36.3535,1795614.299
4/10/2019,36.4091,36.4778,36.3634,36.4679,557675.3657
4/11/2019,36.5355,36.5355,36.3535,36.438,817468.4063
4/12/2019,36.6241,36.7007,36.5992,36.6808,668687.0378
4/15/2019,36.7106,36.7206,36.5256,36.6908,697122.347
4/16/2019,36.8062,36.8162,36.5435,36.633,1591836.626
4/17/2019,36.8162,36.8162,36.4091,36.4878,665051.9734
4/18/2019,36.6042,36.6042,36.3535,36.5843,706934.1065
4/22/2019,36.4778,36.6858,36.438,36.6718,828871.0718
4/23/2019,36.7504,37.0669,36.6908,37.047,954082.3086
4/24/2019,37.0669,37.1236,36.9803,36.9803,813873.5416
4/25/2019,37.1146,37.1982,36.9316,37.1236,782724.7478
4/26/2019,37.1335,37.2877,36.9504,37.2679,655275.3887
4/29/2019,37.2977,37.3475,37.2071,37.2877,1131527.12
4/30/2019,37.1823,37.3177,37.0271,37.2877,1171034.451
5/1/2019,37.3673,37.3673,36.9037,36.9116,840583.2755
5/2/2019,36.8938,37.0042,36.5942,36.855,867828.6714
5/3/2019,37.037,37.2877,37.0271,37.2489,1358672.92
5/6/2019,36.653,37.1823,36.5743,37.1146,1029382.513
5/7/2019,36.7962,36.8938,36.2151,36.5256,1042603.213
5/8/2019,36.4778,36.7007,36.3634,36.4967,977338.882
5/9/2019,36.1703,36.4231,35.9355,36.3733,1077751.884
5/10/2019,36.2589,36.6619,35.8241,36.5455,1024058.053
5/13/2019,35.843,36.0062,35.5624,35.6998,1582491.184
5/14/2019,35.852,36.1903,35.8042,35.9574,1007018.374
5/15/2019,35.7554,36.3923,35.7554,36.2957,1754276.873
5/16/2019,36.4181,36.9037,36.3335,36.7405,1000312.047
5/17/2019,36.438,36.854,36.4281,36.4967,981301.5746
5/20/2019,36.2201,36.3833,36.0957,36.2101,947469.446
5/21/2019,36.4778,36.5425,36.3783,36.4778,637885.972
5/22/2019,36.3335,36.5843,36.3335,36.4679,774874.7372
5/23/2019,36.1803,36.1803,35.853,36.0629,884065.3596
5/24/2019,36.2301,36.3335,36.0539,36.1017,457650.2915
5/28/2019,36.2101,36.3833,35.8977,35.9077,1105222.399
5/29/2019,35.7654,35.7654,35.436,35.631,9282869.185
5/30/2019,35.7376,35.852,35.626,35.8042,1910165.561
5/31/2019,35.3982,35.5474,35.3037,35.3226,1463249.614
6/3/2019,35.2838,35.3425,34.7326,34.9176,3837856.213
6/4/2019,35.2439,35.646,35.1305,35.6211,1799010.175
6/5/2019,35.8698,36.0151,35.6698,35.9873,1067585.362
6/6/2019,36.0719,36.3535,35.9773,36.2679,771329.1173
6/7/2019,36.448,36.8778,36.4181,36.7504,886734.6245
6/10/2019,36.9504,37.1385,36.8848,36.9037,1005254.609
6/11/2019,37.1535,37.2291,36.7306,36.845,804374.3353
6/12/2019,36.8062,36.9037,36.7166,36.8162,1703021.157
6/13/2019,36.9604,36.9604,36.7774,36.9037,1240016.256
6/14/2019,36.8848,36.9554,36.7912,36.8748,1180353.764
6/17/2019,36.9415,37.037,36.9057,36.9604,1555918.13
6/18/2019,37.2679,37.443,37.1923,37.2977,1376596.994
6/19/2019,37.3375,37.5276,37.1823,37.4719,954144.6182
6/20/2019,37.858,37.9146,37.5574,37.838,1420333.341
6/21/2019,37.7614,37.9474,37.7216,37.7902,1735672.418
6/24/2019,37.828,37.8678,37.7465,37.7803,881031.2818
6/25/2019,37.7803,37.7902,37.2759,37.3057,1347552.658
6/26/2019,37.4032,37.4987,37.1803,37.2002,3221369.584
6/27/2019,37.3255,37.3903,37.2469,37.3355,1131541.19
6/28/2019,37.442,37.5077,37.3255,37.4808,1500581.133
7/1/2019,37.9435,37.9435,37.637,37.8092,1558274.841
7/2/2019,37.8192,38.0032,37.7316,38.0032,2334026.938
7/3/2019,38.0798,38.2927,38.042,38.2739,510411.488
7/5/2019,38.1196,38.2539,37.8868,38.1953,845952.9602
7/8/2019,38.051,38.0699,37.9336,38.0231,630712.3226
7/9/2019,37.8968,38.1644,37.8728,38.1375,1180912.541
7/10/2019,38.3027,38.4579,38.246,38.3983,872104.9223
7/11/2019,38.4479,38.4867,38.2739,38.4181,797844.8873
7/12/2019,38.4579,38.5345,38.3425,38.5345,538059.8867
7/15/2019,38.5923,38.5923,38.4867,38.5545,608704.9571
7/16/2019,38.5256,38.5644,38.3703,38.3883,581961.0533
7/17/2019,38.4479,38.4669,38.2141,38.2141,858343.5351
7/18/2019,38.1196,38.3415,38.0032,38.3127,641896.9043
7/19/2019,38.5445,38.5445,38.042,38.0699,1060610.701
7/22/2019,38.1475,38.2828,38.0768,38.1953,543480.826
7/23/2019,38.3703,38.3983,38.1375,38.3983,695690.2301
7/24/2019,38.2927,38.5445,38.2539,38.5445,535163.493
7/25/2019,38.5067,38.5067,38.241,38.3515,727829.9483
7/26/2019,38.5345,38.7097,38.5305,38.6798,637485.9843
7/29/2019,38.6699,38.6699,38.4311,38.5923,1028130.29
7/30/2019,38.3515,38.5256,38.3027,38.4281,1158315.243
7/31/2019,38.4281,38.4479,37.6112,37.9056,1053144.598
8/1/2019,37.9534,38.4381,37.64,37.7415,2091571.055
8/2/2019,37.644,37.644,37.2469,37.4808,1779450.975
8/5/2019,36.8221,36.851,36.0321,36.3673,2658972.755
8/6/2019,36.6191,36.9385,36.4629,36.8708,3921104.917
8/7/2019,36.4927,37.0539,36.1743,36.9385,2371090.124
8/8/2019,37.1604,37.7017,37.1017,37.7017,1268893.763
8/9/2019,37.5962,37.7017,37.2271,37.4808,1371569.007
8/12/2019,37.2957,37.3555,36.8858,37.044,1070575.22
8/13/2019,36.9962,37.7514,36.9385,37.5763,6471194.578
8/14/2019,37.044,37.1703,36.4927,36.4927,2564126.417
8/15/2019,36.629,36.7674,36.3773,36.6579,1592437.613
8/16/2019,36.9385,37.2002,36.8898,37.1405,1893936.913
8/19/2019,37.5365,37.6639,37.442,37.5962,739705.9661
8/20/2019,37.5465,37.6151,37.3057,37.3057,890253.1096
8/21/2019,37.6062,37.7087,37.5365,37.6639,491476.3901
8/22/2019,37.7316,37.8192,37.3255,37.5863,776624.4323
8/23/2019,37.4619,37.7037,36.4967,36.648,1948733.223
8/26/2019,37.0141,37.0838,36.7464,37.0838,1261634.689
8/27/2019,37.3157,37.3653,36.9136,37.044,1006866.62
8/28/2019,36.9086,37.2469,36.7724,37.2371,590176.8819
8/29/2019,37.5863,37.7704,37.4519,37.6728,920593.888
8/30/2019,37.8768,37.8918,37.4589,37.644,801071.924
9/3/2019,37.4032,37.5664,37.2659,37.3833,2311104.023
9/4/2019,37.6918,37.7803,37.5564,37.7803,921125.53
9/5/2019,38.0997,38.3325,38.0798,38.2739,925872.1181
9/6/2019,38.3226,38.3475,38.1953,38.2739,971005.4079
9/9/2019,38.3983,38.3983,37.858,38.0032,913068.4906
9/10/2019,37.8192,37.828,37.4987,37.7803,846796.1504
9/11/2019,37.7902,38.0231,37.7316,38.0231,959911.2756
9/12/2019,38.1953,38.3793,38.1475,38.2241,1324695.067
9/13/2019,38.2828,38.3027,38.0898,38.1574,1131559.28
9/16/2019,37.9833,38.0738,37.9286,38.0032,720997.9969
9/17/2019,38.0132,38.1813,38.0032,38.1574,10887062.22
9/18/2019,38.1286,38.1783,37.7614,38.1574,820123.6013
9/19/2019,38.2639,38.444,38.2052,38.2739,1614619.847
9/20/2019,38.3515,38.3883,37.9056,38.051,1007598.256
9/23/2019,37.9534,38.1196,37.9236,38.0132,299477.2511
9/24/2019,38.1863,38.2549,37.5485,37.6718,727709.349
9/25/2019,37.6718,37.9734,37.4211,37.9236,599143.4412
9/26/2019,37.9336,37.9882,37.6579,37.8858,846471.5372
9/27/2019,37.9932,37.9932,37.3525,37.5544,1008439.436
9/30/2019,37.633,37.854,37.6132,37.7694,601301.164
10/1/2019,37.847,37.9435,37.3226,37.3226,1043666.497
10/2/2019,37.1087,37.1475,36.5007,36.6818,1041344.96
10/3/2019,36.6818,37.05,36.3315,37.05,1713863.036
10/4/2019,37.1773,37.5942,37.1574,37.5644,884624.1364
10/7/2019,37.44,37.643,37.3475,37.4111,678982.1996
10/8/2019,37.1475,37.2341,36.8072,36.8172,952097.4448
10/9/2019,37.0798,37.3127,37.0102,37.1674,1073756.027
10/10/2019,37.1375,37.4967,37.1176,37.3723,1047734.714
10/11/2019,37.7604,38.0132,37.6808,37.7007,1197929.104
10/14/2019,37.6629,37.7614,37.633,37.643,374523.1916
10/15/2019,37.7694,38.1097,37.7694,38.042,619669.4451
10/16/2019,37.9435,38.032,37.845,37.9833,530997.7916
10/17/2019,38.1475,38.2012,38.0132,38.0609,818231.197
10/18/2019,37.9932,38.0609,37.653,37.7794,415686.7538
10/21/2019,37.9336,37.9932,37.8142,37.9932,389830.2601
10/22/2019,38.0699,38.1097,37.653,37.6629,385665.5636
10/23/2019,37.633,37.7794,37.6082,37.7604,1333929.96
10/24/2019,37.9236,37.9892,37.7942,37.9534,667443.8598
10/25/2019,37.7992,38.1435,37.7992,38.0609,559297.4265
10/28/2019,38.2251,38.3615,38.2251,38.3335,559611.9898
10/29/2019,38.3037,38.4489,38.2699,38.3236,642746.1245
10/30/2019,38.3525,38.5763,38.1962,38.5276,660193.8309
10/31/2019,38.5365,38.5465,38.2788,38.4291,5535405.176
11/1/2019,38.6231,38.6967,38.5187,38.643,1204201.274
11/4/2019,38.8271,38.852,38.643,38.6918,779514.796
11/5/2019,38.7514,38.7604,38.5087,38.5853,744378.1847
11/6/2019,38.5853,38.6131,38.4589,38.6032,617371.0231
11/7/2019,38.7415,38.837,38.5982,38.6818,747716.7758
11/8/2019,38.6619,38.7704,38.5803,38.7704,628167.677
11/11/2019,38.6131,38.7415,38.5763,38.7316,380193.3696
11/12/2019,38.7893,38.9594,38.7316,38.8172,1225246.86
11/13/2019,38.7415,38.9146,38.7117,38.8748,1391005.597
11/14/2019,38.8271,38.9644,38.7514,38.9644,640831.6104
11/15/2019,39.1196,39.245,39.051,39.2351,545501.8696
11/18/2019,39.2351,39.2927,39.1385,39.245,724086.3445
11/19/2019,39.3813,39.4201,39.245,39.3614,890499.3332
11/20/2019,39.2927,39.4111,39.033,39.2549,735440.7702
11/21/2019,39.2549,39.2549,39.042,39.1584,570184.53
11/22/2019,39.2261,39.245,39.046,39.1873,611315.9323
11/25/2019,39.3425,39.5177,39.3325,39.4997,440984.4707
11/26/2019,39.5565,39.7216,39.5087,39.7017,574764.2891
11/27/2019,39.7903,39.8968,39.7276,39.8968,411995.4097
11/29/2019,39.8281,39.8669,39.7216,39.7505,206455.9823
12/2/2019,39.8002,39.8002,39.2261,39.3525,1110340.835
12/3/2019,38.9734,39.2022,38.847,39.1674,1097449.773
12/4/2019,39.3425,39.4499,39.2699,39.3913,505554.3505
12/5/2019,39.4897,39.4897,39.236,39.4111,539718.1273
12/6/2019,39.6629,39.7704,39.6331,39.7117,577924.9962
12/9/2019,39.6918,39.7903,39.5933,39.6032,405812.6847
12/10/2019,39.6131,39.6729,39.4699,39.5275,519446.3869
12/11/2019,39.6032,39.6918,39.5315,39.6729,841002.3582
12/12/2019,39.6729,40.032,39.6131,39.9067,1572965.848
12/13/2019,39.8868,40.0698,39.8002,39.9932,764316.2669
12/16/2019,40.1972,40.2948,40.1684,40.256,525305.5038
12/17/2019,40.3336,40.3336,40.1972,40.2172,501755.472
12/18/2019,40.2659,40.3435,40.236,40.246,580123.9237
12/19/2019,40.2659,40.4779,40.2659,40.4679,762258.0386
12/20/2019,40.6828,40.7614,40.5903,40.6927,2530688.246
12/23/2019,40.8102,40.8201,40.7226,40.7316,686625.1814
12/24/2019,40.7803,40.7803,40.6749,40.7515,269083.208
12/26/2019,40.839,41.0728,40.8201,41.0728,497369.6768
12/27/2019,41.2012,41.2012,40.9744,41.0728,626070.2539
12/30/2019,41.0728,41.0728,40.6529,40.7903,1240519.758
12/31/2019,40.7027,40.8958,40.644,40.8579,777589.2269
1/2/2020,41.1514,41.4321,41.053,41.4321,2258792.059
1/3/2020,40.9455,41.3326,40.8679,41.1316,2596299.3
1/6/2020,40.8291,41.3425,40.7903,41.3276,1773213.98
1/7/2020,41.3276,41.4072,41.2012,41.2888,10249357.14
1/8/2020,41.2988,41.7365,41.259,41.5515,1760780.191
1/9/2020,41.8808,41.9594,41.7515,41.9594,1611086.287
1/10/2020,42.038,42.0758,41.7763,41.8331,793767.6253
1/13/2020,41.9893,42.262,41.9445,42.262,1031280.947
1/14/2020,42.234,42.2918,42.039,42.1057,1007152.038
1/15/2020,42.1156,42.3346,42.1008,42.2242,712998.2422
1/16/2020,42.4271,42.6082,42.3704,42.5933,1139487.68
1/17/2020,42.7684,42.847,42.6331,42.8371,966226.6599
1/21/2020,42.7027,42.9007,42.6829,42.7983,830791.6159
1/22/2020,42.9545,43.0719,42.7883,42.7883,4076702.157
1/23/2020,42.7485,42.9057,42.6033,42.8967,1298675.765
1/24/2020,43.0231,43.0719,42.3505,42.5137,1499751.007
1/27/2020,41.7067,42.0042,41.5843,41.7763,1102629.513
1/28/2020,42.038,42.457,41.9296,42.3704,3492269.822
1/29/2020,42.6431,42.6977,42.3117,42.4371,1435219.317
1/30/2020,42.1744,42.5933,42.057,42.5535,1229630.645
1/31/2020,42.6331,42.6331,41.6779,41.8141,1606812.047
2/3/2020,41.9893,42.447,41.9794,42.262,1270343.97
2/4/2020,42.7883,43.0868,42.6829,43.0231,912508.7087
2/5/2020,43.5008,43.5167,43.0032,43.247,906637.5319
2/6/2020,43.4122,43.5396,43.247,43.5396,1072522.899
2/7/2020,43.3634,43.5316,43.2172,43.3058,1138140.988
2/10/2020,43.1774,43.8121,43.1774,43.8121,969342.1423
2/11/2020,43.9983,44.1177,43.7047,43.7733,1379903.425
2/12/2020,44.0181,44.1346,43.8649,44.1246,780393.161
2/13/2020,43.9187,44.2699,43.8599,44.0759,729766.5723
2/14/2020,44.1824,44.2699,44.0669,44.26,637004.592
2/18/2020,44.0281,44.25,43.9694,44.1624,900525.1565
2/19/2020,44.3574,44.5814,44.3176,44.4858,5293261.846
2/20/2020,44.3972,44.5117,43.6749,44.1824,1192872.978
2/21/2020,43.9783,44.0062,43.3534,43.5196,1342577.936
2/24/2020,41.8908,42.4271,41.5415,41.9495,1911145.43
2/25/2020,42.2242,42.3406,40.6111,40.7614,3273203.171
2/26/2020,40.9156,41.6091,40.5813,40.7903,2349148.083
2/27/2020,39.8251,40.4629,38.84,38.84,4076593.617
2/28/2020,37.5723,38.9176,37.3743,38.8978,8701902.071
3/2/2020,39.239,40.7127,38.7694,40.7127,6068344.617
3/3/2020,40.848,41.3087,39.1336,39.4649,2434620.839
3/4/2020,40.254,41.1714,39.8738,41.1316,2276021.682
3/5/2020,40.1564,40.6529,39.4947,39.7962,3825481.718
3/6/2020,38.5097,39.2977,38.1097,39.0838,2475284.919
3/9/2020,36.3157,37.5624,36.0609,36.1993,8000006.001
3/10/2020,37.641,38.2848,36.2679,38.2848,4916730.675
3/11/2020,37.2301,37.4081,35.9475,36.4022,4301426.926
3/12/2020,33.8589,35.5843,33.0499,33.1166,10331288.3
3/13/2020,34.5803,36.2679,33.3226,36.2091,9989225.42
3/16/2020,32.239,34.238,31.2758,31.8699,6953064.228
3/17/2020,32.63,34.1395,31.5286,33.5664,8342135.211
3/18/2020,31.5872,32.7962,30.5415,32.1634,8378985.337
3/19/2020,32.1146,33.4678,31.245,32.4948,6405752.363
3/20/2020,33.0301,33.2639,31.0111,31.1186,5859776.136
3/23/2020,31.0061,31.3404,29.7543,30.5753,10245284.91
3/24/2020,32.1236,33.3484,32.0748,33.3086,6302302.268
3/25/2020,33.5822,34.836,32.7703,33.4938,6474055.797
3/26/2020,33.9156,35.5793,33.9156,35.4997,6632857.964
3/27/2020,34.5624,35.2469,34.0311,34.2479,8931303.078
3/30/2020,34.6002,35.5494,34.4241,35.4599,6659012.941
3/31/2020,35.3455,35.8052,34.8161,34.9923,3161465.893
4/1/2020,33.7086,34.2639,33.1703,33.444,4424314.615
4/2/2020,33.3385,34.2131,33.23,34.1803,2851763.83
4/3/2020,34.0709,34.3256,33.2987,33.7186,3636041.294
4/6/2020,35.0499,36.3733,34.8848,36.1773,2333732.475
4/7/2020,37.3813,37.4311,36.0301,36.0778,4344606.506
4/8/2020,36.4987,37.2261,36.1017,37.1067,3208590.077
4/9/2020,37.5664,37.7435,37.1156,37.441,5148433.12
4/13/2020,37.2241,37.4311,36.6808,37.3127,2396816.973
4/14/2020,38.1355,38.84,37.9584,38.7425,3374791.012
4/15/2020,37.9484,38.3703,37.7336,38.0957,4812195.187
4/16/2020,38.4181,38.644,37.9684,38.4877,2557938.667
4/17/2020,39.2221,39.2868,38.6729,39.24,2257324.767
4/20/2020,38.7614,39.2122,38.6002,38.6341,3272649.419
4/21/2020,38.0957,38.2032,37.1654,37.3525,2785849.268
4/22/2020,38.1445,38.6241,37.9784,38.3703,3057750.48
4/23/2020,38.5365,39.0062,38.3017,38.3605,2785879.418
4/24/2020,38.5664,38.9764,38.2231,38.9276,1532128.909
4/27/2020,39.2699,39.4271,39.1534,39.2997,1941905.291
4/28/2020,39.7604,39.8102,38.7912,38.84,2869772.323
4/29/2020,39.6908,40.2699,39.5157,40.063,1892034.458
4/30/2020,40.0142,40.1544,39.6818,39.9853,4201779.729
5/1/2020,39.1724,39.5067,38.8012,38.9474,3192493.083
5/4/2020,38.6928,39.25,38.5664,39.2221,3027763.46
5/5/2020,39.642,40.1226,39.5813,39.6719,4662433.949
5/6/2020,39.9564,40.0888,39.6539,39.6908,1301133.981
5/7/2020,40.1514,40.4151,40.063,40.2211,1832984.007
5/8/2020,40.5635,40.7883,40.4341,40.7495,2152944.048
5/11/2020,40.444,41.1814,40.4241,40.9644,2204459.051
5/12/2020,41.1018,41.1922,40.1326,40.1326,2408372.398
5/13/2020,40.063,40.4151,39.1534,39.5923,2904228.553
5/14/2020,39.2221,39.9952,38.9027,39.9853,4042720.284
5/15/2020,39.5644,40.2699,39.4669,40.25,1947610.644
5/18/2020,41.0818,41.453,40.9544,41.2301,2480322.956
5/19/2020,41.2012,41.5713,40.9833,40.9833,4571519.148
5/20/2020,41.5913,41.8391,41.5375,41.7783,1950362.318
5/21/2020,41.7385,41.9077,41.2788,41.3933,2359598.014
5/22/2020,41.3933,41.5813,41.2202,41.5425,1492411.534
5/26/2020,42.4231,42.4231,41.6599,41.7187,1577680.276
5/27/2020,41.9037,42.0699,41.049,42.0699,7048845.211
5/28/2020,42.0898,42.6957,41.9624,42.0798,1985768.268
5/29/2020,42.0998,42.4818,41.7684,42.3455,1781543.373
6/1/2020,42.2868,42.6679,42.248,42.5793,2527510.454
6/2/2020,42.6987,42.9027,42.3754,42.9027,2952737.619
6/3/2020,43.1077,43.4022,42.9863,43.2758,2376843.716
6/4/2020,43.1276,43.3475,42.6789,42.9226,1403837.365
6/5/2020,43.4709,44.0201,43.3226,43.9107,1811416.829
6/8/2020,43.9505,44.244,43.7157,44.2252,3337944.905
6/9/2020,43.9903,44.4868,43.9505,44.263,19436643.33
6/10/2020,44.5475,44.8411,44.2928,44.4998,2925343.484
6/11/2020,43.5196,43.7545,42.1296,42.1485,3549497.214
6/12/2020,43.256,43.3136,41.8361,42.5893,5126994.581
6/15/2020,41.8649,43.1475,41.6699,42.9813,2283413.415
6/16/2020,44.0878,44.1465,43.1574,43.8719,3320187.661
6/17/2020,44.05,44.2252,43.7645,43.8619,2983177.892
6/18/2020,43.7445,43.9803,43.6371,43.9107,1209391.065
6/19/2020,44.4212,44.4212,43.5296,43.7645,2688254.27
6/22/2020,43.7286,44.2689,43.6132,44.249,2278959.28
6/23/2020,44.642,44.9375,44.457,44.5346,13811083.13
6/24/2020,44.3176,44.4958,43.239,43.5047,3209016.194
6/25/2020,43.4649,43.9704,43.042,43.9355,3057970.574
6/26/2020,43.8371,43.8569,42.7773,42.8361,2839767.213
6/29/2020,42.9047,43.3754,42.4818,43.3754,2553216.199
6/30/2020,43.3754,44.2788,43.3166,44.1027,1807839.05
7/1/2020,44.1913,44.7415,44.1226,44.5346,2941371.133
7/2/2020,45.0351,45.2022,44.6968,44.7615,1470401.153
7/6/2020,45.3505,45.7525,45.3107,45.6739,1426705.005
7/7/2020,45.5456,45.9685,45.2122,45.252,1849119.191
7/8/2020,45.466,45.7923,45.2222,45.7724,1835561.818
7/9/2020,46.0073,46.0559,45.2122,45.8799,2728816.845
7/10/2020,45.8401,46.1356,45.437,46.1157,3032377.388
7/13/2020,46.4988,46.8997,45.262,45.3704,1768777.936
7/14/2020,45.1137,45.9485,44.7017,45.8799,3315894.325
7/15/2020,46.3594,46.439,45.7425,46.1953,2028390.077
7/16/2020,45.8201,46.0171,45.5256,45.9287,1764497.665
7/17/2020,46.0958,46.1853,45.7037,46.0361,1146272.397
7/20/2020,46.0759,47.0291,45.9287,46.9197,1527397.396
7/21/2020,47.2451,47.2451,46.5486,46.6948,2906590.29
7/22/2020,46.6848,47.0391,46.5972,46.9993,1439412.153
7/23/2020,46.9097,47.0679,45.8361,46.0559,3492461.776
7/24/2020,45.5754,45.9733,45.2719,45.8003,2500010.795
7/27/2020,46.0171,46.3903,45.8997,46.3505,1768824.165
7/28/2020,46.262,46.3555,45.8451,45.9087,1685300.093
7/29/2020,46.0759,46.5734,46.0559,46.4788,1122081.178
7/30/2020,46.0559,46.6122,45.8092,46.5386,2574008.526
7/31/2020,47.1675,47.2451,46.4192,47.2162,1598470.594
8/3/2020,47.5982,47.8431,47.5386,47.6878,1980894.046
8/4/2020,47.5982,47.8431,47.4788,47.8431,2023231.441
8/5/2020,48.0093,48.1873,47.9107,48.1287,1284054.102
8/6/2020,48.1087,48.7216,47.9993,48.6778,1017920.553
8/7/2020,48.5595,48.7018,48.0241,48.3734,1552662.953
8/10/2020,48.4709,48.5107,47.8142,48.2849,1128375.458
8/11/2020,48.3147,48.4719,47.6282,47.7366,10268022.9
8/12/2020,48.1087,48.7416,48.1087,48.5894,1583657.983
8/13/2020,48.639,49.0222,48.5595,48.6978,1933541.729
8/14/2020,48.6978,48.7535,48.451,48.639,1126838.821
8/17/2020,48.8948,49.0122,48.8351,48.9346,1195214.615
8/18/2020,49.061,49.3277,48.8302,49.2659,1211982.945
8/19/2020,49.3455,49.4649,48.9834,49.0321,1485461.998
8/20/2020,48.855,49.5515,48.8052,49.4849,984047.2191
8/21/2020,49.4749,49.8162,49.4053,49.7664,1605491.484
8/24/2020,50.3167,50.3555,49.8361,50.1804,2932995.511
8/25/2020,50.1804,50.5038,50.0829,50.4739,3323210.683
8/26/2020,50.7008,51.4501,50.6819,51.4271,1544783.797
8/27/2020,51.5545,51.7028,51.0341,51.3485,1801955.813
8/28/2020,51.5645,51.7227,51.3675,51.6729,985572.8005
8/31/2020,51.7227,51.9774,51.5445,51.6729,1794786.183
9/1/2020,51.9376,52.4291,51.7704,52.4093,6051139.114
9/2/2020,52.8888,53.2232,52.2909,53.067,2332255.133
9/3/2020,52.5565,52.6252,50.2869,50.7694,5138806.279
9/4/2020,50.662,51.064,48.5107,50.0829,5465867.609
9/8/2020,48.845,49.455,48.3445,48.3933,3465409.339
9/9/2020,49.257,50.063,48.9535,49.649,4391730.69
9/10/2020,50.0729,50.2003,48.5008,48.6978,3250177.747
9/11/2020,49.0321,49.1675,48.0491,48.5595,4611636.511
9/14/2020,49.1873,49.6102,49.0421,49.1873,2158370.012
9/15/2020,49.7764,49.9446,49.4451,49.669,2180081.909
9/16/2020,49.8759,49.8858,49.0809,49.1177,1291015.698
9/17/2020,48.2172,48.8848,48.0889,48.5694,2023605.299
9/18/2020,48.7754,48.7754,47.4003,47.9107,3995740.82
9/21/2020,47.1505,47.7117,46.6868,47.7018,2912904.669
9/22/2020,48.0839,48.5754,47.6022,48.4769,8966002.517
9/23/2020,48.5456,48.5654,47.1007,47.2192,2117586.338
9/24/2020,46.9227,47.9157,46.8431,47.3844,3332213.423
9/25/2020,47.3844,48.4391,47.1307,48.3007,2166845.129
9/28/2020,49.0192,49.1655,48.7704,49.1356,2029115.683
9/29/2020,49.1257,49.2739,48.862,48.9704,1588567.38
9/30/2020,48.9993,49.7954,48.9993,49.3037,2314971.241
10/1/2020,49.7954,49.9346,49.4699,49.7565,3145230.21
10/2/2020,48.8321,49.4232,48.6948,48.9505,3433911.812
10/5/2020,49.2639,49.8948,49.2551,49.855,1728220.385
10/6/2020,49.8052,50.0888,48.9376,48.9993,3139017.335
10/7/2020,49.5306,50.0033,49.5028,49.9147,2698505.212
10/8/2020,50.2491,50.2491,50.0082,50.2301,1233363.194
10/9/2020,50.4849,50.8968,50.4501,50.877,1241271.494
10/12/2020,51.5077,52.3645,51.3505,52.0013,1269059.587
10/13/2020,52.1276,52.1923,51.6162,51.7934,1535441.37
10/14/2020,51.9516,52.1078,51.2043,51.458,1449077.184
10/15/2020,50.7416,51.3505,50.6242,51.2521,2205724.339
10/16/2020,51.4779,51.7834,51.066,51.0859,2331223.004
10/19/2020,51.3605,51.5177,50.1107,50.2679,2475061.811
10/20/2020,50.4948,51.0262,50.2769,50.4849,2784366.901
10/21/2020,50.5147,50.9266,50.3337,50.4053,1842050.061
10/22/2020,50.4649,50.5844,49.9008,50.4451,1984259.772
10/23/2020,50.6341,50.663,50.2202,50.663,1302486.703
10/26/2020,50.1804,50.4749,49.1555,49.7565,2212249.767
10/27/2020,49.9048,50.0729,49.658,49.8948,1059085.12
10/28/2020,49.0192,49.0192,47.9257,48.0142,2933132.19
10/29/2020,48.2033,49.1953,47.9645,48.665,3152631.993
10/30/2020,48.3893,48.5754,47.2968,47.8092,3301666.62
11/2/2020,48.2819,48.6749,47.6798,48.1337,5847749.369
11/3/2020,48.5754,49.3326,48.4291,48.9993,1899751.81
11/4/2020,50.1018,51.1844,49.9535,50.7118,4472151.34
11/5/2020,51.7834,52.1068,51.5774,51.863,3735368.902
11/6/2020,51.7834,52.0908,51.2431,51.9216,2609044.638
11/9/2020,53.2879,53.2879,51.5973,51.666,4543581.311
11/10/2020,51.3107,51.4978,50.6192,51.0958,3003471.742
11/11/2020,51.4779,51.9316,51.4003,51.843,2004712.411
11/12/2020,51.7934,51.9714,51.1933,51.4391,4880013.208
11/13/2020,51.7436,52.068,51.4201,51.9614,1461518.008
11/16/2020,52.256,52.4381,52.0102,52.4143,1589100.027
11/17/2020,52.2272,52.3645,51.9316,52.1575,1509821.05
11/18/2020,52.1675,52.2361,51.5575,51.5575,3908138.48
11/19/2020,51.4978,51.9316,51.3307,51.843,1133937.096
11/20/2020,51.8818,51.8818,51.4391,51.4491,827546.4893
11/23/2020,51.656,51.867,51.1157,51.4978,14138632.88
11/24/2020,51.7734,52.2461,51.5297,52.1276,2214174.331
11/25/2020,52.2272,52.3247,52.058,52.2361,2475216.58
11/27/2020,52.4919,52.6003,52.3436,52.4719,480539.037
11/30/2020,52.4143,52.5017,51.8212,52.4431,1533545.951
12/1/2020,52.8849,53.3476,52.7575,53.0928,3080119.643
12/2/2020,52.9048,53.0928,52.6401,53.0242,1498080.707
12/3/2020,53.063,53.2839,52.8262,52.9446,1703715.609
12/4/2020,53.053,53.3177,52.9844,53.2978,1064015.622
12/7/2020,53.268,53.4511,53.1625,53.3575,2004732.511
12/8/2020,53.25,53.5357,53.053,53.4561,1319077.149
12/9/2020,53.5157,53.5337,52.5465,52.7187,3183697.373
12/10/2020,52.4619,52.9346,52.3147,52.7277,1483710.293
12/11/2020,52.4719,52.7575,52.2461,52.7575,1198875.809
12/14/2020,53.0142,53.3376,52.7187,52.7277,1993993.142
12/15/2020,53.1326,53.4361,52.8888,53.4162,2856479.263
12/16/2020,53.5157,53.8013,53.3476,53.6541,922296.3484
12/17/2020,53.9575,54.0868,53.8103,53.9974,1431762.137
12/18/2020,54.0868,54.0958,53.4809,53.8789,2237924.357
12/21/2020,53.2869,53.7705,52.7545,53.7127,1941241.995
12/22/2020,53.8401,53.9684,53.4649,53.859,1329257.742
12/23/2020,53.9276,53.9674,53.5745,53.5745,1334418.387
12/24/2020,53.6829,53.9674,53.6729,53.869,519103.6839
12/28/2020,54.3237,54.6163,54.077,54.5197,997235.7595
12/29/2020,54.7774,54.8461,54.3237,54.4023,1061766.445
12/30/2020,54.5993,54.6789,54.3038,54.3426,1013469.433
12/31/2020,54.3824,54.6291,54.1615,54.5297,914497.5925
1/4/2021,54.7675,54.7874,53.061,53.7515,3389939.291
1/5/2021,53.5445,54.1664,53.5247,54.077,1254819.823
1/6/2021,53.3854,54.263,53.1993,53.6143,2389491.57
1/7/2021,54.0372,54.8909,54.0072,54.7475,1681124.341
1/8/2021,55.053,55.3595,54.6591,55.3296,1580722.394
1/11/2021,54.7973,55.053,54.5396,54.6391,1378033.131
1/12/2021,54.6291,54.7475,54.0262,54.4321,1797058.476
1/13/2021,54.4123,54.863,54.3625,54.7087,1905184.809
1/14/2021,54.7973,54.8461,54.1068,54.1664,1211773.906
1/15/2021,54.1266,54.3237,53.6929,53.8789,1672580.885
1/19/2021,54.274,54.5893,54.0382,54.5097,2210435.752
1/20/2021,55.072,55.9317,55.0431,55.7725,1212336.703
1/21/2021,55.9904,56.2362,55.8421,56.0988,1688520.095
1/22/2021,55.9904,56.2948,55.9267,56.1078,1186007.862
1/25/2021,56.6222,56.8252,55.458,56.5625,1894003.242
1/26/2021,56.6699,56.7685,56.4242,56.5923,2848456.394
1/27/2021,56.1964,56.2062,54.6779,55.1316,2557226.126
1/28/2021,55.26,56.2162,55.2302,55.4083,1934526.623
1/29/2021,55.1217,55.2102,53.9276,54.2839,2179028.675
2/1/2021,54.8361,55.6351,54.5087,55.468,2113982.428
2/2/2021,56.0103,56.5138,55.9904,56.2848,1783663.911
2/3/2021,56.6521,56.6989,56.1178,56.1576,1509599.951
2/4/2021,56.4242,56.7087,56.1874,56.7087,1209504.629
2/5/2021,56.9367,57.0262,56.6222,56.8969,1011692.603
2/8/2021,57.1446,57.1834,56.8183,57.1546,951205.0099
2/9/2021,57.0163,57.3108,57.0063,57.0958,873561.159
2/10/2021,57.4202,57.4302,56.5536,56.9765,1380930.529
2/11/2021,57.2122,57.3108,56.8183,57.1744,1046937.753
2/12/2021,57.0361,57.5088,56.9466,57.4988,803328.1363
2/16/2021,57.6481,57.7247,57.1645,57.3108,1141262.5
2/17/2021,56.9068,57.1934,56.6292,57.1645,1060452.917
2/18/2021,56.661,57.0163,56.3396,56.8969,1297330.077
2/19/2021,57.1058,57.1058,56.474,56.5436,2152544.06
2/22/2021,55.9117,56.0202,55.3884,55.4182,1423013.661
2/23/2021,54.6193,55.5854,53.8202,55.2998,2533922.318
2/24/2021,55.072,55.8232,54.5893,55.7625,1265493.867
2/25/2021,55.4282,55.7377,53.8789,54.1366,2637141.264
2/26/2021,54.5795,55.0381,53.8501,54.264,1989256.603
3/1/2021,55.0232,55.7535,54.8501,55.6739,1378026.096
3/2/2021,55.7725,55.7725,54.9346,54.9545,1967039.194
3/3/2021,54.8063,54.9267,53.5943,53.6143,2012717.191
3/4/2021,53.5445,54.0272,52.1535,52.7744,3353897.18
3/5/2021,53.3068,53.7705,51.8818,53.6241,9547261.079
3/8/2021,53.6531,53.9874,52.4989,52.4989,1978803.658
3/9/2021,53.5943,54.465,53.5843,54.0968,2196492.461
3/10/2021,54.6491,54.7426,54.0272,54.1068,1856163.196
3/11/2021,54.8262,55.4282,54.7277,55.1814,1108366.021
3/12/2021,54.5893,54.8461,54.2342,54.8461,1009809.243
3/15/2021,54.856,55.3197,54.5993,55.27,1075447.432
3/16/2021,55.5953,56.0202,55.3098,55.5366,1082171.849
3/17/2021,55.0819,55.8869,54.8162,55.5854,1756783.328
3/18/2021,54.8859,55.0918,54.2342,54.2938,1487391.587
3/19/2021,54.3525,54.6659,53.9774,54.461,1357618.681
3/22/2021,54.6591,55.5088,54.6491,55.2421,1454782.537
3/23/2021,55.3516,55.7217,54.9605,55.073,2231171.8
3/24/2021,55.3018,55.3316,54.461,54.4699,1539856.31
3/25/2021,54.2441,54.5893,53.7983,54.4421,3267531.988
3/26/2021,54.4799,55.3516,54.4123,55.3217,1458563.325
3/29/2021,55.1824,55.5197,54.8272,55.3714,1725706.894
3/30/2021,55.0829,55.1625,54.7485,55.073,1273553.922
3/31/2021,55.3018,56.0381,55.3018,55.7357,1957772.142
4/1/2021,56.3286,56.5914,56.2402,56.5864,1205782.13
4/5/2021,56.9914,57.7824,56.9814,57.6939,2476147.205
4/6/2021,57.664,57.9147,57.5178,57.5944,1166925.03
4/7/2021,57.6043,57.9297,57.4998,57.8301,930686.0409
4/8/2021,58.267,58.4044,58.1974,58.3944,1132584.374
4/9/2021,58.265,58.9277,58.1924,58.9177,1248872.266
4/12/2021,58.7904,58.9825,58.5824,58.9078,1020291.334
4/13/2021,59.0561,59.5506,59.0561,59.452,908230.4479
4/14/2021,59.4908,59.4908,58.7506,58.8401,1355486.083
4/15/2021,59.3138,59.8381,59.3138,59.7784,3769596.999
4/16/2021,59.9367,59.9655,59.5994,59.9068,1422756.383
4/19/2021,59.6889,59.8581,59.2352,59.5108,1290855.904
4/20/2021,59.3924,59.6392,58.8491,59.1555,1711452.055
4/21/2021,59.0163,59.6132,58.8889,59.6093,1069509.926
4/22/2021,59.5208,59.7287,58.7755,58.9963,1462632.547
4/23/2021,59.0959,59.9953,59.0959,59.7586,2713310.788
4/26/2021,59.8869,60.0939,59.7287,60.0451,1051031.095
4/27/2021,60.0839,60.1525,59.7237,59.8769,1294962.311
4/28/2021,59.9456,60.0939,59.7198,59.7486,1159030.799
4/29/2021,60.3516,60.3715,59.452,59.9953,2010781.572
4/30/2021,59.5994,59.9167,59.462,59.5406,1629558.083
5/3/2021,59.7983,59.9367,59.3436,59.4222,1850837.731
5/4/2021,59.0063,59.0561,57.9695,58.6123,1836438.173
5/5/2021,58.9575,58.9575,58.3944,58.4928,1155536.434
5/6/2021,58.483,58.9476,58.1177,58.9377,2333852.069
5/7/2021,59.3237,59.659,59.1357,59.3536,1161737.249
5/10/2021,59.2153,59.2451,58.1874,58.1874,2013626.711
5/11/2021,57.267,58.0491,57.1307,57.9397,4165305.47
5/12/2021,57.1994,57.4849,56.3684,56.4978,2311851.739
5/13/2021,56.9317,57.456,56.6989,57.0809,2137697.279
5/14/2021,57.6143,58.2471,57.5645,58.0979,1132057.757
5/17/2021,57.8999,57.9595,57.4212,57.8301,1494361.223
5/18/2021,57.9495,58.0511,57.3566,57.3864,1261104.052
5/19/2021,56.5665,57.4262,56.5177,57.4162,2362770.781
5/20/2021,57.6441,58.479,57.6242,58.3148,1385626.868
5/21/2021,58.6023,58.6322,58.0093,58.0292,1174523.792
5/24/2021,58.4432,59.0759,58.3844,58.8789,1095448.829
5/25/2021,59.1157,59.2451,58.8401,58.9874,1039535.97
5/26/2021,59.0759,59.1705,58.9377,59.0759,1241862.431
5/27/2021,59.0959,59.2352,58.8789,58.8789,1060810.695
5/28/2021,59.1555,59.3337,58.9963,59.0262,2919951.689
6/1/2021,59.2839,59.3138,58.662,58.7605,1407928.697
6/2/2021,58.8401,59.0123,58.6123,58.8302,3320531.369
6/3/2021,58.463,58.662,58.0779,58.4044,1267080.753
6/4/2021,58.7108,59.2551,58.7008,59.2153,1084320.527
6/7/2021,59.1357,59.3138,59.0163,59.3038,1097298.019
6/8/2021,59.5704,59.6889,59.1009,59.3635,961052.9492
6/9/2021,59.5704,59.6988,59.3616,59.3834,1005161.145
6/10/2021,59.5108,59.9367,59.4461,59.9367,1873370.709
6/11/2021,59.9953,60.0641,59.8083,60.0451,1106289.703
6/14/2021,60.1137,60.5784,59.9367,60.5784,993370.5514
6/15/2021,60.5685,60.5685,60.1973,60.2819,793572.6564
6/16/2021,60.4014,60.5088,59.5506,60.0651,1306157.947
6/17/2021,59.9068,60.8571,59.9068,60.6869,1435763.019
6/18/2021,60.4113,60.5536,60.1337,60.2123,1659583.293
6/21/2021,60.3217,60.8163,59.9904,60.7566,1483488.189
6/22/2021,60.7964,61.4103,60.7277,61.3307,8316550.065
6/23/2021,61.3506,61.5198,61.2621,61.3407,3726372.193
6/24/2021,61.7178,61.866,61.5496,61.6292,968310.0131
6/25/2021,61.7675,61.7874,61.5028,61.6392,988858.1269
6/28/2021,61.8362,62.2531,61.7974,62.2331,2266306.401
6/29/2021,62.2531,62.465,62.1437,62.4302,11929809.14
6/30/2021,62.3715,62.479,62.2681,62.3417,2283562.154
7/1/2021,62.3417,62.6073,62.2431,62.5984,1892348.017
7/2/2021,62.8959,63.4163,62.8472,63.3715,982003.0607
7/6/2021,63.4999,63.7268,63.1227,63.7168,1395731.081
7/7/2021,64.0551,64.0939,63.6083,64.0153,2133523.538
7/8/2021,63.0929,63.7287,62.9008,63.5884,7548215.831
7/9/2021,63.5884,64.0402,63.5227,64.0054,1749501.14
7/12/2021,64.2023,64.2511,63.9954,64.2213,825190.7826
7/13/2021,64.1237,64.6491,64.0551,64.1924,1272060.5
7/14/2021,64.5994,64.668,64.1924,64.3805,1246565.804
7/15/2021,64.3307,64.3487,63.677,64.0054,1333310.884
7/16/2021,64.1337,64.271,63.5098,63.5496,1682065.016
7/19/2021,62.867,63.0242,62.4163,62.857,3652432.751
7/20/2021,63.073,63.9058,62.7874,63.6282,2153745.028
7/21/2021,63.7168,64.0451,63.6183,64.0451,1109848.388
7/22/2021,64.1735,64.5596,64.1735,64.5496,1032299.006
7/23/2021,64.9048,65.5089,64.7576,65.4491,1296860.745
7/26/2021,65.3705,65.5585,65.2133,65.5187,2326818.114
7/27/2021,65.4691,65.4691,64.2909,64.9248,1786534.175
7/28/2021,65.0442,65.2829,64.5994,64.9944,1666647.398
7/29/2021,64.9446,65.3019,64.9248,65.1238,894901.2083
7/30/2021,64.4899,64.8452,64.4501,64.7178,1028582.537
8/2/2021,65.084,65.084,64.5795,64.6491,1906441.052
8/3/2021,64.7864,65.1337,64.3705,65.1138,1219220.914
8/4/2021,65.0939,65.3506,64.9366,65.1536,2128901.569
8/5/2021,65.3217,65.5287,65.1436,65.5187,2571607.595
8/6/2021,65.3805,65.5187,65.1685,65.3506,831881.0298
8/9/2021,65.4391,65.5187,65.2034,65.3417,1148543.684
8/10/2021,65.4591,65.4889,64.9396,65.064,2122909.793
8/11/2021,65.2631,65.3805,64.8452,65.0342,1360812.553
8/12/2021,64.9944,65.4293,64.8551,65.3895,832540.306
8/13/2021,65.4789,65.6481,65.3944,65.6481,892030.9446
8/16/2021,65.4789,65.9258,64.9646,65.9258,1231523.049
8/17/2021,65.4789,65.5735,64.9436,65.3417,8235883.192
8/18/2021,65.2551,65.5437,64.6342,64.679,1853569.306
8/19/2021,64.3009,65.3217,64.2481,65.064,1654142.254
8/20/2021,65.2919,65.8123,65.1735,65.7377,1149915.501
8/23/2021,65.9546,66.5974,65.9258,66.4711,860493.2179
8/24/2021,66.5974,66.6571,66.4313,66.4999,909020.3735
8/25/2021,66.6073,66.6571,66.4083,66.5287,1201615.424
8/26/2021,66.4809,66.5675,66.1526,66.2123,1777667.11
8/27/2021,66.3218,66.876,66.2422,66.7865,2479387.306
8/30/2021,66.9854,67.6641,66.9656,67.5497,1257605.667
8/31/2021,67.6193,67.6293,67.2959,67.4004,1426682.895
9/1/2021,67.6093,67.8452,67.5227,67.5595,1468815.272
9/2/2021,67.7954,67.9049,67.3805,67.5795,1001813.509
9/3/2021,67.4899,67.8302,67.3208,67.7655,1150507.443
9/7/2021,67.7855,67.8651,67.4631,67.7655,1996163.929
9/8/2021,67.7357,67.7457,67.2412,67.6193,6377833.621
9/9/2021,67.6293,67.8153,67.2014,67.2412,2918282.394
9/10/2021,67.5397,67.6591,66.6372,66.6869,2095701.581
9/13/2021,67.1228,67.2114,66.2223,66.6073,1528088.832
9/14/2021,66.866,66.9606,66.3218,66.4711,1452515.269
9/15/2021,66.5875,67.065,66.2332,66.9755,1245157.807
9/16/2021,66.8163,67.0522,66.3845,66.9755,934837.6724
9/17/2021,66.8959,66.8959,66.1028,66.1924,1622476.893
9/20/2021,65.2213,65.4879,64.1606,64.9824,2437601.653
9/21/2021,65.3595,65.5477,64.8929,65.072,3001140.155
9/22/2021,65.271,65.8561,65.0372,65.6372,1453474.034
9/23/2021,65.8959,66.4809,65.7864,66.272,1341249.334
9/24/2021,65.9158,66.4611,65.886,66.3914,988808.8822
9/27/2021,65.9058,65.9726,65.4979,65.7864,1986420.51
9/28/2021,65.0521,65.1118,63.877,63.9914,13092516.21
9/29/2021,64.2879,64.6063,63.9218,64.0014,2010518.263
9/30/2021,64.2979,64.5367,63.476,63.4859,3432811.344
10/1/2021,63.6929,64.3377,63.0541,64.1506,4674583.325
10/4/2021,63.882,63.9416,62.4053,62.861,4314045.634
10/5/2021,63.1178,64.081,63.0093,63.6929,9104298.78
10/6/2021,63.1078,64.1407,62.9158,64.0909,3935442.166
10/7/2021,64.6461,65.1397,64.5864,64.6859,1439752.847
10/8/2021,64.8929,64.9228,64.3725,64.4671,1004971.201
10/11/2021,64.2581,64.8531,64.0412,64.0611,1323634.798
10/12/2021,64.2879,64.3575,63.7774,63.882,1942954.505
10/13/2021,64.2093,64.4173,63.8322,64.2979,1655113.078
10/14/2021,64.9328,65.5177,64.8531,65.4879,1518387.622
10/15/2021,65.7466,66.0034,65.5875,65.9934,1402575.092
10/18/2021,65.7367,66.5983,65.677,66.5785,1345328.606
10/19/2021,66.8173,67.0959,66.7227,67.066,1403483.607
10/20/2021,67.2232,67.273,66.7924,67.0362,1203434.463
10/21/2021,66.9168,67.5119,66.867,67.482,900837.7097
10/22/2021,67.3327,67.5217,66.867,67.1834,1053651.115
10/25/2021,67.3825,67.8183,67.0262,67.7188,1185356.625
10/26/2021,68.087,68.3934,67.7487,67.8681,4816121.699
10/27/2021,68.0372,68.679,68.0074,68.0969,1767116.68
10/28/2021,68.4531,68.8889,68.3536,68.879,1557083.923
10/29/2021,68.3038,69.297,68.266,69.2572,2667144.364
11/1/2021,69.3666,69.4312,68.8701,69.2074,4037807.872
11/2/2021,69.1974,69.6531,69.1676,69.5337,3454475.001
11/3/2021,69.5735,70.0989,69.272,70.0591,1770365.827
11/4/2021,70.268,70.9675,70.1686,70.9029,2218923.934
11/5/2021,71.1218,71.2542,70.6153,70.9029,2509842.654
11/8/2021,70.9825,71.1218,70.8083,70.9227,1941293.25
11/9/2021,71.1019,71.1417,70.3476,70.5765,1770359.797
11/10/2021,70.1288,70.5168,69.3268,69.6731,2476390.413
11/11/2021,70.1387,70.1586,69.7925,69.8323,1423099.086
11/12/2021,70.0691,70.7039,69.8223,70.6342,1069696.855
11/15/2021,70.8431,70.9317,70.3228,70.5964,1665563.009
11/16/2021,70.4969,71.3148,70.4969,71.2094,1243084.504
11/17/2021,71.2392,71.478,70.9825,71.1616,6185580.219
11/18/2021,71.5078,71.8939,71.1666,71.8243,1410760.771
11/19/2021,72.0731,72.4492,71.9237,72.1527,1754609.526
11/22/2021,72.4492,72.9169,71.3786,71.4184,1982663.841
11/23/2021,71.2094,71.5427,70.4173,71.1815,3006655.564
11/24/2021,70.8033,71.478,70.4173,71.4582,2041636.907
11/26/2021,70.7835,71.1815,69.7625,70.0213,2039966.607
11/29/2021,70.7437,71.5576,70.684,71.3288,2686542.765
11/30/2021,71.0919,71.5676,70.0989,70.288,6729406.763
12/1/2021,71.1119,71.4582,69.1874,69.2372,3870940.625
12/2/2021,69.0382,70.1536,68.8889,69.8919,4716980.015
12/3/2021,70.1686,70.3766,68.1436,68.9188,5287139.42
12/6/2021,69.1576,69.7675,68.5029,69.5735,3364226.511
12/7/2021,70.7039,71.497,70.6641,71.4382,2444932.081
12/8/2021,71.5676,71.8939,71.2591,71.8641,1954165.217
12/9/2021,71.7069,71.9635,71.082,71.1218,2725497.349
12/10/2021,71.5676,71.9189,71.1417,71.9039,1720724.132
12/13/2021,71.9039,71.9337,71.0223,71.082,1923676.704
12/14/2021,70.3278,70.7039,69.4939,70.2482,2449422.396
12/15/2021,70.2282,71.8044,69.6631,71.7566,3165833.599
12/16/2021,71.9835,72.0681,69.9507,70.2482,2394380.867
12/17/2021,69.6432,70.4571,69.2472,69.7427,3133285.853
12/20/2021,68.8879,69.0372,68.3367,68.9277,2365823.954
12/21/2021,69.5238,70.3238,68.7795,70.2591,4961214.739
12/22/2021,70.279,71.272,70.2193,71.2522,2113480.936
12/23/2021,71.3616,71.9577,71.292,71.7397,1441247.273
12/27/2021,71.9975,72.9905,71.9675,72.9905,1228547.261
12/28/2021,73.1397,73.1497,72.5437,72.6631,1631030.4
12/29/2021,72.7328,72.9218,72.3358,72.693,1740397.901
12/30/2021,72.693,72.9705,72.2959,72.3556,1381685.28
12/31/2021,72.3258,72.474,71.9875,71.9875,1191843.864
1/3/2022,72.3756,72.673,71.8879,72.5437,3789699.9
1/4/2022,72.7029,72.7029,71.3716,71.9477,3921316.971
1/5/2022,71.5805,71.6203,69.6133,69.6631,3007139.971
1/6/2022,69.3556,69.9616,68.8491,69.4352,2934742.191
1/7/2022,69.474,69.7129,68.5009,68.7596,2010517.258
1/10/2022,67.8949,68.8879,66.9416,68.8491,4207603.671
1/11/2022,68.7197,69.5885,68.2232,69.5636,12655766.79
1/12/2022,70.0014,70.4382,69.5934,69.9119,3768134.732
1/13/2022,70.1397,70.2292,68.0193,68.1934,2057839.426
1/14/2022,67.6471,68.471,67.5178,68.3019,2130632.169
1/18/2022,67.2989,67.5039,66.5735,66.7029,2692347.612
1/19/2022,67.071,67.5178,65.9088,65.9476,11193881.96
1/20/2022,66.4551,67.1596,65.0192,65.0939,5462785.292
1/21/2022,64.7068,65.2332,63.4551,63.4651,5248959.686
1/24/2022,62.2233,63.8919,60.3655,63.8222,6768352.302
1/25/2022,62.7298,63.5446,61.8551,62.5208,4568561.45
1/26/2022,63.9715,64.5874,61.865,62.6302,4899675.922
1/27/2022,63.5347,63.862,61.9148,62.1237,4444253.703
1/28/2022,62.6202,64.2391,61.667,64.2391,3528101.89
1/31/2022,64.3685,65.9874,64.0909,65.9188,2031449.28
2/1/2022,66.1566,66.4601,65.2929,66.4053,5575842.127
2/2/2022,67.269,67.3287,66.4451,67.1596,5661264.634
2/3/2022,65.5507,66.1268,64.5178,64.6869,3778328.389
2/4/2022,64.9745,66.1566,64.5277,65.5009,3001009.506
2/7/2022,65.6501,65.9178,64.7267,64.9646,2376104.04
2/8/2022,64.7466,65.7695,64.5277,65.5904,1971010.932
2/9/2022,66.3556,66.8123,66.2163,66.7825,1933515.599
2/10/2022,65.67,66.6829,64.9546,65.3227,2982941.718
2/11/2022,65.3615,65.5605,63.1865,63.4451,3726035.52
2/14/2022,63.2361,63.9516,62.7994,63.4551,3519270
2/15/2022,64.3187,64.7755,64.0909,64.7367,1586073.989
2/16/2022,64.3387,64.9844,63.8521,64.7954,1956026.466
2/17/2022,64.2193,64.3287,62.8392,62.9486,1978991.592
2/18/2022,63.1665,63.2113,61.9347,62.3227,2807970.198
2/22/2022,61.7168,62.5606,60.8819,61.5078,2771967.281
2/23/2022,62.1039,62.2779,59.9933,60.0769,3375742.741
2/24/2022,58.1605,61.9456,58.0113,61.8949,5457591.481
2/25/2022,61.9745,62.9586,61.4183,62.9586,3077818.206
2/28/2022,62.2631,63.2561,62.0441,63.0173,2538802.57
3/1/2022,62.8292,63.0969,61.5874,62.0541,3226327.221
3/2/2022,62.3327,63.3755,61.9745,63.1267,2477390.383
3/3/2022,63.6232,63.6332,62.1237,62.4213,1954139.087
3/4/2022,61.9844,62.1535,61.0611,61.6272,2129779.934
3/7/2022,61.6172,61.7268,59.3327,59.3625,2935185.393
3/8/2022,59.2531,60.7028,58.448,58.9845,4346520.015
3/9/2022,60.4849,61.4481,60.068,61.1904,2627082.276
3/10/2022,60.4849,60.8819,59.869,60.7327,1888234.575
3/11/2022,61.2003,61.2491,59.5506,59.6501,2050001.475
3/14/2022,59.5108,60.1765,58.6372,58.7765,2374762.373
3/15/2022,59.2431,60.678,59.0043,60.5546,2273117.248
3/16/2022,61.2103,62.4611,60.4849,62.4312,3371515.735
3/17/2022,62.1237,63.2859,61.9546,63.2661,2475468.833
3/18/2022,63.0471,64.5377,62.885,64.4681,2152920.933
3/21/2022,64.3785,64.7765,63.6222,64.3785,2159418.221
3/22/2022,64.4979,65.5924,64.4381,65.4631,2411038.648
3/23/2022,64.9258,65.4381,64.4979,64.5277,2142838.83
3/24/2022,64.8262,65.7118,64.4979,65.7019,1806012.975
3/25/2022,65.7516,65.9506,65.0352,65.7616,1502192.138
3/28/2022,65.7317,66.6671,65.5825,66.6471,4073220.856
3/29/2022,67.3337,67.7815,66.8163,67.6721,3019341.607
3/30/2022,67.3934,67.5227,66.6471,66.9456,2565486.174
3/31/2022,66.9755,66.9954,65.8312,65.881,1902133.646
4/1/2022,66.0302,66.1297,65.3536,65.9208,2486554.926
4/4/2022,66.0302,67.085,65.9706,67.0552,2442607.529
4/5/2022,66.8163,66.9662,65.6342,65.871,1803780.883
4/6/2022,64.9158,65.085,63.9804,64.4879,2091289.656
4/7/2022,64.3287,65.1844,63.894,64.8362,1834524.664
4/8/2022,64.5775,64.7864,64.0202,64.1695,1862163.012
4/11/2022,63.3635,63.4431,62.468,62.5277,1545596.838
4/12/2022,63.2243,63.6123,61.9506,62.2293,2049601.487
4/13/2022,62.2093,63.3536,62.0799,63.2043,1625470.771
4/14/2022,63.2441,63.3137,61.8511,61.8909,1619159.407
4/18/2022,61.6918,62.2889,61.473,61.9705,2339619.732
4/19/2022,61.9208,63.2939,61.7616,63.1745,1778720.344
4/20/2022,63.4233,63.4829,62.4382,62.6172,1717727.239
4/21/2022,63.3237,63.7419,61.2839,61.463,3466336.949
4/22/2022,61.4133,61.5824,59.5724,59.6422,3161200.575
4/25/2022,59.2939,60.3287,58.8611,60.2889,3237624.363
4/26/2022,59.9009,59.9207,58.0203,58.0401,3247888.37
4/27/2022,58.1496,59.1645,57.8611,58.1794,4316200.342
4/28/2022,59.1844,60.5576,58.478,60.2093,2567907.206
4/29/2022,59.3934,59.9128,57.473,57.5625,4278204.522
5/2/2022,57.4431,58.3287,56.7267,58.2889,3927703.709
5/3/2022,58.259,58.866,57.9605,58.4879,4122822.351
5/4/2022,58.5874,60.5476,57.7515,60.458,2912630.306
5/5/2022,59.6322,59.6422,56.8759,57.5426,3718166.415
5/6/2022,57.1645,57.8535,56.1794,57.0551,3846433.839
5/9/2022,55.9904,56.3188,54.5605,54.8162,3610427.004
5/10/2022,55.9804,56.249,54.5973,55.3138,3831431.284
5/11/2022,54.9555,55.861,53.6222,53.7416,3983478.884
5/12/2022,52.9754,54.3983,52.4182,53.5625,4597051.028
5/13/2022,54.3784,55.6023,54.07,55.3138,2282825.493
5/16/2022,54.9555,55.458,54.5077,54.7963,2826716.357
5/17/2022,55.8909,56.1944,55.1743,56.1396,1877676.105
5/18/2022,55.264,55.3934,53.2938,53.5028,2287117.824
5/19/2022,53.1546,54.0202,52.9456,53.2142,2738645.69
5/20/2022,53.871,53.9904,51.6819,53.1346,2321865.502
5/23/2022,53.4431,54.269,53.065,54.1993,2694681.209
5/24/2022,53.2441,53.4133,52.21,53.1943,2548265.597
5/25/2022,52.8958,54.1794,52.8461,53.8013,2753277.402
5/26/2022,53.7515,55.4232,53.69,55.1644,1585320.243
5/27/2022,55.7217,57.0302,55.7019,57.0252,2403082.108
5/31/2022,56.9456,57.3734,56.1994,56.8063,1917559.304
6/1/2022,57.1346,57.5887,56.0591,56.3984,2595492.29
6/2/2022,56.1894,57.8725,55.9307,57.8611,2748990.096
6/3/2022,56.8859,57.1645,56.259,56.458,2057677.621
6/6/2022,57.2342,57.5985,56.4829,56.7167,1462889.826
6/7/2022,56.0998,57.3238,55.9506,57.2242,1461093.901
6/8/2022,56.9953,57.4132,56.5839,56.7068,1330524.034
6/9/2022,56.4083,56.8959,55.2242,55.2242,1631882.635
6/10/2022,54.259,54.3685,53.1943,53.2043,2631838.914
6/13/2022,51.5525,51.9804,50.7118,50.9157,4230433.122
6/14/2022,51.254,51.4331,50.5177,50.9854,4401406.775
6/15/2022,51.5525,52.856,51.0252,52.1396,2710119.931
6/16/2022,50.8362,50.8958,49.7664,50.2192,2884388.961
6/17/2022,50.2192,51.0948,49.9605,50.5874,2533681.119
6/21/2022,51.4064,52.3042,51.3964,51.9351,2071342.081
6/22/2022,51.3665,52.6135,51.3465,51.9251,4126702.822
6/23/2022,52.3342,52.8828,51.9052,52.7731,2530670.995
6/24/2022,53.2819,54.6187,53.2519,54.5887,2498459.721
6/27/2022,54.7583,54.908,54.0112,54.2196,2117935.857
6/28/2022,54.3693,54.7882,52.5885,52.6135,1962011.801
6/29/2022,52.6135,53.0623,52.2244,52.7432,1170477.938
6/30/2022,52.1247,52.7132,51.2667,52.1546,1936199.879
7/1/2022,51.965,52.5836,51.546,52.5237,4789884.774
7/5/2022,51.8154,53.2819,51.5161,53.2719,2740600.609
7/6/2022,53.2819,54.0301,53.0424,53.631,2750894.304
7/7/2022,53.8306,54.8162,53.7906,54.6985,1340543.92
7/8/2022,54.2196,54.9928,54.1099,54.7583,1331169.431
7/11/2022,54.2894,54.3693,53.641,53.8106,2788985.684
7/12/2022,53.9104,54.2595,52.7831,53.0524,1581511.994
7/13/2022,52.1646,53.3118,51.9351,52.8828,2026554.637
7/14/2022,52.3342,53.1123,51.7356,52.9926,1469552.407
7/15/2022,53.5712,54.0001,53.3496,53.9802,1488258.282
7/18/2022,54.5089,54.7483,53.2719,53.4914,1692295.761
7/19/2022,54.1398,55.2072,53.8305,55.1274,10286152.14
7/20/2022,55.1973,56.105,55.1175,55.8557,3505908.558
7/21/2022,55.9455,56.7934,55.5277,56.7934,3001852.344
7/22/2022,56.6737,56.9331,55.5364,55.8557,2447422.284
7/25/2022,55.9355,55.9755,55.287,55.6462,1359809.137
7/26/2022,55.287,55.3369,54.4491,54.5887,7866253.88
7/27/2022,55.4167,57.0329,55.297,56.7635,2849686.302
7/28/2022,56.7735,57.6813,56.2048,57.5716,2817252.495
7/29/2022,58.0404,58.9682,57.8509,58.8086,2046839.299
8/1/2022,58.4195,59.189,58.23,58.5891,2882293.526
8/2/2022,58.1402,59.0181,57.9207,58.23,2250434.718
8/3/2022,58.629,59.7663,58.619,59.5867,3763386.238
8/4/2022,59.5967,59.8799,59.2375,59.8261,2369796.062
8/5/2022,58.9782,59.7955,58.9383,59.4969,1985623.444
8/8/2022,59.7064,60.2451,59.0629,59.3074,1601344.572
8/9/2022,59.0281,59.1178,58.5841,58.8086,10693633.67
8/10/2022,60.1154,60.4646,59.7763,60.4347,4156218.63
8/11/2022,60.8337,61.123,60.0356,60.1753,4082815.538
8/12/2022,60.6043,61.3724,60.3549,61.3724,2763231.901
8/15/2022,61.113,61.8114,61.0832,61.7116,1829859.773
8/16/2022,61.532,62.0308,61.1579,61.6817,2297587.837
8/17/2022,61.133,61.6916,60.8437,61.2128,2289367.115
8/18/2022,61.1629,61.4722,60.8932,61.3325,1451065.057
8/19/2022,60.8337,60.8736,60.0556,60.2152,1470640.016
8/22/2022,59.3573,59.3972,58.5692,58.6988,1657445.156
8/23/2022,58.649,59.068,58.4694,58.5692,2228915.093
8/24/2022,58.4794,59.0261,58.3996,58.7188,1544653.572
8/25/2022,59.0281,59.6964,58.8385,59.6765,1345589.023
8/26/2022,59.6166,59.7763,57.2814,57.2922,1839992.08
8/29/2022,56.7535,57.1725,56.4785,56.6937,6672132.222
8/30/2022,57.0428,57.0827,55.6362,56.0652,10028348.67
8/31/2022,56.5341,56.6737,55.6362,55.6562,2829371.568
9/1/2022,55.2172,55.8258,54.6486,55.7958,3091724.945
9/2/2022,56.3445,56.569,54.7882,55.0676,3377625.812
9/6/2022,55.2272,55.3569,54.3957,54.8481,2391105.182
9/7/2022,54.8581,56.0702,54.8381,55.8956,15923640.28
9/8/2022,55.4666,56.4343,55.317,56.2647,3724671.362
9/9/2022,56.6538,57.4768,56.6139,57.372,1590900.517
9/12/2022,57.6414,58.1302,57.6015,58.0903,2236441.148
9/13/2022,56.5241,56.6937,54.908,55.0676,2455481.618
9/14/2022,55.287,55.5963,54.7889,55.327,1578111.838
9/15/2022,55.0376,55.5065,54.2231,54.479,1599754.758
9/16/2022,53.8804,54.1598,53.4116,54.06,2313921.019
9/19/2022,53.56,54.52,53.5482,54.5,3141112
9/20/2022,53.99,54.37,53.55,53.97,1546592
9/21/2022,54.23,54.87,53,53.02,2702289
9/22/2022,52.81,53.02,52.27,52.5,2255967
9/23/2022,51.96,52.01,51.01,51.67,3473745
9/26/2022,51.45,52.29,51.211,51.35,4129833
9/27/2022,52,52.4,50.931,51.35,4733137
9/28/2022,51.37,52.58,51.06,52.32,3834879
9/29/2022,51.65,51.67,50.42,50.98,2913803
9/30/2022,50.8,51.52,50.07,50.1,2833460
10/3/2022,50.48,51.6,50.17,51.29,2437126
10/4/2022,52.29,53.0174,52.2784,52.92,2753680
10/5/2022,52.2,53.21,51.8,52.89,2093043
10/6/2022,52.68,53.23,52.4,52.46,2148352
10/7/2022,51.64,51.65,50.2971,50.58,2085538
10/10/2022,50.63,50.7,49.64,50.05,1709650
10/11/2022,49.78,50.33,49.15,49.47,2004344
10/12/2022,49.59,49.86,49.28,49.42,1749904
10/13/2022,48.11,50.86,47.91,50.63,3084224
10/14/2022,51.07,51.21,49.06,49.14,3668054
10/17/2022,50.21,50.92,50.2,50.8,1836795
10/18/2022,52.14,52.24,50.79,51.3,2346845
10/19/2022,50.94,51.4,50.43,50.91,2116268
10/20/2022,50.722,51.5995,50.355,50.53,2639771
10/21/2022,50.32,51.855,50.15,51.81,1899444
10/24/2022,51.96,52.6254,51.35,52.44,2447129
10/25/2022,52.51,53.5389,52.5,53.49,1955782
10/26/2022,52.28,53.4,52.17,52.34,2597027
10/27/2022,52.24,52.41,51.45,51.55,1668853
10/28/2022,51.33,52.99,51.2601,52.88,1364872
10/31/2022,52.5,52.66,52.065,52.36,1544565
11/1/2022,53,53.07,51.675,51.8,2162229
11/2/2022,51.77,52.27,50.05,50.07,2463859
11/3/2022,49.52,49.7947,49.05,49.17,2270261
11/4/2022,50.09,50.26,48.84,49.89,3278987
11/7/2022,50.05,50.53,49.71,50.42,1819659
11/8/2022,50.67,51.23,50.035,50.69,1737582
11/9/2022,50.36,50.54,49.43,49.51,1805695
11/10/2022,51.76,53.23,51.5,53.17,3484649
11/11/2022,53.21,54.2097,53.01,54.05,2510396
11/14/2022,53.65,54.18,53.34,53.5,13265830
11/15/2022,54.59,54.75,53.51,54.09,2151582
11/16/2022,53.76,53.93,53.395,53.56,1743204
11/17/2022,52.82,53.58,52.74,53.33,3884861
11/18/2022,53.88,53.91,52.93,53.39,1534235
11/21/2022,53.16,53.31,52.73,52.87,2043846
11/22/2022,53.07,53.66,52.73,53.64,3303635
11/23/2022,53.66,54.2799,53.63,54.17,2269208
11/25/2022,53.95,54.07,53.86,53.97,607722
11/28/2022,53.52,53.81,52.88,53.05,1390065
11/29/2022,53.06,53.135,52.43,52.69,1949270
11/30/2022,52.7,54.98,52.59,54.98,3081742
12/1/2022,55.13,55.38,54.53,55.07,3031644
12/2/2022,54.23,55.05,54.15,54.91,2870151
12/5/2022,54.44,54.69,53.59,53.84,2719494
12/6/2022,53.78,53.83,52.475,52.81,1760896
12/7/2022,52.57,53.0199,52.37,52.59,2217284
12/8/2022,52.85,53.3283,52.5,53.19,1882277
12/9/2022,53,53.4799,52.795,52.82,1421406
12/12/2022,52.88,53.51,52.785,53.51,2379858
12/13/2022,55.49,55.58,53.68,54.16,3357049
12/14/2022,54.0799,54.7,53.22,53.79,2709521
12/15/2022,52.93,53.08,51.8733,52.12,2408673
12/16/2022,51.95,52.13,51.14,51.39,2278387
12/19/2022,51.35,51.3802,50.58,50.82,4123324
12/20/2022,50.61,51.0501,50.44,50.8,2850117
12/21/2022,51.12,51.725,51,51.55,2207319
12/22/2022,51.14,51.18,49.91,50.65,2604267
12/23/2022,50.5,50.9495,50.27,50.9,3023541
12/27/2022,50.87,50.91,50.3917,50.52,2376305
12/28/2022,50.54,50.83,49.83,49.89,4292646
12/29/2022,50.32,50.9199,50.24,50.75,2953213
12/30/2022,50.42,50.69,50.11,50.67,3393028
1/3/2023,50.87,51.04,49.7,50.06,2626020
1/4/2023,50.28,50.49,49.73,50.19,2459096
1/5/2023,49.96,50.02,49.54,49.61,2122492
1/6/2023,49.96,50.865,49.56,50.7,2423907
1/9/2023,51.09,51.55,50.655,50.7,3022892
1/10/2023,50.65,51.02,50.46,51.02,1424640
1/11/2023,51.24,51.74,51.14,51.72,2158586
1/12/2023,51.86,52.0593,51.21,51.89,2526164
1/13/2023,51.5,52.16,51.4401,52.11,1249853
1/17/2023,52.11,52.46,52.03,52.16,1719940
1/18/2023,52.4,52.56,51.3992,51.44,1850724
1/19/2023,51.13,51.495,50.985,51.18,1886099
1/20/2023,51.4,52.195,51.19,52.16,1974410
1/23/2023,52.32,53.0989,52.185,52.83,3499681
1/24/2023,52.58,52.86,52.4246,52.79,1852313
1/25/2023,52.2,52.77,51.8,52.71,1847680
1/26/2023,53.23,53.44,52.7634,53.41,3167028
1/27/2023,53.29,53.92,53.25,53.59,1908699
1/30/2023,53.21,53.42,52.711,52.76,1269837
1/31/2023,52.76,53.53,52.76,53.51,1663919
2/1/2023,53.45,54.53,52.98,54.12,2191930
2/2/2023,54.67,54.9,54.24,54.76,2408534
2/3/2023,54.11,55.0759,54.06,54.39,4178568
2/6/2023,54.08,54.33,53.87,54.09,1107117
2/7/2023,54.04,55.126,53.88,54.97,2013791
2/8/2023,54.69,54.86,54.19,54.3,1415492
2/9/2023,54.85,54.8562,53.76,53.94,1448339
2/10/2023,53.778,54.11,53.68,54.07,2188410
2/13/2023,54.12,54.65,54.05,54.61,1219359
2/14/2023,54.42,54.93,54.09,54.71,1503353
2/15/2023,54.45,54.85,54.26,54.84,1080511
2/16/2023,54.17,54.73,53.9981,54.01,1405986
2/17/2023,53.72,53.825,53.335,53.78,1153129
2/21/2023,53.25,53.43,52.7538,52.78,1746105
2/22/2023,52.87,53.0852,52.53,52.74,1585474
2/23/2023,53.22,53.33,52.54,53.14,1397843
2/24/2023,52.47,52.585,52.15,52.46,1288180
2/27/2023,52.9,53.12,52.6,52.73,8105567
2/28/2023,52.62,52.88,52.45,52.47,1310821
3/1/2023,52.38,52.53,52.08,52.29,1448600
3/2/2023,51.95,52.806,51.88,52.66,1275751
3/3/2023,52.91,53.565,52.81,53.52,1577431
3/6/2023,53.65,54.1136,53.63,53.73,1192794
3/7/2023,53.738,53.7384,52.87,52.97,1349785
3/8/2023,53,53.16,52.75,53.06,1163799
3/9/2023,53.2,53.48,52.07,52.21,2108000
3/10/2023,52.19,52.42,51.31,51.48,3027229
3/13/2023,51.03,52.32,50.98,51.65,4609395
3/14/2023,52.18,52.72,51.89,52.54,3940040
3/15/2023,51.88,52.355,51.575,52.33,2995090
3/16/2023,52.03,53.34,51.935,53.3,3911151
3/17/2023,53.25,53.47,52.66,52.89,2237235
3/20/2023,52.72,53.27,52.61,53.21,1404438
3/21/2023,53.58,54.03,53.415,53.98,1167799
3/22/2023,53.92,54.6,53.21,53.23,2340093
3/23/2023,53.74,54.26,53.11,53.52,2280814
3/24/2023,53.32,53.7757,52.99,53.76,1369519
3/27/2023,53.99,54.11,53.61,53.68,1293927
3/28/2023,53.63,53.6599,53.24,53.52,1264091
3/29/2023,54.03,54.25,53.8901,54.22,2165698
3/30/2023,54.55,54.58,54.3,54.55,1302911
3/31/2023,54.66,55.39,54.66,55.36,1641108
4/3/2023,55.3,55.77,55.2701,55.73,1964159
4/4/2023,55.83,55.895,55.29,55.44,1961652
4/5/2023,55.38,55.43,55.0256,55.28,1607870
4/6/2023,55.16,55.596,54.98,55.54,868414
4/10/2023,55.15,55.51,54.96,55.5,2223911
4/11/2023,55.57,55.63,55.3329,55.43,1403652
4/12/2023,55.7,55.78,55.12,55.21,2028353
4/13/2023,55.44,56.14,55.3605,56.08,1262271
4/14/2023,55.94,56.2254,55.5652,55.93,1131630
4/17/2023,55.82,55.94,55.56,55.91,1067610
4/18/2023,56.18,56.2038,55.826,55.96,1103267
4/19/2023,55.67,56.05,55.65,55.95,1322636
4/20/2023,55.45,55.91,55.41,55.66,1404102
4/21/2023,55.72,55.745,55.43,55.68,1324989
4/24/2023,55.6,55.79,55.4599,55.75,3698014
4/25/2023,55.56,55.632,54.905,54.93,1237055
4/26/2023,55.07,55.18,54.6657,54.76,1385473
4/27/2023,54.95,55.74,54.9,55.7,916739
4/28/2023,55.6,56.15,55.5997,56.15,1225521
5/1/2023,56.08,56.3821,56.02,56.18,2891862
5/2/2023,56.08,56.0808,55.185,55.57,2001932
5/3/2023,55.59,56.01,55.22,55.25,1620612
5/4/2023,55.07,55.16,54.7321,54.88,1528886
5/5/2023,55.44,56.2089,55.41,56.03,1511063
5/8/2023,56.05,56.15,55.8992,56.09,1018832
5/9/2023,55.9,56.0604,55.8,55.83,1383080
5/10/2023,56.2,56.33,55.656,56.2,1175669
5/11/2023,56.19,56.255,55.89,56.23,1090138
5/12/2023,56.37,56.46,55.8426,56.18,1078871
5/15/2023,56.26,56.3,55.9627,56.26,966385
5/16/2023,56.14,56.33,56.065,56.08,856584
5/17/2023,56.28,56.74,56.02,56.66,2867154
5/18/2023,56.63,57.29,56.602,57.25,1997806
5/19/2023,57.38,57.515,57.095,57.26,1165931
5/22/2023,57.18,57.4938,57.12,57.25,1083651
5/23/2023,57.04,57.1,56.5198,56.62,1058246
5/24/2023,56.33,56.48,56.07,56.27,977234
5/25/2023,57.11,57.36,56.76,57.15,1360000
5/26/2023,57.25,57.9894,57.21,57.87,1310774
5/30/2023,58.22,58.32,57.72,57.92,1671327
5/31/2023,57.65,57.82,57.435,57.59,1244202
6/1/2023,57.64,58.35,57.48,58.2,1723853
6/2/2023,58.6,59,58.42,58.91,1297365
6/5/2023,58.95,59.3,58.71,58.85,19715363
6/6/2023,58.77,58.88,58.585,58.82,1434850
6/7/2023,58.83,59.115,58.2863,58.34,1905632
6/8/2023,58.36,58.91,58.36,58.85,1069326
6/9/2023,59.08,59.38,58.89,58.99,1473843
6/12/2023,59.16,59.64,59.005,59.62,1355967
6/13/2023,59.89,60.1,59.69,60,3142924
6/14/2023,59.96,60.21,59.45,60.08,4264429
6/15/2023,59.94,60.955,59.91,60.75,1692099
6/16/2023,61.12,61.12,60.47,60.5,2318766
6/20/2023,60.05,60.325,59.83,60.18,1069583
6/21/2023,60.01,60.115,59.7,59.82,1104916
6/22/2023,59.59,60.28,59.59,60.28,947218
6/23/2023,59.79,60.07,59.665,59.79,1762674
6/26/2023,59.69,59.92,59.265,59.28,1331696
6/27/2023,59.44,60.01,59.3,59.93,1255908
6/28/2023,59.73,60.1857,59.66,60,1043250
6/29/2023,60,60.2165,59.88,60.21,1006830
6/30/2023,60.65,61.14,60.6101,61.01,1010942
7/3/2023,61.02,61.05,60.905,61.05,848781
7/5/2023,60.79,61.105,60.75,60.94,1618383
7/6/2023,60.37,60.55,60.11,60.47,1308601
7/7/2023,60.37,60.825,60.2,60.24,999091
7/10/2023,60.1401,60.2701,59.91,60.21,972372
7/11/2023,60.32,60.4918,60.0756,60.42,1035225
7/12/2023,60.94,61.175,60.74,60.9,1322191
7/13/2023,61.24,61.6344,61.16,61.52,3095193
7/14/2023,61.67,62.01,61.56,61.66,1292056
7/17/2023,61.76,62.1773,61.71,62.04,1528248
7/18/2023,62.01,62.6,61.9,62.44,1404128
7/19/2023,62.61,62.78,62.36,62.45,1854961
7/20/2023,62.29,62.51,61.75,61.87,1624267
7/21/2023,62.18,62.22,61.89,61.92,1213145
7/24/2023,62.08,62.32,61.97,62.2,1157411
7/25/2023,62.18,62.7009,62.18,62.51,1673726
7/26/2023,62.36,62.73,62.2,62.46,1248921
7/27/2023,62.98,63.0756,61.94,62.07,1158553
7/28/2023,62.54,62.8871,62.44,62.76,957538
7/31/2023,62.87,62.92,62.66,62.89,993601
8/1/2023,62.69,62.8294,62.57,62.68,1576220
8/2/2023,62.28,62.28,61.605,61.73,1643092
8/3/2023,61.42,61.91,61.4103,61.66,1000264
8/4/2023,61.75,62.0099,61.055,61.12,1274809
8/7/2023,61.34,61.55,61.13,61.55,911160
8/8/2023,61.31,61.44,60.96,61.37,1151112
8/9/2023,61.47,61.47,60.87,60.94,886125
8/10/2023,61.32,61.83,60.82,60.98,1159757
8/11/2023,60.71,61.07,60.62,60.92,912086
8/14/2023,60.79,61.44,60.74,61.44,904203
8/15/2023,61.27,61.37,60.741,60.85,1084746
8/16/2023,60.76,61.07,60.38,60.39,1181529
8/17/2023,60.59,60.67,59.9001,60.01,1266273
8/18/2023,59.53,60.15,59.501,59.98,1112732
8/21/2023,60.2,60.75,60.06,60.67,1364303
8/22/2023,61,61,60.4672,60.56,6815149
8/23/2023,60.7,61.394,60.7,61.29,1452673
8/24/2023,61.61,61.68,60.35,60.37,1522019
8/25/2023,60.58,61.02,60.1,60.83,1671210
8/28/2023,61.14,61.28,60.8644,61.18,1534498
8/29/2023,61.18,62.257,61.15,62.23,2316489
8/30/2023,62.28,62.6878,62.2299,62.6,1229699
8/31/2023,62.62,62.8301,62.4803,62.5,830569
9/1/2023,62.94,62.96,62.3599,62.57,1558773
9/5/2023,62.5,62.7077,62.39,62.5,1396691
9/6/2023,62.4,62.41,61.5501,61.87,6381608
9/7/2023,61.23,61.69,61.13,61.59,1452476
9/8/2023,61.6,61.93,61.5225,61.68,1160981
9/11/2023,62.09,62.15,61.76,62.1,1701783
9/12/2023,61.88,61.98,61.5366,61.64,1044819
9/13/2023,61.62,61.96,61.5,61.79,734171
9/14/2023,62.09,62.3347,61.865,62.22,1022397
9/15/2023,62.08,62.09,61.36,61.42,1434383
9/18/2023,61.16,61.5299,61.13,61.36,818803
9/19/2023,61.22,61.32,60.85,61.23,1098958
9/20/2023,61.39,61.3994,60.54,60.57,1081958
9/21/2023,60.15,60.19,59.53,59.56,1374744
9/22/2023,59.76,60.05,59.43,59.51,1334271
9/25/2023,59.36,59.82,59.26,59.8,1029974
9/26/2023,59.41,59.46,58.85,58.97,1203371
9/27/2023,59.19,59.2889,58.53,59.07,1971947
9/28/2023,58.94,59.68,58.86,59.43,1228123
9/29/2023,59.88,59.8901,59.0897,59.28,1570849
10/2/2023,59.23,59.679,59.13,59.56,4017528
10/3/2023,59.24,59.46,58.565,58.78,1892746
10/4/2023,58.76,59.34,58.68,59.27,1935133
10/5/2023,59.19,59.41,58.82,59.3,1381480
10/6/2023,58.93,60.23,58.83,60.02,1503086
10/9/2023,59.81,60.5374,59.71,60.44,985027
10/10/2023,60.51,61.065,60.43,60.65,1168785
10/11/2023,60.8,60.985,60.52,60.94,1098014
10/12/2023,61.09,61.27,60.41,60.74,1248169
10/13/2023,61.01,61.12,60.23,60.44,1204840
10/16/2023,60.62,61.16,60.5638,61.03,1324557
10/17/2023,60.51,61.145,60.31,60.9,1317115
10/18/2023,60.67,60.83,59.975,60.14,1653603
10/19/2023,60.19,60.35,59.425,59.55,1861450
10/20/2023,59.46,59.52,58.75,58.75,1682481
10/23/2023,58.48,59.2164,58.19,58.73,3099107
10/24/2023,58.93,59.24,58.66,59.12,2487105
10/25/2023,58.66,58.74,58.03,58.13,3103792
10/26/2023,57.91,58.0503,57.07,57.22,1998381
10/27/2023,57.46,57.49,56.78,57.02,3131841
10/30/2023,57.37,57.7282,57.17,57.6,2401771
10/31/2023,57.61,57.88,57.2663,57.84,1934481
11/1/2023,57.97,58.65,57.9,58.55,2529411
11/2/2023,59.07,59.69,59.07,59.66,2816178
11/3/2023,59.84,60.23,59.77,60.07,2195143
11/6/2023,60.15,60.38,60.04,60.35,3312491
11/7/2023,60.33,60.7366,60.2097,60.63,1581964
11/8/2023,60.72,60.8588,60.41,60.77,2689083
11/9/2023,60.87,60.9199,60.1797,60.24,1320606
11/10/2023,60.57,61.29,60.36,61.27,1330330
11/13/2023,61.08,61.4,60.91,61.28,1529700
11/14/2023,62.08,62.445,61.97,62.24,1353621
11/15/2023,62.44,62.54,62.16,62.26,2765665
11/16/2023,62.27,62.48,62.09,62.39,1888384
11/17/2023,62.42,62.527,62.1782,62.39,1746997
11/20/2023,62.36,63.055,62.36,62.93,13290402
11/21/2023,62.82,62.915,62.65,62.88,2681604
11/22/2023,63.04,63.31,62.81,63.05,1553047
11/24/2023,63,63.08,62.92,62.97,579364
11/27/2023,62.92,63.0381,62.8002,62.89,4100876
11/28/2023,62.79,63.1265,62.73,62.91,3211819
11/29/2023,63.18,63.365,62.735,62.78,1346759
11/30/2023,62.92,62.95,62.45,62.89,1287402
12/1/2023,62.79,63.25,62.67,63.12,2529729
12/4/2023,62.66,62.73,62.33,62.67,2417651
12/5/2023,62.47,63.0697,62.47,62.88,1822903
12/6/2023,63.19,63.2,62.48,62.52,1553119
12/7/2023,62.92,63.175,62.82,63.12,1234577
12/8/2023,62.94,63.41,62.9301,63.37,1194323
12/11/2023,63.18,63.47,63.0799,63.44,1347336
12/12/2023,63.34,63.77,63.205,63.77,1135582
12/13/2023,63.76,64.56,63.76,64.53,1881715
12/14/2023,64.77,64.84,64.05,64.49,1896945
12/15/2023,64.3199,64.66,64.3,64.49,1747577
12/18/2023,64.43,64.98,64.39,64.82,1905254
12/19/2023,64.92,65.15,64.852,65.13,1632244
12/20/2023,65.12,65.45,64.27,64.29,2592123
12/21/2023,64.83,65.0199,64.44,64.96,1979447
12/22/2023,65.1408,65.23,64.715,65,1611362
12/26/2023,65.1,65.31,65.07,65.19,1137750
12/27/2023,65.21,65.36,65.08,65.3,1647144
12/28/2023,65.45,65.53,65.24,65.28,1268056
12/29/2023,65.31,65.3872,64.76,65.06,2284026
1/2/2024,64.43,64.57,63.63,64.02,2657631
1/3/2024,63.64,63.83,63.405,63.48,1755712
1/4/2024,63.32,63.7401,63.1,63.12,2163257
1/5/2024,63.18,63.61,62.97,63.18,1476927
1/8/2024,63.38,64.54,63.38,64.5,2247881
1/9/2024,64.14,64.81,64.045,64.68,1781867
1/10/2024,64.76,65.465,64.76,65.31,2028007
1/11/2024,65.62,65.85,64.75,65.51,2202289
1/12/2024,65.61,65.77,65.33,65.59,1126084
1/16/2024,65.44,65.8,65.21,65.54,2190327
1/17/2024,65.1,65.26,64.63,65.22,1871523
1/18/2024,65.74,66.191,65.5063,66.15,4947060
1/19/2024,66.48,67.22,66.29,67.19,1980640
1/22/2024,67.51,67.7,67.23,67.34,2052326
1/23/2024,67.43,67.58,67.17,67.56,1523171
1/24/2024,68.08,68.56,67.89,67.95,1898978
1/25/2024,68.14,68.4375,67.71,68.12,1871683
1/26/2024,67.97,68.28,67.83,67.95,1400815
1/29/2024,68.06,68.69,67.98,68.67,1775445
1/30/2024,68.64,68.75,68.27,68.36,1749427
1/31/2024,67.66,67.94,66.89,66.93,2681818
2/1/2024,67.31,67.99,67.28,67.98,2362114
2/2/2024,68.31,69.6,68.2,69.38,2058671
2/5/2024,69.54,69.66,68.9212,69.47,1929378
2/6/2024,69.64,69.75,68.9899,69.39,1986892
2/7/2024,69.79,70.37,69.73,70.32,1719073
2/8/2024,70.37,70.5169,70.29,70.41,1696843
2/9/2024,70.65,71.24,70.58,71.18,1726575
2/12/2024,71.17,71.37,70.59,70.74,1868708
2/13/2024,69.46,70.18,69.2999,69.76,2071430
2/14/2024,70.29,70.65,69.8542,70.59,2009713
2/15/2024,70.61,70.71,70.1699,70.69,3082554
2/16/2024,70.82,70.8288,70.12,70.22,1727825
2/20/2024,69.79,70,68.97,69.51,1887753
2/21/2024,69.1,69.39,68.77,69.38,1577651
2/22/2024,70.9,71.74,70.81,71.64,2305306
2/23/2024,71.94,72.17,71.2801,71.49,2036692
2/26/2024,71.66,71.81,71.32,71.32,1439290
2/27/2024,71.47,71.48,71.01,71.43,1267598
2/28/2024,71.2,71.3397,70.98,71.2,1413759
2/29/2024,71.52,71.93,71.07,71.74,1647162
3/1/2024,71.84,72.72,71.84,72.64,2390537
3/4/2024,72.53,72.7335,72.3339,72.34,3565440
3/5/2024,71.89,71.89,70.7811,71.17,2096409
3/6/2024,71.77,71.9,71.19,71.5,2019994
3/7/2024,72,72.755,71.75,72.57,1544563
3/8/2024,72.77,73.35,71.62,71.78,2868784
3/11/2024,71.58,71.62,71.089,71.37,1726524
3/12/2024,71.93,72.79,71.4,72.74,2271573
3/13/2024,72.67,72.67,72.18,72.43,1327923
3/14/2024,72.73,72.86,72.08,72.53,2645684
3/15/2024,71.72,72.0601,71.4401,71.67,2166534
3/18/2024,72.47,72.88,72.19,72.24,1657268
3/19/2024,71.99,72.7154,71.63,72.66,1522489
3/20/2024,72.81,73.5,72.525,73.5,2435870
3/21/2024,74.1,74.1,73.53,73.57,2509557
3/22/2024,73.53,73.91,73.41,73.73,1375134
3/25/2024,73.38,73.68,73.125,73.44,1498875
3/26/2024,73.74,73.775,73.085,73.13,1630047
3/27/2024,73.6,73.61,72.83,73.36,1575374
3/28/2024,73.25,73.395,73.06,73.15,1981468
4/1/2024,73.32,73.69,72.98,73.27,1818844
4/2/2024,72.47,72.81,72.2,72.76,2279043
4/3/2024,72.52,73.315,72.52,73.03,2011177
4/4/2024,73.68,73.81,71.92,71.92,2786131
4/5/2024,72.29,73.35,72.24,73.03,1981547
4/8/2024,73.18,73.2765,72.79,73,1190918
4/9/2024,73.32,73.33,72.17,73,2113005
4/10/2024,72.17,72.695,72.1,72.52,2521896
4/11/2024,72.79,73.8,72.4,73.66,1498360
4/12/2024,73.03,73.29,72.3753,72.63,1677674
4/15/2024,73.18,73.23,71.28,71.33,2522926
4/16/2024,71.4,71.84,71.155,71.35,9668507
4/17/2024,71.79,71.82,70.48,70.66,2478912
4/18/2024,70.84,71.13,70.198,70.3,2097492
4/19/2024,70.09,70.17,68.48,68.71,3053609
4/22/2024,69.22,69.8302,68.6236,69.39,2147777
4/23/2024,69.82,70.59,69.7,70.5,7016620
4/24/2024,71.02,71.13,70.16,70.48,1942849
4/25/2024,69.02,70.26,68.81,70.17,2425768
4/26/2024,71.21,71.79,70.95,71.52,1450834
4/29/2024,71.85,71.91,71.22,71.67,1199193
4/30/2024,71.54,71.89,70.32,70.32,1443396
5/1/2024,70.31,71.39,69.85,70.04,3238394
5/2/2024,70.67,71.015,69.95,70.89,1469941
5/3/2024,72.19,72.3925,71.78,72.25,1597087
5/6/2024,72.52,73.24,72.39,73.23,1478446
5/7/2024,73.34,73.51,73.07,73.2,6726079
5/8/2024,72.8,73.3299,72.8,73.15,1587844
5/9/2024,73.14,73.41,72.92,73.35,2447492
5/10/2024,73.59,73.8,73.1529,73.41,1069534
5/13/2024,73.64,73.64,73.165,73.41,916163
5/14/2024,73.29,73.9885,73.2401,73.89,1299612
5/15/2024,74.2,75.12,74.1,75.1,2399472
5/16/2024,75.06,75.31,74.724,74.74,1693586
5/17/2024,74.91,74.91,74.41,74.75,1482540
5/20/2024,74.77,75.3699,74.77,75.22,1437054
5/21/2024,75.01,75.5289,74.985,75.49,1437278
5/22/2024,75.52,75.61,74.89,75.28,1308363
5/23/2024,76.09,76.21,74.89,75.13,1814445
5/24/2024,75.41,75.985,75.2297,75.87,1378595
5/28/2024,76.19,76.385,75.88,76.35,2098302
5/29/2024,75.75,76.305,75.75,76.04,13175017
5/30/2024,75.65,75.675,74.63,74.86,3359923
5/31/2024,75.1,75.1,73.63,75.01,2468588
6/3/2024,75.55,75.63,74.5401,75.43,2170114
6/4/2024,75.4,75.76,75.09,75.65,2192506
6/5/2024,76.17,77.12,76.06,77.12,4169246
6/6/2024,77.24,77.425,76.81,77.1,2583643
6/7/2024,77.06,77.51,76.79,77.08,1434847
6/10/2024,76.93,77.465,76.78,77.38,1941176
6/11/2024,77.27,78.11,77.01,78.11,1746807
6/12/2024,78.84,79.85,78.69,79.25,3124397
6/13/2024,79.89,79.958,79.22,79.67,1507871
6/14/2024,79.58,79.97,79.43,79.94,1567253
6/17/2024,80,81.11,79.77,80.74,1882583
6/18/2024,80.83,80.96,80.5262,80.95,1720613
6/20/2024,81.31,81.32,79.93,80.35,2405527
6/21/2024,80.2,80.55,79.78,80.08,1796379
6/24/2024,79.82,80.155,79.07,79.11,2245234
6/25/2024,79.5,80.165,79.32,80.08,7102459
6/26/2024,80.03,80.57,79.97,80.52,2053463
6/27/2024,80.53,80.93,80.37,80.72,1730350
6/28/2024,80.89,81.515,80.05,80.13,2382704
7/1/2024,80.37,80.81,79.69,80.71,4889720
7/2/2024,80.33,81.41,80.3,81.41,1918677
7/3/2024,81.32,82.15,81.3,82.11,1266734
7/5/2024,82.23,83,82.2,82.95,1813072
7/8/2024,83.09,83.145,82.82,83.12,1899570
7/9/2024,83.39,83.58,82.97,83.21,1767431
7/10/2024,83.5,84.158,83.29,84.1,1628209
7/11/2024,84.08,84.08,82.1636,82.34,2287958
7/12/2024,82.47,83.5703,82.35,82.87,1886690
7/15/2024,83.39,83.89,82.78,83.14,2057949
7/16/2024,83.42,83.55,82.66,83.15,2561298
7/17/2024,81.75,81.79,80.765,80.78,4568107
7/18/2024,81.45,81.45,79.71,80.27,2271237
7/19/2024,80.2,80.74,79.54,79.73,1569497
7/22/2024,80.64,81.1936,80.27,80.96,2092958
7/23/2024,81.01,81.63,80.88,80.95,11111236
7/24/2024,79.71,79.81,77.77,77.92,11298261
7/25/2024,77.91,78.73,76.39,77.1,4568720
7/26/2024,77.79,78.38,77.4,77.83,1991033
7/29/2024,78.3,78.6317,77.64,77.96,1669539
7/30/2024,78.24,78.4,76.2999,76.96,2508806
7/31/2024,78.61,79.355,78.2702,79.04,2553286
8/1/2024,79.39,80.09,76.88,77.51,4605036
8/2/2024,76.01,76.61,75.02,75.91,5521463
8/5/2024,71.15,74.53,71.01,73.38,7295659
8/6/2024,73.82,75.43,73.19,74.23,3447192
8/7/2024,75.29,75.78,73.39,73.47,2668963
8/8/2024,74.78,75.845,73.96,75.68,2186157
8/9/2024,75.58,76.465,75.46,76.24,1583785
8/12/2024,76.49,76.98,76.08,76.55,1564753
8/13/2024,77.18,78.31,77.18,78.31,1824268
8/14/2024,78.47,78.768,77.77,78.46,1738910
8/15/2024,79.3,80.18,79.2,80.15,2001343
8/16/2024,79.86,80.455,79.72,80.22,1178233
8/19/2024,80.27,81.25,79.98,81.25,1488336
8/20/2024,81.22,81.64,80.894,81.17,1426010
8/21/2024,81.22,81.769,80.95,81.47,1201219
8/22/2024,81.87,81.96,80.15,80.34,1545707
8/23/2024,80.91,81.59,80.44,81.26,1560407
8/26/2024,81.29,81.49,80.36,80.72,1185912
8/27/2024,80.46,81.09,80.12,80.93,1141939
8/28/2024,80.83,80.97,79.6,80.13,1182882
8/29/2024,80.44,81.11,79.7,79.91,1766603
8/30/2024,80.42,80.805,79.74,80.75,1373973
9/3/2024,80.24,80.25,77.8501,78.25,2135332
9/4/2024,77.8,78.645,77.6,78.05,2410528
9/5/2024,77.87,78.92,77.74,78.12,2126439
9/6/2024,78.17,78.39,76.21,76.41,2284214
9/9/2024,77.12,77.4,76.52,77.27,1591794
9/10/2024,77.6,78.03,77.0051,77.97,1528005
9/11/2024,78.15,79.7,76.87,79.54,3568495
9/12/2024,79.72,80.61,79.36,80.46,1442950
9/13/2024,80.59,81.06,80.44,80.86,1204826
9/16/2024,80.49,80.66,80.05,80.61,1262832
9/17/2024,81.11,81.29,80.25,80.65,1251517
9/18/2024,80.85,81.5399,80.315,80.36,2218417
9/19/2024,82.11,82.69,81.82,82.35,1863559
9/20/2024,82.25,82.51,81.73,82.19,1247100
9/23/2024,82.21,82.36,81.9575,82.2,1945133
9/24/2024,82.45,82.645,81.63,82.6,1379003
9/25/2024,82.5,82.99,82.49,82.72,1284201
9/26/2024,83.61,83.64,82.45,82.93,1171297
9/27/2024,83.07,83.07,82.265,82.49,2124150
9/30/2024,82.28,82.96,81.99,82.94,1534218
10/1/2024,82.84,82.84,81.24,81.74,2293736
10/2/2024,81.61,82.09,81.13,81.86,1801529
10/3/2024,81.62,82.34,81.49,81.92,1656910
10/4/2024,82.81,82.88,81.98,82.84,1119770
10/7/2024,82.54,82.76,81.8442,81.97,1271945
10/8/2024,82.51,83.31,82.43,83.21,1386311
10/9/2024,83.24,83.86,83.05,83.79,1170275
10/10/2024,83.44,84,83.2301,83.72,1057975
10/11/2024,83.54,84.08,83.44,83.9,915356
10/14/2024,84.33,84.9099,84.28,84.71,1268129
10/15/2024,84.78,84.87,83.44,83.73,1413782
10/16/2024,83.71,83.975,83.18,83.89,1296662
10/17/2024,84.73,84.775,83.984,84.02,1613594
10/18/2024,84.46,84.65,84.29,84.48,1067389
10/21/2024,84.3,84.82,84.08,84.82,1559664
10/22/2024,84.34,85.095,84.18,84.84,1536646
10/23/2024,84.56,84.5729,82.9693,83.56,1415995
10/24/2024,83.99,84.18,83.58,84.05,1211955
10/25/2024,84.45,85.21,84.29,84.48,1314043
10/28/2024,85.17,85.17,84.5499,84.6,1345917
10/29/2024,84.57,85.455,84.32,85.23,8061448
10/30/2024,85.2,85.455,84.6399,84.86,6834586
10/31/2024,83.92,83.92,82.35,82.37,3189359
11/1/2024,82.77,83.58,82.7,82.96,2223437
11/4/2024,82.88,83.23,82.475,82.7,2163088
11/5/2024,82.94,83.92,82.94,83.84,1544937
11/6/2024,85.39,86.11,85.02,86.02,2195612
11/7/2024,86.41,87.43,86.41,87.35,2168580
11/8/2024,87.38,87.78,87.29,87.59,1971618
11/11/2024,87.82,87.87,87.03,87.48,6299889
11/12/2024,87.5,87.7,86.991,87.5,2893135
11/13/2024,87.55,87.945,87.1,87.48,1822322
11/14/2024,87.4501,87.57,86.75,86.91,1682315
11/15/2024,86.052,86.14,84.79,85.16,2068988
11/18/2024,85.2101,85.79,84.94,85.46,1761120
11/19/2024,84.99,86.36,84.98,86.31,1890101
11/20/2024,86.3,86.34,85.15,86.24,3165323
11/21/2024,86.83,86.89,85.2,86.3,2627437
11/22/2024,86.2101,86.46,85.9372,86.3,1502944
11/25/2024,86.92,87.1,85.9433,86.37,4498039
11/26/2024,86.73,87.24,86.66,87.15,2313698
11/27/2024,86.94,86.9599,86.095,86.58,1124223
11/29/2024,86.7,87.44,86.6,87.36,758752
12/2/2024,87.5,88.195,87.47,88.04,2189608
12/3/2024,87.92,88.515,87.82,88.46,1707835
12/4/2024,89.04,89.68,89,89.61,1378852
12/5/2024,89.72,89.8696,89.46,89.55,1193533
12/6/2024,89.66,90.19,89.6301,90.09,1527352
12/9/2024,89.9,90.02,89.2801,89.57,5246000
12/10/2024,89.75,90.21,89.14,89.35,7036166
12/11/2024,89.96,90.915,89.96,90.82,1772563
12/12/2024,90.52,90.68,90.2,90.22,2412789
12/13/2024,90.77,91.01,89.9223,90.4,1644003
12/16/2024,90.79,91.49,90.6,91.38,1699992
12/17/2024,91,91.229,90.58,91.05,1659835
12/18/2024,91.05,91.4599,87.88,88.02,3173780
12/19/2024,89.08,89.19,88.085,88.17,2375042
12/20/2024,87.7,89.9899,87.28,89.14,2730298
12/23/2024,89.18,89.97,88.47,89.93,2322507
12/24/2024,90.235,91.12,90.11,91.12,943605
12/26/2024,90.9,91.23,90.41,91,1407118
12/27/2024,90.38,90.43,88.9,89.65,1384469
12/30/2024,88.32,89.34,88.01,88.67,1740181
12/31/2024,88.94,88.965,87.7352,87.9,2218142
1/2/2025,88.41,88.88,87.03,87.86,3257625
1/3/2025,88.36,89.5,88.35,89.37,2242835
1/6/2025,90.4038,90.9117,89.96,90.36,2023843
1/7/2025,90.71,90.71,88.3312,88.65,2644291
1/8/2025,88.77,89.092,88.0107,88.76,2362222
1/10/2025,88.25,88.2587,86.91,87.53,2114718
1/13/2025,86.25,87.255,86.1312,87.24,1894732
1/14/2025,87.82,87.95,86.51,87.03,1836400
1/15/2025,88.4,89.26,88.0706,89.11,1918169
1/16/2025,89.5682,89.5682,88.695,88.73,1447896
1/17/2025,89.9381,90.2648,89.4456,89.89,1978285
1/21/2025,90.6,90.89,89.85,90.81,2592096
1/22/2025,91.78,92.1864,91.63,91.92,5132923
1/23/2025,91.612,92.37,91.5,92.37,2362836
1/24/2025,92.45,92.76,91.7101,92.02,1702110
1/27/2025,88.31,89.3999,88.02,88.68,3057673
1/28/2025,89.205,90.566,88.36,90.46,2734272
1/29/2025,90.245,90.2699,89.18,89.84,2197821
1/30/2025,90.37,90.8599,89.59,90.65,2091966
1/31/2025,91.1,91.79,90.055,90.2,2155398
2/3/2025,88.4,89.885,88.13,89.45,3422154
2/4/2025,89.81,90.489,89.65,90.43,1629411
2/5/2025,90.19,90.81,89.93,90.81,1373020
2/6/2025,91.105,91.54,90.82,91.54,1800930
2/7/2025,91.65,92,90.5,90.69,2018401
2/10/2025,91.195,91.675,91.12,91.45,1289523
2/11/2025,91.01,91.396,90.6953,91.17,1402270
2/12/2025,90.12,91.1701,90,90.96,2212346
2/13/2025,91.16,92.165,90.93,92.12,2005389
2/14/2025,92.1812,92.41,91.9883,92.33,1309637
2/18/2025,92.63,92.73,91.8,92.36,2271854
2/19/2025,92.12,92.5473,91.779,92.39,1485855
2/20/2025,92.1254,92.18,90.99,91.71,1309946
2/21/2025,91.87,91.87,89.4779,89.59,2074726
2/24/2025,90.0493,90.22,88.48,88.64,1541951
2/25/2025,88.55,88.55,86.8,87.69,2222713
2/26/2025,88.26,89.25,87.81,88.31,1967423
2/27/2025,88.94,89.03,85.965,86.03,1948411
2/28/2025,85.9,87.68,85.41,87.59,2337036
3/3/2025,87.95,88.12,84.735,85.42,3080815
3/4/2025,84.48,86.07,83.15,84.6,7778706
3/5/2025,84.7,86.0668,84.05,85.77,2969899
3/6/2025,84.36,85.14,82.95,83.31,3318184
3/7/2025,83.1499,83.89,81.545,83.63,3220823
3/10/2025,82,82.14,79.6232,80.49,3601821
3/11/2025,80.252,81.5051,79.52,80.34,4670008
3/12/2025,81.91,82.21,80.55,81.58,12940326
3/13/2025,81.54,81.54,79.78,80.05,4149307
3/14/2025,81.035,82.2299,80.85,82.11,3000092
3/17/2025,82.03,82.8999,81.75,82.36,1959342
3/18/2025,81.83,81.89,80.58,80.96,2052119
3/19/2025,81.42,83.004,81.085,82.22,2485541
3/20/2025,81.565,82.959,81.4633,82.01,1921846
3/21/2025,81.31,82.375,81.045,82.26,1627765
3/24/2025,83.468,84.29,83.35,84.13,2724083
3/25/2025,84.4023,84.5899,84.02,84.5,1896862
3/26/2025,84.2991,84.34,82.4,82.68,1541060
3/27/2025,82.2699,83.03,81.88,82.16,1867548
3/28/2025,81.94,82.05,79.9301,80.12,1922884
3/31/2025,78.78,80.49,78,80.37,2575842
4/1/2025,80.01,81.22,79.55,80.95,3768145
4/2/2025,79.8,82.2,79.7301,81.62,2171956
4/3/2025,77.94,78.6664,77.09,77.19,3876768
4/4/2025,74.835,75.24,72.4,72.45,10702430
4/7/2025,69.57,75.7,68.65,72.84,11279650
4/8/2025,75.785,76.41,70.68,71.83,7073356
4/9/2025,71.76,80.38,71.55,79.99,6837395
4/10/2025,78.035,78.23,74.45,76.88,6153422
4/11/2025,76.79,78.57,76.13,78.29,4213115
4/14/2025,80,80.02,78.04,78.76,2700718
4/15/2025,78.97,79.535,78.57,78.8,2087073
4/16/2025,77.3,77.89,75.4717,76.55,2418477
4/17/2025,77.26,77.2705,76.11,76.58,2407337
4/21/2025,75.565,75.67,73.51,74.42,2204359
4/22/2025,75.5,76.86,75.11,76.44,2468002
4/23/2025,79.1156,79.7925,77.97,78.25,2369450
4/24/2025,78.55,80.44,78.4,80.36,2047112
4/25/2025,80.66,81.67,80.29,81.54,2489133
4/28/2025,81.615,81.92,80.37,81.44,1837564
4/29/2025,81.089,82.1289,81.0225,81.99,1628429
4/30/2025,80.5715,82.26,79.75,82,2296902
5/1/2025,83.4424,83.96,82.86,82.97,2068271
5/2/2025,84.055,84.83,83.76,84.47,2158695
5/5/2025,83.75,84.58,83.67,84.06,1884615
5/6/2025,83.01,83.88,82.8302,83.32,1259543
5/7/2025,83.39,83.94,82.53,83.58,1679166
5/8/2025,84.29,84.9371,83.55,84.2,2139918
5/9/2025,84.4,84.6499,83.68,84.05,1428398
5/12/2025,87.04,87.3,86.11,87.3,2212792
5/13/2025,87.68,89.1,87.485,88.79,3314685
5/14/2025,89.16,89.58,88.9,89.43,2635414
5/15/2025,89.03,89.82,88.78,89.46,2007501
5/16/2025,89.79,90.04,89.21,90.03,1617744
5/19/2025,88.78,90.155,88.74,90.05,1765954
5/20/2025,89.7494,89.82,89.04,89.62,1750990
5/21/2025,88.91,90,87.99,88.25,2236261
5/22/2025,88.35,89.1365,88.12,88.52,1646902
5/23/2025,87.31,88.34,87.222,87.83,3179273
5/27/2025,88.96,89.955,88.78,89.89,1659104
5/28/2025,90.065,90.31,89.4301,89.56,1161175
5/29/2025,90.76,90.8,89.43,89.9,1394831
5/30/2025,89.7785,89.99,88.59,89.69,3031701
6/2/2025,89.41,90.415,89.14,90.39,1926883
6/3/2025,90.5,91.2282,90.35,91,1974392
6/4/2025,91.13,91.36,90.8,91.18,2115315
6/5/2025,91.42,91.76,90.0905,90.49,2376768
6/6/2025,91.392,91.765,91.11,91.43,1352643
6/9/2025,91.485,91.675,91.19,91.48,7397239
6/10/2025,91.615,92.04,91.1,91.95,2899097
6/11/2025,92.22,92.49,91.465,91.79,2537319
6/12/2025,91.55,92.31,91.5,92.17,1530420
6/13/2025,91.105,91.81,90.75,91.01,3041133
6/16/2025,91.67,92.4885,91.62,92.13,3937387
6/17/2025,91.65,92.02,91.23,91.37,2340558
6/18/2025,91.54,92.03,91.1,91.27,2007229
6/20/2025,91.71,91.79,90.49,90.69,2026271
6/23/2025,90.645,91.76,90.21,91.68,2609144
6/24/2025,92.635,93.17,92.405,93.03,5861920
6/25/2025,93.42,93.6799,93.11,93.37,2071588
6/26/2025,93.72,94.3465,93.4699,94.24,2001734
6/27/2025,94.4,95,94.02,94.79,2152698
6/30/2025,95.37,95.53,94.94,95.32,2727330
7/1/2025,94.85,95.0201,93.908,94.33,2926722
7/2/2025,94.28,95.055,94.24,95.05,2290215
7/3/2025,95.4966,96.14,95.463,96.07,1076648
7/7/2025,95.69,95.76,94.9046,95.35,2280523
7/8/2025,95.6,95.62,94.97,95.14,1960518
7/9/2025,95.605,96.16,95.57,96,1833456
7/10/2025,96.155,96.23,95.48,96.09,1420302
7/11/2025,95.6,96.13,95.495,95.84,1388486
7/14/2025,95.87,96.335,95.54,96.19,1405732
7/15/2025,97.01,97.07,96.25,96.25,1759929
7/16/2025,96.55,96.64,95.5702,96.53,2173833
7/17/2025,96.68,97.3199,96.585,97.22,1762837
7/18/2025,97.47,97.57,97,97.27,1533469
7/21/2025,97.448,97.95,97.42,97.56,1671692
7/22/2025,97.53,97.62,96.39,96.97,1425009
7/23/2025,97.4899,97.885,97.07,97.88,1685801
7/24/2025,98.2,98.32,97.77,98.07,2165236
7/25/2025,98.21,98.76,98.18,98.56,1326288
7/28/2025,98.76,98.95,98.57,98.91,1648729
7/29/2025,99.225,99.35,98.3753,98.47,1461334
7/30/2025,98.6,99.1,98.12,98.75,2169613
7/31/2025,100.17,100.17,98.42,98.56,5165575
8/1/2025,97.335,97.4499,96.3,96.76,2825708
8/4/2025,97.6499,98.635,97.52,98.6,2403714
8/5/2025,98.68,98.89,97.66,97.9,3670195
8/6/2025,97.975,99.07,97.9,99.01,1465781
8/7/2025,99.435,99.569,97.92,98.66,1630033
8/8/2025,98.95,99.48,98.8243,99.33,1782013
8/11/2025,99.33,99.7601,98.96,99.18,1803254
8/12/2025,99.57,100.305,99.1,100.29,1853427
8/13/2025,100.65,100.76,99.75,100.13,1980120
8/14/2025,99.87,100.502,99.78,100.26,1688317
8/15/2025,100.38,100.44,99.69,99.97,1857032
8/18/2025,99.825,100.125,99.6402,100.06,1448242
8/19/2025,100.04,100.04,98.62,98.82,1965199
8/20/2025,98.64,98.6767,97.06,98.38,2456402
8/21/2025,98.115,98.475,97.58,97.96,7018804
8/22/2025,98.125,99.792,97.92,99.54,2757717
8/25/2025,99.38,99.91,99.16,99.37,1624719
8/26/2025,99.37,99.99,99.14,99.94,1484560
8/27/2025,99.83,100.26,99.61,100.09,1440447
8/28/2025,100.12,100.78,99.81,100.62,2046382
8/29/2025,100.265,100.33,99.11,99.49,1989049
9/2/2025,97.93,98.66,97.52,98.63,3810154
9/3/2025,99.34,99.83,99.01,99.6,2353208
9/4/2025,99.8,100.57,99.505,100.53,1863855
9/5/2025,101.3174,101.4,99.61,100.45,2598825
9/8/2025,100.9,101.34,100.89,100.97,1883348
9/9/2025,101.12,101.48,100.63,101.44,1536868
9/10/2025,102.52,102.93,102.05,102.41,2326752
9/11/2025,102.86,103.05,102.42,102.89,2655509
9/12/2025,102.95,103.29,102.77,103.04,1984106
9/15/2025,103.54,104.08,103.51,104.06,1875101
9/16/2025,104.15,104.155,103.6501,103.8,2250319
9/17/2025,103.65,103.82,102.41,103.28,3113427
9/18/2025,103.97,104.5,103.67,104.01,2085248
9/19/2025,104.35,104.83,104.13,104.72,2520094
9/22/2025,104.315,105.41,104.2733,105.31,1915114
9/23/2025,105.3,105.32,104.01,104.27,12729935
9/24/2025,104.555,104.6055,103.4,103.82,2174710
9/25/2025,102.9703,103.62,102.38,103.22,2353918
9/26/2025,103.49,103.74,102.88,103.68,1794672
9/29/2025,104.21,104.61,103.76,104.06,1490619
9/30/2025,103.995,104.59,103.61,104.51,2221174
10/1/2025,103.9,105.15,103.81,104.95,2626089
10/2/2025,105.575,105.575,104.74,105.14,2057464
10/3/2025,105.295,105.44,104.47,104.83,2775167
10/6/2025,104.9855,105.5099,104.74,105.32,2081472
10/7/2025,105.4,105.585,104.3845,104.75,2716961
10/8/2025,104.975,105.64,104.96,105.62,1767194
10/9/2025,105.8,105.84,105.25,105.68,1873199
10/10/2025,105.86,106.22,102.38,102.4,3970374
10/13/2025,104.05,104.725,103.8,104.56,1825916
10/14/2025,103.41,104.555,102.34,103.73,2194665
10/15/2025,104.7887,105.18,103.2,104.23,1649653
10/16/2025,104.633,105.08,103.02,103.71,2686846
10/17/2025,103.315,104.41,102.94,104.24,3528665
10/20/2025,104.67,105.335,104.59,105.15,1530023
10/21/2025,105.12,105.225,104.72,104.94,3399282
10/22/2025,105.175,105.28,103.43,104.34,2952752
10/23/2025,104.26,105.3389,104.235,105.12,2111580
10/24/2025,105.95,106.5,105.835,106.23,1591016
10/27/2025,107.46,107.975,107.2601,107.9,2077864
10/28/2025,108.3499,109.1,107.95,108.71,2015603
10/29/2025,109.26,109.625,108.4,109.39,4284698
10/30/2025,108.7,108.91,107.7,107.7,2579144
10/31/2025,108.86,108.93,107.63,108.06,2722491
11/3/2025,108.97,108.99,108.215,108.6,2510980
11/4/2025,106.99,107.73,106.52,106.63,2163611
11/5/2025,106.63,107.7955,106.3645,107.02,3170730
11/6/2025,106.95,106.99,105.11,105.44,3681835
11/7/2025,104.85,105.27,103.25,105.23,3999870
11/10/2025,106.75,107.84,106.51,107.66,2502760
11/11/2025,107.1,107.45,106.5758,107.3,2011891
11/12/2025,107.75,107.82,106.49,107.05,2141864
11/13/2025,106.4,106.48,104.32,104.71,3876056
11/14/2025,103.165,105.4499,102.78,104.81,4699281
11/17/2025,104.41,105.43,103.3,104.01,6530893
11/18/2025,103.3,103.777,101.99,103.11,11419254
11/19/2025,103.11,104.63,102.87,103.76,5356092
11/20/2025,106.04,106.49,101.77,101.94,7045799
11/21/2025,102.36,103.76,101.04,102.6,5952655
11/24/2025,103.47,106.07,103.39,106.07,13620618
11/25/2025,104.89,106.09,103.77,105.9,3527706
11/26/2025,106.47,106.9015,106.055,106.63,2645631
11/28/2025,106.882,107.04,106.605,107.04,1212846
12/1/2025,106.145,106.97,105.92,106.51,5204605
12/2/2025,106.9,107.44,106.43,106.82,4576861
12/3/2025,106.56,107.278,106.2,107.03,2467556
12/4/2025,107.55,107.59,106.8945,107.47,1531628
12/5/2025,107.7,108.2001,107.49,107.82,1855957
12/8/2025,108,108.13,107.06,107.46,1732542
12/9/2025,107.3,107.69,107.065,107.42,1891718
12/10/2025,107.3,108.11,106.91,107.86,4344974
12/11/2025,107.195,107.7942,106.37,107.75,4442026
12/12/2025,107.449,107.535,105.4,105.99,3234636
12/15/2025,106.755,106.755,105.41,105.7,1857950
12/16/2025,105.345,106.096,105,105.85,3156381
12/17/2025,105.9,105.94,103.7901,103.83,4711801
12/18/2025,105.12,105.71,104.7,105.09,2085232
12/19/2025,105.565,106.47,105.565,106.44,2328391
12/22/2025,107.19,107.2,106.565,107.07,1687432
12/23/2025,106.89,107.97,106.88,107.93,1525582
12/24/2025,107.875,108.23,107.8,108.21,932277
12/26/2025,108.31,108.54,108.045,108.19,2072759
12/29/2025,107.39,107.814,107.24,107.64,1528531
12/30/2025,107.579,107.865,107.45,107.48,1910290
12/31/2025,107.71,107.71,106.66,106.7,1803509
1/2/2026,107.625,108.14,106.19,106.75,3322640
1/5/2026,107.51,107.7546,106.97,107.16,3378856
1/6/2026,107.365,107.835,107,107.74,7864005
1/7/2026,107.78,108.71,107.605,108.01,6504515
1/8/2026,108.01,108.09,106.71,107.1,2579032
1/9/2026,107.29,108.165,107.05,107.92,3291138
1/12/2026,107.245,108.62,107.23,108.29,2111130
1/13/2026,108.36,108.665,107.65,108.1,4494024
1/14/2026,107.44,107.53,106.05,106.83,4797661
1/15/2026,107.87,108.07,107,107.19,3016570
1/16/2026,107.73,107.95,106.93,107.28,3040580
1/20/2026,105.33,105.94,104.51,104.68,7993321
1/21/2026,104.83,106.405,104.46,105.67,10056055
1/22/2026,106.745,106.82,106.035,106.51,3326574
1/23/2026,106.535,107.385,106.26,106.95,3083242
1/26/2026,107.04,108,106.895,107.64,3026636
1/27/2026,108.212,108.9099,108.13,108.66,4487792
1/28/2026,109.06,109.12,108.285,108.79,3885189
1/29/2026,108.615,108.75,105.955,108.18,5001495
1/30/2026,107.75,108.25,106.86,107.25,5512633
2/2/2026,106.8,108.0998,106.7138,107.63,3950583
2/3/2026,108.06,108.125,104.88,105.86,8584815
2/4/2026,105.75,105.87,102.97,103.99,7841687
2/5/2026,102.74,103.5825,101.74,102.38,8923084
2/6/2026,103.18,105.2555,102.92,104.96,4827211
2/9/2026,104.8,106.64,104.5,106.09,4742404
2/10/2026,106.37,106.46,105.435,105.53,7413036
2/11/2026,106.47,106.65,104.69,105.3,5143466
2/12/2026,105.8,105.87,103.28,103.45,9398495
2/13/2026,103.52,103.94,102.52,103.01,10378716
2/17/2026,102.48,103.875,101.75,103.35,7466870
2/18/2026,103.73,104.675,103.43,104.02,4155101
2/19/2026,103.68,104.17,103.22,103.87,6595663
2/20/2026,103.48,105.14,103.35,104.89,9106800
2/23/2026,104.82,105.05,103.17,103.61,7301400
2/24/2026,103.53,104.535,102.7,104.35,4577822
2/25/2026,104.995,105.91,104.97,105.82,2765802
2/26/2026,105.68,105.73,103.3566,104.51,9076790
2/27/2026,103.08,103.87,102.92,103.57,5645353
3/2/2026,102.07,104.065,101.95,103.73,12792275
3/3/2026,101.76,103.06,100.9199,102.72,12079526
3/4/2026,103.05,104.31,102.94,103.87,8492090
3/5/2026,103.535,104.25,102.49,103.77,8484631
3/6/2026,102.255,103.21,101.86,102.12,7436124
3/9/2026,101.08,103.955,100.72,103.75,11170614
3/10/2026,103.79,104.71,103.35,103.8,11238531
3/11/2026,104.0475,104.61,103.3,103.87,9126553
3/12/2026,103.045,103.14,101.86,102.09,8131819
3/13/2026,102.54,103.07,100.92,101.09,8435448
3/16/2026,102.1,103.06,102.025,102.37,5926700
3/17/2026,102.825,103.15,102.23,102.57,3518687
3/18/2026,102.235,102.605,101.255,101.28,3694583
3/19/2026,100.255,101.33,99.83,100.86,7482127
3/20/2026,100.51,100.6,98.23,98.91,7356137
3/23/2026,100.355,101.29,99.75,100.02,8675132
3/24/2026,99.355,99.74,98.83,99.11,4645336
3/25/2026,100.06,100.52,99.45,99.71,4105275
3/26/2026,98.735,98.9025,96.82,96.85,4105055
3/27/2026,96.28,96.32,94.665,94.81,4223392
3/30/2026,95.73,95.83,93.61,94.07,5656644
3/31/2026,95.365,98.095,95.3,97.91,7165580
4/1/2026,98.81,99.93,98.59,99.2,6298593
4/2/2026,97.38,99.53,96.95,99.26,4458523
4/6/2026,99.41,99.92,99.095,99.69,3430770
4/7/2026,99.46,100.195,98.28,100.16,3500273
4/8/2026,104.01,104.14,102.44,103.19,5600951
4/9/2026,103.19,104.14,102.645,104,2665503
4/10/2026,104.48,104.99,104.24,104.47,2841498
4/13/2026,104.19,105.785,103.96,105.75,2520943
4/14/2026,106.44,107.95,106.3834,107.95,4030823
4/15/2026,108.31,109.43,108.13,109.37,2726421
4/16/2026,109.695,109.83,108.755,109.59,4085493
4/17/2026,110.51,111.38,110.425,111.11,2822946
4/20/2026,110.79,110.97,109.8,110.56,5678822
4/21/2026,110.81,110.98,109.52,109.81,6343969
4/22/2026,110.76,111.79,110.54,111.77,2566242
4/23/2026,111.25,111.74,109.54,110.59,3087012
4/24/2026,111.09,112.485,110.78,112.34,2480722
4/27/2026,112.21,112.98,111.75,112.94,1828536
4/28/2026,111.46,112.05,111.08,111.82,3328779
4/29/2026,111.66,111.9,110.86,111.52,2981884
4/30/2026,112.3,112.5801,110.63,112.39,3591683
5/1/2026,112.79,113.59,112.65,113.02,3014400
5/4/2026,113.155,113.48,112.12,112.88,2744088
5/5/2026,113.73,114.045,113.43,113.75,2215801
5/6/2026,114.905,116.395,114.671,116.28,2214715
5/7/2026,116.705,117.195,115.74,116.12,3599798
5/8/2026,116.8,117.605,116.63,117.56,2214081
5/11/2026,117.04,118.3941,116.93,117.91,2861356
5/12/2026,117.37,117.71,116,117.53,4631885
5/13/2026,117.81,119.215,116.9601,118.83,2065336
5/14/2026,119.075,120.42,118.9891,120.28,1859028
5/15/2026,118.86,119.51,117.89,118.37,2620510
5/18/2026,118.6,118.62,116.57,117.57,2917961
5/19/2026,116.87,117.32,115.86,116.39,2441333
5/20/2026,116.97,118.1,116.5,118.04,2803801
5/21/2026,117.705,118.86,117.28,118.28,2545083
5/22/2026,118.9,119.2,118.19,118.28,1652604
5/26/2026,119.28,120.14,119.1401,119.76,2961989
5/27/2026,119.855,119.97,119.09,119.72,1856818
5/28/2026,119.58,120.98549,119.45,120.81,2564713
5/29/2026,121.135,121.925,120.9,121.5,3031039
